/* SPDX-License-Identifier: GPL-2.0 */
/*
 * Copyright (c) 2019 MediaTek Inc.
 */
/*****************************************************************************
 *
 * Filename:
 * ---------
 *	 s5k3p9_Sensor_setting.h
 *
 * Project:
 * --------
 * Description:
 * ------------
 *	 CMOS sensor header file
 *
 ****************************************************************************/
#ifndef _S5KGD2SP_SENSOR_SETTING_H
#define _S5KGD2SP_SENSOR_SETTING_H

#include "kd_camera_typedef.h"

static u16 s5kgd2_init_setting[] = {
	//Global
	0x0136, 0x1800,
	0x013E, 0x0000,
	0x6028, 0x2001,
	0x602A, 0xEF60,
	0x6F12, 0x10B5,
	0x6F12, 0x0B49,
	0x6F12, 0x0948,
	0x6F12, 0x0B4A,
	0x6F12, 0xC1F8,
	0x6F12, 0x8C07,
	0x6F12, 0x0A4C,
	0x6F12, 0x101A,
	0x6F12, 0xC1F8,
	0x6F12, 0x9007,
	0x6F12, 0x207A,
	0x6F12, 0x08B1,
	0x6F12, 0xFFF7,
	0x6F12, 0xB2FD,
	0x6F12, 0x607A,
	0x6F12, 0x0028,
	0x6F12, 0x03D0,
	0x6F12, 0xBDE8,
	0x6F12, 0x1040,
	0x6F12, 0x00F0,
	0x6F12, 0xAEB8,
	0x6F12, 0x10BD,
	0x6F12, 0x2001,
	0x6F12, 0xF1B4,
	0x6F12, 0x2001,
	0x6F12, 0x8400,
	0x6F12, 0x2002,
	0x6F12, 0x3600,
	0x6F12, 0x2001,
	0x6F12, 0xEEF4,
	0x6F12, 0x0000,
	0x6F12, 0x0000,
	0x6F12, 0x2DE9,
	0x6F12, 0xF047,
	0x6F12, 0x554E,
	0x6F12, 0x0446,
	0x6F12, 0x90B0,
	0x6F12, 0x3078,
	0x6F12, 0x0D46,
	0x6F12, 0x0028,
	0x6F12, 0x2BD0,
	0x6F12, 0xD4F8,
	0x6F12, 0x04A0,
	0x6F12, 0x0024,
	0x6F12, 0x4022,
	0x6F12, 0x51A1,
	0x6F12, 0x6846,
	0x6F12, 0x00F0,
	0x6F12, 0xC7F8,
	0x6F12, 0x0027,
	0x6F12, 0x3846,
	0x6F12, 0x05EB,
	0x6F12, 0x4401,
	0x6F12, 0x01F1,
	0x6F12, 0x8041,
	0x6F12, 0xC882,
	0x6F12, 0x641C,
	0x6F12, 0x102C,
	0x6F12, 0xF7DB,
	0x6F12, 0x0024,
	0x6F12, 0xB046,
	0x6F12, 0x4FF4,
	0x6F12, 0x0059,
	0x6F12, 0x98F8,
	0x6F12, 0x0100,
	0x6F12, 0x0128,
	0x6F12, 0x26D0,
	0x6F12, 0x4E46,
	0x6F12, 0x00F0,
	0x6F12, 0xB7F8,
	0x6F12, 0x08EB,
	0x6F12, 0xC000,
	0x6F12, 0x3844,
	0x6F12, 0x807C,
	0x6F12, 0xA042,
	0x6F12, 0x40D1,
	0x6F12, 0x08EB,
	0x6F12, 0x4700,
	0x6F12, 0x4088,
	0x6F12, 0x7043,
	0x6F12, 0x400B,
	0x6F12, 0x4845,
	0x6F12, 0x1BD8,
	0x6F12, 0x0021,
	0x6F12, 0x1EE0,
	0x6F12, 0x4D48,
	0x6F12, 0x0022,
	0x6F12, 0x0168,
	0x6F12, 0x0E0C,
	0x6F12, 0x8FB2,
	0x6F12, 0x3946,
	0x6F12, 0x3046,
	0x6F12, 0xFFF7,
	0x6F12, 0x73FE,
	0x6F12, 0x2946,
	0x6F12, 0x2046,
	0x6F12, 0x00F0,
	0x6F12, 0xA0F8,
	0x6F12, 0x10B0,
	0x6F12, 0x3946,
	0x6F12, 0x3046,
	0x6F12, 0xBDE8,
	0x6F12, 0xF047,
	0x6F12, 0x0122,
	0x6F12, 0xFFF7,
	0x6F12, 0x67BE,
	0x6F12, 0x1DF8,
	0x6F12, 0x0410,
	0x6F12, 0x5AF8,
	0x6F12, 0x2160,
	0x6F12, 0xD4E7,
	0x6F12, 0xB0FA,
	0x6F12, 0x80F1,
	0x6F12, 0xC1F1,
	0x6F12, 0x1201,
	0x6F12, 0xC9B2,
	0x6F12, 0x05EB,
	0x6F12, 0x4402,
	0x6F12, 0x02F1,
	0x6F12, 0x8042,
	0x6F12, 0xC840,
	0x6F12, 0xD086,
	0x6F12, 0xE017,
	0x6F12, 0x04EB,
	0x6F12, 0x9072,
	0x6F12, 0x9010,
	0x6F12, 0x05EB,
	0x6F12, 0x4000,
	0x6F12, 0x00F1,
	0x6F12, 0x8040,
	0x6F12, 0x1630,
	0x6F12, 0x0388,
	0x6F12, 0x22F0,
	0x6F12, 0x0302,
	0x6F12, 0xA21A,
	0x6F12, 0x9200,
	0x6F12, 0x9140,
	0x6F12, 0x1943,
	0x6F12, 0x0180,
	0x6F12, 0x7F1C,
	0x6F12, 0x1FE0,
	0x6F12, 0x4E45,
	0x6F12, 0x01D8,
	0x6F12, 0x0020,
	0x6F12, 0x04E0,
	0x6F12, 0xB6FA,
	0x6F12, 0x86F0,
	0x6F12, 0xC0F1,
	0x6F12, 0x1200,
	0x6F12, 0xC0B2,
	0x6F12, 0x05EB,
	0x6F12, 0x4401,
	0x6F12, 0x01F1,
	0x6F12, 0x8041,
	0x6F12, 0xC640,
	0x6F12, 0xCE86,
	0x6F12, 0xE117,
	0x6F12, 0x04EB,
	0x6F12, 0x9172,
	0x6F12, 0x9110,
	0x6F12, 0x05EB,
	0x6F12, 0x4101,
	0x6F12, 0x01F1,
	0x6F12, 0x8041,
	0x6F12, 0x1631,
	0x6F12, 0x0B88,
	0x6F12, 0x22F0,
	0x6F12, 0x0302,
	0x6F12, 0xA21A,
	0x6F12, 0x9200,
	0x6F12, 0x9040,
	0x6F12, 0x1843,
	0x6F12, 0x0880,
	0x6F12, 0x641C,
	0x6F12, 0x402C,
	0x6F12, 0x8EDB,
	0x6F12, 0x2048,
	0x6F12, 0x1321,
	0x6F12, 0x05F1,
	0x6F12, 0x8045,
	0x6F12, 0x90F8,
	0x6F12, 0x7428,
	0x6F12, 0x41EA,
	0x6F12, 0x0221,
	0x6F12, 0x90F8,
	0x6F12, 0x7528,
	0x6F12, 0x41EA,
	0x6F12, 0x0231,
	0x6F12, 0xA981,
	0x6F12, 0x90F8,
	0x6F12, 0x3201,
	0x6F12, 0xE881,
	0x6F12, 0x10B0,
	0x6F12, 0xBDE8,
	0x6F12, 0xF087,
	0x6F12, 0x10B5,
	0x6F12, 0x1748,
	0x6F12, 0x0022,
	0x6F12, 0xAFF2,
	0x6F12, 0x4F11,
	0x6F12, 0x036A,
	0x6F12, 0x1648,
	0x6F12, 0x9847,
	0x6F12, 0x1249,
	0x6F12, 0x0860,
	0x6F12, 0x10BD,
	0x6F12, 0x2001,
	0x6F12, 0xF180,
	0x6F12, 0x0001,
	0x6F12, 0x0203,
	0x6F12, 0x0001,
	0x6F12, 0x0203,
	0x6F12, 0x0405,
	0x6F12, 0x0607,
	0x6F12, 0x0405,
	0x6F12, 0x0607,
	0x6F12, 0x0809,
	0x6F12, 0x0A0B,
	0x6F12, 0x0809,
	0x6F12, 0x0A0B,
	0x6F12, 0x0C0D,
	0x6F12, 0x0E0F,
	0x6F12, 0x0C0D,
	0x6F12, 0x0E0F,
	0x6F12, 0x0001,
	0x6F12, 0x0203,
	0x6F12, 0x0001,
	0x6F12, 0x0203,
	0x6F12, 0x0405,
	0x6F12, 0x0607,
	0x6F12, 0x0405,
	0x6F12, 0x0607,
	0x6F12, 0x0809,
	0x6F12, 0x0A0B,
	0x6F12, 0x0809,
	0x6F12, 0x0A0B,
	0x6F12, 0x0C0D,
	0x6F12, 0x0E0F,
	0x6F12, 0x0C0D,
	0x6F12, 0x0E0F,
	0x6F12, 0x2001,
	0x6F12, 0xF1B0,
	0x6F12, 0x2000,
	0x6F12, 0x3960,
	0x6F12, 0x2000,
	0x6F12, 0x8A80,
	0x6F12, 0x0000,
	0x6F12, 0x38FD,
	0x6F12, 0x4CF2,
	0x6F12, 0xAB5C,
	0x6F12, 0xC0F2,
	0x6F12, 0x020C,
	0x6F12, 0x6047,
	0x6F12, 0x44F2,
	0x6F12, 0x4D5C,
	0x6F12, 0xC0F2,
	0x6F12, 0x010C,
	0x6F12, 0x6047,
	0x6F12, 0x43F6,
	0x6F12, 0xFD0C,
	0x6F12, 0xC0F2,
	0x6F12, 0x000C,
	0x6F12, 0x6047,
	0x6F12, 0x0000,
	0x6F12, 0x0842,
	0x6F12, 0x0000,
	0x6F12, 0x0001,
	0x6F12, 0xFFFF,
	0x6F12, 0x0000,
	0x6F12, 0x0000,
	0x6F12, 0x0000,
	0x6F12, 0x0000,
	0x6F12, 0x0001,
	0x6F12, 0x000C,
	0x6F12, 0x000D,
	0x6F12, 0x0010,
	0x6F12, 0x0011,
	0x6F12, 0x002A,
	0x6F12, 0x002B,
	0x6F12, 0x0036,
	0x6F12, 0x0037,
	0x6F12, 0x0A0B,
	0x6F12, 0x1617,
	0x6F12, 0x2C2D,
	0x6F12, 0x3031,
	0x6F12, 0x0000,
	0x6F12, 0x0000,
	0x6F12, 0x0000,
	0x6F12, 0x0000,
	0x6F12, 0x0000,
	0x602A, 0xD604,
	0x6F12, 0x0000,
	0x6F12, 0x0000,
	0x6F12, 0x0000,
	0x6F12, 0x0000,
	0x6F12, 0x0000,
	0x6F12, 0x0000,
	0x6F12, 0x0348,
	0x6F12, 0x90F8,
	0x6F12, 0xDA0C,
	0x6F12, 0x0128,
	0x6F12, 0x01D0,
	0x6F12, 0x01F0,
	0x6F12, 0xA1BC,
	0x6F12, 0x7047,
	0x6F12, 0x2000,
	0x6F12, 0x12E0,
	0x6F12, 0x0000,
	0x6F12, 0x0000,
	0x6F12, 0x0000,
	0x6F12, 0x0000,
	0x6F12, 0x0000,
	0x6F12, 0x0000,
	0x6F12, 0x2DE9,
	0x6F12, 0xFC47,
	0x6F12, 0x1D00,
	0x6F12, 0xDDE9,
	0x6F12, 0x0A98,
	0x6F12, 0xDDF8,
	0x6F12, 0x30A0,
	0x6F12, 0x1646,
	0x6F12, 0x0F46,
	0x6F12, 0x0446,
	0x6F12, 0x26D0,
	0x6F12, 0xB442,
	0x6F12, 0x03D2,
	0x6F12, 0x0146,
	0x6F12, 0x5120,
	0x6F12, 0x01F0,
	0x6F12, 0x3FFB,
	0x6F12, 0xA01B,
	0x6F12, 0x0090,
	0x6F12, 0xB81B,
	0x6F12, 0x0190,
	0x6F12, 0xBAF1,
	0x6F12, 0x000F,
	0x6F12, 0x08D0,
	0x6F12, 0x01F0,
	0x6F12, 0x3BFB,
	0x6F12, 0x0128,
	0x6F12, 0x10D0,
	0x6F12, 0x0228,
	0x6F12, 0x09D0,
	0x6F12, 0x0328,
	0x6F12, 0x13D1,
	0x6F12, 0x02E0,
	0x6F12, 0x01F0,
	0x6F12, 0x37FB,
	0x6F12, 0xF5E7,
	0x6F12, 0x01A9,
	0x6F12, 0x6846,
	0x6F12, 0x01F0,
	0x6F12, 0x37FB,
	0x6F12, 0x01A9,
	0x6F12, 0x6846,
	0x6F12, 0x01F0,
	0x6F12, 0x33FB,
	0x6F12, 0x06E0,
	0x6F12, 0x01A9,
	0x6F12, 0x6846,
	0x6F12, 0x01F0,
	0x6F12, 0x33FB,
	0x6F12, 0x01E0,
	0x6F12, 0xCDE9,
	0x6F12, 0x0001,
	0x6F12, 0xDDE9,
	0x6F12, 0x0010,
	0x6F12, 0x0022,
	0x6F12, 0x8142,
	0x6F12, 0x06D2,
	0x6F12, 0x411A,
	0x6F12, 0xC9F8,
	0x6F12, 0x0010,
	0x6F12, 0xC8F8,
	0x6F12, 0x0020,
	0x6F12, 0xBDE8,
	0x6F12, 0xFC87,
	0x6F12, 0x081A,
	0x6F12, 0xA840,
	0x6F12, 0xC9F8,
	0x6F12, 0x0020,
	0x6F12, 0xC8F8,
	0x6F12, 0x0000,
	0x6F12, 0xF6E7,
	0x6F12, 0x2DE9,
	0x6F12, 0xF041,
	0x6F12, 0xFF4D,
	0x6F12, 0x0646,
	0x6F12, 0xFF4F,
	0x6F12, 0xAC89,
	0x6F12, 0x2007,
	0x6F12, 0x08D5,
	0x6F12, 0xB7F8,
	0x6F12, 0xFE08,
	0x6F12, 0x28B1,
	0x6F12, 0x0022,
	0x6F12, 0x0821,
	0x6F12, 0x46F2,
	0x6F12, 0x1420,
	0x6F12, 0x01F0,
	0x6F12, 0x11FB,
	0x6F12, 0x24F0,
	0x6F12, 0x0100,
	0x6F12, 0xF84C,
	0x6F12, 0xA4F8,
	0x6F12, 0x1802,
	0x6F12, 0x4FF4,
	0x6F12, 0x8068,
	0x6F12, 0x0022,
	0x6F12, 0x4146,
	0x6F12, 0x46F2,
	0x6F12, 0x3020,
	0x6F12, 0x01F0,
	0x6F12, 0x04FB,
	0x6F12, 0xF248,
	0x6F12, 0x7830,
	0x6F12, 0x01F0,
	0x6F12, 0x05FB,
	0x6F12, 0x00B1,
	0x6F12, 0x3EB1,
	0x6F12, 0xE888,
	0x6F12, 0xA4F8,
	0x6F12, 0x0E02,
	0x6F12, 0x01F0,
	0x6F12, 0x03FB,
	0x6F12, 0x3864,
	0x6F12, 0xBDE8,
	0x6F12, 0xF081,
	0x6F12, 0x46F2,
	0x6F12, 0x0E24,
	0x6F12, 0x0022,
	0x6F12, 0x4146,
	0x6F12, 0x2046,
	0x6F12, 0x01F0,
	0x6F12, 0xEFFA,
	0x6F12, 0x0120,
	0x6F12, 0x01F0,
	0x6F12, 0xFBFA,
	0x6F12, 0x0122,
	0x6F12, 0x8021,
	0x6F12, 0x2046,
	0x6F12, 0x01F0,
	0x6F12, 0xE7FA,
	0x6F12, 0xEA88,
	0x6F12, 0x4FF6,
	0x6F12, 0xFF51,
	0x6F12, 0x2046,
	0x6F12, 0x01F0,
	0x6F12, 0xF5FA,
	0x6F12, 0xE4E7,
	0x6F12, 0x2DE9,
	0x6F12, 0xF04F,
	0x6F12, 0xE148,
	0x6F12, 0x91B0,
	0x6F12, 0x0568,
	0x6F12, 0x95F8,
	0x6F12, 0x3C73,
	0x6F12, 0x05F5,
	0x6F12, 0x4F75,
	0x6F12, 0xF807,
	0x6F12, 0x78D0,
	0x6F12, 0x0220,
	0x6F12, 0x00EA,
	0x6F12, 0x5704,
	0x6F12, 0x6888,
	0x6F12, 0x1090,
	0x6F12, 0xB0F5,
	0x6F12, 0x806F,
	0x6F12, 0x01D3,
	0x6F12, 0x44F0,
	0x6F12, 0x1004,
	0x6F12, 0x002C,
	0x6F12, 0x60D1,
	0x6F12, 0xB807,
	0x6F12, 0x52D5,
	0x6F12, 0xD649,
	0x6F12, 0xB1F8,
	0x6F12, 0x0A01,
	0x6F12, 0x38B1,
	0x6F12, 0x0128,
	0x6F12, 0x0AD0,
	0x6F12, 0x0228,
	0x6F12, 0x16D0,
	0x6F12, 0x54F0,
	0x6F12, 0x8004,
	0x6F12, 0x0AD0,
	0x6F12, 0x52E0,
	0x6F12, 0x4FF0,
	0x6F12, 0x000B,
	0x6F12, 0x4FF4,
	0x6F12, 0x8030,
	0x6F12, 0x03E0,
	0x6F12, 0xB1F8,
	0x6F12, 0x0CB1,
	0x6F12, 0xB1F8,
	0x6F12, 0x0E01,
	0x6F12, 0x8246,
	0x6F12, 0x6946,
	0x6F12, 0x1098,
	0x6F12, 0x01F0,
	0x6F12, 0xC6FA,
	0x6F12, 0x4028,
	0x6F12, 0x07D0,
	0x6F12, 0x44F0,
	0x6F12, 0x0104,
	0x6F12, 0x3FE0,
	0x6F12, 0xB1F8,
	0x6F12, 0x10B1,
	0x6F12, 0xB1F8,
	0x6F12, 0x1201,
	0x6F12, 0xF0E7,
	0x6F12, 0xE946,
	0x6F12, 0x05F1,
	0x6F12, 0x0408,
	0x6F12, 0x0026,
	0x6F12, 0xD8F8,
	0x6F12, 0x0010,
	0x6F12, 0xC1B1,
	0x6F12, 0xD9F8,
	0x6F12, 0x0000,
	0x6F12, 0x20B1,
	0x6F12, 0x8842,
	0x6F12, 0x13D0,
	0x6F12, 0x44F0,
	0x6F12, 0x0404,
	0x6F12, 0x10E0,
	0x6F12, 0x1098,
	0x6F12, 0x06EB,
	0x6F12, 0x8010,
	0x6F12, 0x8345,
	0x6F12, 0x09D8,
	0x6F12, 0x5045,
	0x6F12, 0x07D2,
	0x6F12, 0x4246,
	0x6F12, 0x0421,
	0x6F12, 0x01F0,
	0x6F12, 0xA7FA,
	0x6F12, 0x20B9,
	0x6F12, 0x44F0,
	0x6F12, 0x4004,
	0x6F12, 0x01E0,
	0x6F12, 0x44F0,
	0x6F12, 0x2004,
	0x6F12, 0x361D,
	0x6F12, 0x09F1,
	0x6F12, 0x0409,
	0x6F12, 0x08F1,
	0x6F12, 0x0408,
	0x6F12, 0x402E,
	0x6F12, 0xDCD3,
	0x6F12, 0x3806,
	0x6F12, 0x11D5,
	0x6F12, 0x4022,
	0x6F12, 0x0021,
	0x6F12, 0x281D,
	0x6F12, 0x01F0,
	0x6F12, 0x98FA,
	0x6F12, 0x0BE0,
	0x6F12, 0x291D,
	0x6F12, 0x1098,
	0x6F12, 0x01F0,
	0x6F12, 0x89FA,
	0x6F12, 0x4028,
	0x6F12, 0x05D0,
	0x6F12, 0x4022,
	0x6F12, 0x0021,
	0x6F12, 0x281D,
	0x6F12, 0x01F0,
	0x6F12, 0x8CFA,
	0x6F12, 0xBCE7,
	0x6F12, 0x01F0,
	0x6F12, 0x8EFA,
	0x6F12, 0x08B1,
	0x6F12, 0x44F0,
	0x6F12, 0x0804,
	0x6F12, 0x0CB1,
	0x6F12, 0x47F0,
	0x6F12, 0x0407,
	0x6F12, 0x27F0,
	0x6F12, 0x0100,
	0x6F12, 0x6C70,
	0x6F12, 0x2870,
	0x6F12, 0x11B0,
	0x6F12, 0xBDE8,
	0x6F12, 0xF08F,
	0x6F12, 0x70B5,
	0x6F12, 0xA048,
	0x6F12, 0x0022,
	0x6F12, 0xC168,
	0x6F12, 0x0C0C,
	0x6F12, 0x8DB2,
	0x6F12, 0x2946,
	0x6F12, 0x2046,
	0x6F12, 0x01F0,
	0x6F12, 0x4FFA,
	0x6F12, 0x01F0,
	0x6F12, 0x7AFA,
	0x6F12, 0x0122,
	0x6F12, 0x2946,
	0x6F12, 0x2046,
	0x6F12, 0x01F0,
	0x6F12, 0x48FA,
	0x6F12, 0x9449,
	0x6F12, 0x0020,
	0x6F12, 0xA1F8,
	0x6F12, 0xC207,
	0x6F12, 0x81F8,
	0x6F12, 0xB807,
	0x6F12, 0x81F8,
	0x6F12, 0xBD07,
	0x6F12, 0x81F8,
	0x6F12, 0xC107,
	0x6F12, 0x81F8,
	0x6F12, 0xD404,
	0x6F12, 0x81F8,
	0x6F12, 0xDC01,
	0x6F12, 0x70BD,
	0x6F12, 0x2DE9,
	0x6F12, 0xF04F,
	0x6F12, 0x85B0,
	0x6F12, 0x0120,
	0x6F12, 0x01F0,
	0x6F12, 0x65FA,
	0x6F12, 0x8E48,
	0x6F12, 0x0390,
	0x6F12, 0x0020,
	0x6F12, 0x0290,
	0x6F12, 0x0490,
	0x6F12, 0x0020,
	0x6F12, 0x0190,
	0x6F12, 0x8C48,
	0x6F12, 0x0499,
	0x6F12, 0x00EB,
	0x6F12, 0xC100,
	0x6F12, 0x0090,
	0x6F12, 0xDDE9,
	0x6F12, 0x0001,
	0x6F12, 0x0023,
	0x6F12, 0x00EB,
	0x6F12, 0x8104,
	0x6F12, 0x1846,
	0x6F12, 0x6FF3,
	0x6F12, 0x9E00,
	0x6F12, 0x0328,
	0x6F12, 0x7DD0,
	0x6F12, 0xDDE9,
	0x6F12, 0x0201,
	0x6F12, 0x4FF0,
	0x6F12, 0x000C,
	0x6F12, 0x01EB,
	0x6F12, 0x4010,
	0x6F12, 0x8249,
	0x6F12, 0xB0F9,
	0x6F12, 0x0020,
	0x6F12, 0x01EB,
	0x6F12, 0x8C01,
	0x6F12, 0xB0F9,
	0x6F12, 0x0480,
	0x6F12, 0xD1F8,
	0x6F12, 0x2C62,
	0x6F12, 0xB0F9,
	0x6F12, 0x0AA0,
	0x6F12, 0x02FB,
	0x6F12, 0x06F7,
	0x6F12, 0xB0F9,
	0x6F12, 0x0220,
	0x6F12, 0xB0F9,
	0x6F12, 0x12E0,
	0x6F12, 0x02FB,
	0x6F12, 0x06F5,
	0x6F12, 0xD1F8,
	0x6F12, 0x7C22,
	0x6F12, 0x08FB,
	0x6F12, 0x0278,
	0x6F12, 0xB0F9,
	0x6F12, 0x0670,
	0x6F12, 0x07FB,
	0x6F12, 0x06F9,
	0x6F12, 0xB0F9,
	0x6F12, 0x0870,
	0x6F12, 0x07FB,
	0x6F12, 0x0257,
	0x6F12, 0xD1F8,
	0x6F12, 0xCC52,
	0x6F12, 0x0AFB,
	0x6F12, 0x0588,
	0x6F12, 0xB0F9,
	0x6F12, 0x0CA0,
	0x6F12, 0x0AFB,
	0x6F12, 0x06FB,
	0x6F12, 0xB0F9,
	0x6F12, 0x0EA0,
	0x6F12, 0x0AFB,
	0x6F12, 0x029A,
	0x6F12, 0xB0F9,
	0x6F12, 0x1090,
	0x6F12, 0x09FB,
	0x6F12, 0x0579,
	0x6F12, 0xD1F8,
	0x6F12, 0x1C73,
	0x6F12, 0xD1F8,
	0x6F12, 0x6C13,
	0x6F12, 0x0EFB,
	0x6F12, 0x0788,
	0x6F12, 0xB0F9,
	0x6F12, 0x14E0,
	0x6F12, 0x0EFB,
	0x6F12, 0x06F6,
	0x6F12, 0xB0F9,
	0x6F12, 0x16E0,
	0x6F12, 0x0EFB,
	0x6F12, 0x02B2,
	0x6F12, 0xB0F9,
	0x6F12, 0x18B0,
	0x6F12, 0x0BFB,
	0x6F12, 0x05A5,
	0x6F12, 0xB0F9,
	0x6F12, 0x1AA0,
	0x6F12, 0x0AFB,
	0x6F12, 0x0797,
	0x6F12, 0xB0F9,
	0x6F12, 0x1C90,
	0x6F12, 0x09FB,
	0x6F12, 0x0181,
	0x6F12, 0x01F5,
	0x6F12, 0x8041,
	0x6F12, 0x4FEA,
	0x6F12, 0xE13E,
	0x6F12, 0x07F5,
	0x6F12, 0x8041,
	0x6F12, 0xCF13,
	0x6F12, 0x05F5,
	0x6F12, 0x8041,
	0x6F12, 0x4FEA,
	0x6F12, 0xE138,
	0x6F12, 0x02F5,
	0x6F12, 0x8041,
	0x6F12, 0x4FEA,
	0x6F12, 0xE139,
	0x6F12, 0x06F5,
	0x6F12, 0x8041,
	0x6F12, 0x4FEA,
	0x6F12, 0xE13A,
	0x6F12, 0x0CEB,
	0x6F12, 0x8C02,
	0x6F12, 0x0021,
	0x6F12, 0x02EB,
	0x6F12, 0xCC06,
	0x6F12, 0x524A,
	0x6F12, 0x02EB,
	0x6F12, 0x8102,
	0x6F12, 0x556A,
	0x6F12, 0xD2F8,
	0x6F12, 0x8CB0,
	0x6F12, 0x0EFB,
	0x6F12, 0x05F5,
	0x6F12, 0x07FB,
	0x6F12, 0x0B55,
	0x6F12, 0xD2F8,
	0x6F12, 0xF4B0,
	0x6F12, 0x08FB,
	0x6F12, 0x0B55,
	0x6F12, 0xD2F8,
	0x6F12, 0x5CB1,
	0x6F12, 0xD2F8,
	0x6F12, 0xC421,
	0x6F12, 0x09FB,
	0x6F12, 0x0B55,
	0x6F12, 0x0AFB,
	0x6F12, 0x0252,
	0x6F12, 0x00E0,
	0x6F12, 0x3BE0,
	0x6F12, 0xC57F,
	0x6F12, 0x2A41,
	0x6F12, 0x002A,
	0x6F12, 0x4BDD,
	0x6F12, 0xFF2A,
	0x6F12, 0x00DB,
	0x6F12, 0xFF22,
	0x6F12, 0xA56D,
	0x6F12, 0x03EB,
	0x6F12, 0xC10B,
	0x6F12, 0x05EB,
	0x6F12, 0x0615,
	0x6F12, 0x491C,
	0x6F12, 0x05F8,
	0x6F12, 0x0B20,
	0x6F12, 0x1A29,
	0x6F12, 0xD6DB,
	0x6F12, 0x0CF1,
	0x6F12, 0x010C,
	0x6F12, 0xBCF1,
	0x6F12, 0x140F,
	0x6F12, 0xFFF6,
	0x6F12, 0x70AF,
	0x6F12, 0x0298,
	0x6F12, 0x401C,
	0x6F12, 0x0290,
	0x6F12, 0x5B1C,
	0x6F12, 0x082B,
	0x6F12, 0xFFF6,
	0x6F12, 0x5EAF,
	0x6F12, 0x0198,
	0x6F12, 0x401C,
	0x6F12, 0x0190,
	0x6F12, 0x0228,
	0x6F12, 0xFFF6,
	0x6F12, 0x53AF,
	0x6F12, 0x0498,
	0x6F12, 0x401C,
	0x6F12, 0x0490,
	0x6F12, 0x0328,
	0x6F12, 0xFFF6,
	0x6F12, 0x46AF,
	0x6F12, 0x0020,
	0x6F12, 0x01F0,
	0x6F12, 0xA3F9,
	0x6F12, 0x2E48,
	0x6F12, 0x304A,
	0x6F12, 0x90F8,
	0x6F12, 0x7010,
	0x6F12, 0x1180,
	0x6F12, 0x921C,
	0x6F12, 0x90F8,
	0x6F12, 0x7110,
	0x6F12, 0x1180,
	0x6F12, 0x911C,
	0x6F12, 0x90F8,
	0x6F12, 0x7200,
	0x6F12, 0x0880,
	0x6F12, 0x05B0,
	0x6F12, 0x06E7,
	0x6F12, 0x0021,
	0x6F12, 0x0A46,
	0x6F12, 0x01EB,
	0x6F12, 0x810C,
	0x6F12, 0x0020,
	0x6F12, 0x0CEB,
	0x6F12, 0xC10C,
	0x6F12, 0xA56D,
	0x6F12, 0x03EB,
	0x6F12, 0xC006,
	0x6F12, 0x05EB,
	0x6F12, 0x0C15,
	0x6F12, 0x401C,
	0x6F12, 0xAA55,
	0x6F12, 0x1A28,
	0x6F12, 0xF6DB,
	0x6F12, 0x491C,
	0x6F12, 0x1429,
	0x6F12, 0xEEDB,
	0x6F12, 0xC9E7,
	0x6F12, 0x0022,
	0x6F12, 0xB4E7,
	0x6F12, 0x70B5,
	0x6F12, 0x0446,
	0x6F12, 0x1948,
	0x6F12, 0x0022,
	0x6F12, 0x4069,
	0x6F12, 0x86B2,
	0x6F12, 0x050C,
	0x6F12, 0x3146,
	0x6F12, 0x2846,
	0x6F12, 0x01F0,
	0x6F12, 0x41F9,
	0x6F12, 0x2046,
	0x6F12, 0x01F0,
	0x6F12, 0x75F9,
	0x6F12, 0x0122,
	0x6F12, 0x3146,
	0x6F12, 0x2846,
	0x6F12, 0x01F0,
	0x6F12, 0x39F9,
	0x6F12, 0x2188,
	0x6F12, 0x4FF0,
	0x6F12, 0x8040,
	0x6F12, 0xB0FB,
	0x6F12, 0xF1F1,
	0x6F12, 0x01F5,
	0x6F12, 0x0071,
	0x6F12, 0x890A,
	0x6F12, 0xE180,
	0x6F12, 0x6188,
	0x6F12, 0xB0FB,
	0x6F12, 0xF1F1,
	0x6F12, 0x01F5,
	0x6F12, 0x0071,
	0x6F12, 0x890A,
	0x6F12, 0x2181,
	0x6F12, 0xA188,
	0x6F12, 0xB0FB,
	0x6F12, 0xF1F0,
	0x6F12, 0x00F5,
	0x6F12, 0x0070,
	0x6F12, 0x800A,
	0x6F12, 0x6081,
	0x6F12, 0x70BD,
	0x6F12, 0x2000,
	0x6F12, 0x12B0,
	0x6F12, 0x2001,
	0x6F12, 0x8400,
	0x6F12, 0x4000,
	0x6F12, 0x6000,
	0x6F12, 0x2000,
	0x6F12, 0x0C10,
	0x6F12, 0x2000,
	0x6F12, 0x12E0,
	0x6F12, 0x2001,
	0x6F12, 0xEF00,
	0x6F12, 0x2002,
	0x6F12, 0x5393,
	0x6F12, 0x2001,
	0x6F12, 0x3820,
	0x6F12, 0x2000,
	0x6F12, 0x5140,
	0x6F12, 0x4000,
	0x6F12, 0x9C24,
	0x6F12, 0x2DE9,
	0x6F12, 0xF041,
	0x6F12, 0x0646,
	0x6F12, 0xFE48,
	0x6F12, 0x0022,
	0x6F12, 0x8069,
	0x6F12, 0x84B2,
	0x6F12, 0x050C,
	0x6F12, 0x2146,
	0x6F12, 0x2846,
	0x6F12, 0x01F0,
	0x6F12, 0x01F9,
	0x6F12, 0x3046,
	0x6F12, 0x01F0,
	0x6F12, 0x3AF9,
	0x6F12, 0x0121,
	0x6F12, 0x0846,
	0x6F12, 0x01F0,
	0x6F12, 0x3BF9,
	0x6F12, 0xF74A,
	0x6F12, 0x92F8,
	0x6F12, 0x4001,
	0x6F12, 0xC8B3,
	0x6F12, 0xF648,
	0x6F12, 0x4FF4,
	0x6F12, 0x4051,
	0x6F12, 0xF54E,
	0x6F12, 0x0182,
	0x6F12, 0x4900,
	0x6F12, 0x4182,
	0x6F12, 0x4FF4,
	0x6F12, 0x1041,
	0x6F12, 0x8182,
	0x6F12, 0x4FF4,
	0x6F12, 0x4041,
	0x6F12, 0xC182,
	0x6F12, 0xB2F8,
	0x6F12, 0x4211,
	0x6F12, 0x9068,
	0x6F12, 0x4942,
	0x6F12, 0x00EB,
	0x6F12, 0x8100,
	0x6F12, 0x9060,
	0x6F12, 0x4FF4,
	0x6F12, 0x7050,
	0x6F12, 0xA2F8,
	0x6F12, 0x4201,
	0x6F12, 0x9068,
	0x6F12, 0x49F6,
	0x6F12, 0x5653,
	0x6F12, 0x00F5,
	0x6F12, 0x7040,
	0x6F12, 0x9060,
	0x6F12, 0xD2F8,
	0x6F12, 0x4401,
	0x6F12, 0x4FF4,
	0x6F12, 0x805C,
	0x6F12, 0x00F5,
	0x6F12, 0x7040,
	0x6F12, 0xC2F8,
	0x6F12, 0x8401,
	0x6F12, 0xB2F8,
	0x6F12, 0x8211,
	0x6F12, 0x00EB,
	0x6F12, 0x8100,
	0x6F12, 0xC2F8,
	0x6F12, 0xC401,
	0x6F12, 0x0022,
	0x6F12, 0x0121,
	0x6F12, 0x4F03,
	0x6F12, 0xD6F8,
	0x6F12, 0x540A,
	0x6F12, 0x01FA,
	0x6F12, 0x02FE,
	0x6F12, 0x10EA,
	0x6F12, 0x0E00,
	0x6F12, 0x05D0,
	0x6F12, 0xD007,
	0x6F12, 0x02D0,
	0x6F12, 0x3846,
	0x6F12, 0x01E0,
	0x6F12, 0x0BE0,
	0x6F12, 0x6046,
	0x6F12, 0x03EB,
	0x6F12, 0x420E,
	0x6F12, 0x0EF1,
	0x6F12, 0x804E,
	0x6F12, 0x8008,
	0x6F12, 0xAEF8,
	0x6F12, 0x1200,
	0x6F12, 0x521C,
	0x6F12, 0x92B2,
	0x6F12, 0x0A2A,
	0x6F12, 0xE7D3,
	0x6F12, 0x0121,
	0x6F12, 0x0020,
	0x6F12, 0x01F0,
	0x6F12, 0xECF8,
	0x6F12, 0x2146,
	0x6F12, 0x2846,
	0x6F12, 0xBDE8,
	0x6F12, 0xF041,
	0x6F12, 0x0122,
	0x6F12, 0x01F0,
	0x6F12, 0xA4B8,
	0x6F12, 0x2DE9,
	0x6F12, 0xF84F,
	0x6F12, 0x8246,
	0x6F12, 0xC948,
	0x6F12, 0x8946,
	0x6F12, 0x9046,
	0x6F12, 0xC169,
	0x6F12, 0x1E46,
	0x6F12, 0x0D0C,
	0x6F12, 0x8FB2,
	0x6F12, 0x0A9C,
	0x6F12, 0x0022,
	0x6F12, 0x3946,
	0x6F12, 0x2846,
	0x6F12, 0x01F0,
	0x6F12, 0x94F8,
	0x6F12, 0x3346,
	0x6F12, 0x4246,
	0x6F12, 0x4946,
	0x6F12, 0x5046,
	0x6F12, 0x0094,
	0x6F12, 0x01F0,
	0x6F12, 0xD3F8,
	0x6F12, 0x01F0,
	0x6F12, 0xD6F8,
	0x6F12, 0x10B1,
	0x6F12, 0xA088,
	0x6F12, 0x401E,
	0x6F12, 0xA080,
	0x6F12, 0x3946,
	0x6F12, 0x2846,
	0x6F12, 0xBDE8,
	0x6F12, 0xF84F,
	0x6F12, 0x0122,
	0x6F12, 0x01F0,
	0x6F12, 0x80B8,
	0x6F12, 0x10B5,
	0x6F12, 0x0721,
	0x6F12, 0x0220,
	0x6F12, 0x01F0,
	0x6F12, 0xCBF8,
	0x6F12, 0xBDE8,
	0x6F12, 0x1040,
	0x6F12, 0x4FF6,
	0x6F12, 0xFF71,
	0x6F12, 0x0A20,
	0x6F12, 0x01F0,
	0x6F12, 0xC4B8,
	0x6F12, 0x2DE9,
	0x6F12, 0xFC5F,
	0x6F12, 0xB64A,
	0x6F12, 0xD2F8,
	0x6F12, 0xF822,
	0x6F12, 0xB2F1,
	0x6F12, 0x7E5F,
	0x6F12, 0x08DD,
	0x6F12, 0x00F1,
	0x6F12, 0x8040,
	0x6F12, 0x0122,
	0x6F12, 0x0280,
	0x6F12, 0x01F1,
	0x6F12, 0x8041,
	0x6F12, 0x0A80,
	0x6F12, 0xBDE8,
	0x6F12, 0xFC9F,
	0x6F12, 0xAF4C,
	0x6F12, 0xB4F8,
	0x6F12, 0x8200,
	0x6F12, 0x38B1,
	0x6F12, 0xAE48,
	0x6F12, 0x0078,
	0x6F12, 0x20B1,
	0x6F12, 0xAE48,
	0x6F12, 0x01F0,
	0x6F12, 0xAEF8,
	0x6F12, 0x01F0,
	0x6F12, 0xB1F8,
	0x6F12, 0x0120,
	0x6F12, 0x01F0,
	0x6F12, 0xB3F8,
	0x6F12, 0xAB48,
	0x6F12, 0x016A,
	0x6F12, 0x0191,
	0x6F12, 0x016B,
	0x6F12, 0x0091,
	0x6F12, 0xD0E9,
	0x6F12, 0x0A87,
	0x6F12, 0xD0E9,
	0x6F12, 0x0DB9,
	0x6F12, 0x0021,
	0x6F12, 0xD0F8,
	0x6F12, 0x24E0,
	0x6F12, 0xD0F8,
	0x6F12, 0x3CA0,
	0x6F12, 0x7BE0,
	0x6F12, 0x05FB,
	0x6F12, 0x0103,
	0x6F12, 0x6D08,
	0x6F12, 0xA24A,
	0x6F12, 0x05FB,
	0x6F12, 0x0106,
	0x6F12, 0x02EB,
	0x6F12, 0x4303,
	0x6F12, 0x019D,
	0x6F12, 0x03F5,
	0x6F12, 0x0053,
	0x6F12, 0x05EB,
	0x6F12, 0x8605,
	0x6F12, 0x93F8,
	0x6F12, 0xCC32,
	0x6F12, 0x6B70,
	0x6F12, 0x238A,
	0x6F12, 0x03FB,
	0x6F12, 0x0105,
	0x6F12, 0x5B08,
	0x6F12, 0x03FB,
	0x6F12, 0x0106,
	0x6F12, 0x02EB,
	0x6F12, 0x4505,
	0x6F12, 0x009B,
	0x6F12, 0x05F5,
	0x6F12, 0x0055,
	0x6F12, 0x03EB,
	0x6F12, 0x8603,
	0x6F12, 0x95F8,
	0x6F12, 0xCC52,
	0x6F12, 0x5D70,
	0x6F12, 0x238A,
	0x6F12, 0x03FB,
	0x6F12, 0x0105,
	0x6F12, 0x5B08,
	0x6F12, 0x02EB,
	0x6F12, 0x4505,
	0x6F12, 0x03FB,
	0x6F12, 0x0106,
	0x6F12, 0x05F5,
	0x6F12, 0x0055,
	0x6F12, 0x0EEB,
	0x6F12, 0x8603,
	0x6F12, 0x95F8,
	0x6F12, 0xCD52,
	0x6F12, 0x5D70,
	0x6F12, 0x238A,
	0x6F12, 0x03FB,
	0x6F12, 0x0105,
	0x6F12, 0x5B08,
	0x6F12, 0x03FB,
	0x6F12, 0x0106,
	0x6F12, 0x02EB,
	0x6F12, 0x4505,
	0x6F12, 0x0BEB,
	0x6F12, 0x8603,
	0x6F12, 0x05F5,
	0x6F12, 0x0055,
	0x6F12, 0x42F2,
	0x6F12, 0xCC26,
	0x6F12, 0x95F8,
	0x6F12, 0xCD52,
	0x6F12, 0x5D70,
	0x6F12, 0x258A,
	0x6F12, 0x0123,
	0x6F12, 0x03EB,
	0x6F12, 0x4103,
	0x6F12, 0x05FB,
	0x6F12, 0x032C,
	0x6F12, 0x6D08,
	0x6F12, 0x05FB,
	0x6F12, 0x0105,
	0x6F12, 0x06EB,
	0x6F12, 0x4006,
	0x6F12, 0x08EB,
	0x6F12, 0x8505,
	0x6F12, 0x1CF8,
	0x6F12, 0x06C0,
	0x6F12, 0x85F8,
	0x6F12, 0x01C0,
	0x6F12, 0x258A,
	0x6F12, 0x05FB,
	0x6F12, 0x032C,
	0x6F12, 0x6D08,
	0x6F12, 0x1CF8,
	0x6F12, 0x0660,
	0x6F12, 0x05FB,
	0x6F12, 0x010C,
	0x6F12, 0x09EB,
	0x6F12, 0x8C05,
	0x6F12, 0x6E70,
	0x6F12, 0x268A,
	0x6F12, 0x42F2,
	0x6F12, 0xCD25,
	0x6F12, 0x06FB,
	0x6F12, 0x032C,
	0x6F12, 0x7608,
	0x6F12, 0x06FB,
	0x6F12, 0x0106,
	0x6F12, 0x05EB,
	0x6F12, 0x4005,
	0x6F12, 0x07EB,
	0x6F12, 0x8606,
	0x6F12, 0x1CF8,
	0x6F12, 0x05C0,
	0x6F12, 0x86F8,
	0x6F12, 0x01C0,
	0x6F12, 0x268A,
	0x6F12, 0x06FB,
	0x6F12, 0x0322,
	0x6F12, 0x7308,
	0x6F12, 0x525D,
	0x6F12, 0x03FB,
	0x6F12, 0x0105,
	0x6F12, 0x0AEB,
	0x6F12, 0x8503,
	0x6F12, 0x401C,
	0x6F12, 0x5A70,
	0x6F12, 0x258A,
	0x6F12, 0xB0EB,
	0x6F12, 0x550F,
	0x6F12, 0x84D3,
	0x6F12, 0x491C,
	0x6F12, 0x608A,
	0x6F12, 0xB1EB,
	0x6F12, 0x500F,
	0x6F12, 0x4FF0,
	0x6F12, 0x0000,
	0x6F12, 0xF4D3,
	0x6F12, 0xBDE8,
	0x6F12, 0xFC5F,
	0x6F12, 0x01F0,
	0x6F12, 0x1EB8,
	0x6F12, 0x6048,
	0x6F12, 0x6149,
	0x6F12, 0x0162,
	0x6F12, 0x6149,
	0x6F12, 0x4162,
	0x6F12, 0x6149,
	0x6F12, 0x8162,
	0x6F12, 0x6149,
	0x6F12, 0xC162,
	0x6F12, 0x6149,
	0x6F12, 0x0163,
	0x6F12, 0x6149,
	0x6F12, 0x4163,
	0x6F12, 0x6149,
	0x6F12, 0x8163,
	0x6F12, 0x6149,
	0x6F12, 0xC163,
	0x6F12, 0x7047,
	0x6F12, 0x70B5,
	0x6F12, 0x01F0,
	0x6F12, 0x0EF8,
	0x6F12, 0x534B,
	0x6F12, 0x0020,
	0x6F12, 0x5E49,
	0x6F12, 0x1C8A,
	0x6F12, 0x5B8A,
	0x6F12, 0x534A,
	0x6F12, 0x5C43,
	0x6F12, 0x07E0,
	0x6F12, 0x0B18,
	0x6F12, 0x1D7E,
	0x6F12, 0x1318,
	0x6F12, 0x03F5,
	0x6F12, 0x0053,
	0x6F12, 0x401C,
	0x6F12, 0x83F8,
	0x6F12, 0xCC52,
	0x6F12, 0x8442,
	0x6F12, 0xF5DC,
	0x6F12, 0x74E6,
	0x6F12, 0x2DE9,
	0x6F12, 0xF041,
	0x6F12, 0x0446,
	0x6F12, 0x4348,
	0x6F12, 0x8846,
	0x6F12, 0x0022,
	0x6F12, 0x806A,
	0x6F12, 0x86B2,
	0x6F12, 0x050C,
	0x6F12, 0x3146,
	0x6F12, 0x2846,
	0x6F12, 0x00F0,
	0x6F12, 0x8AFF,
	0x6F12, 0x4448,
	0x6F12, 0x8078,
	0x6F12, 0x0128,
	0x6F12, 0x10D1,
	0x6F12, 0x434F,
	0x6F12, 0x2068,
	0x6F12, 0x4C3F,
	0x6F12, 0x796D,
	0x6F12, 0x8842,
	0x6F12, 0x0AD1,
	0x6F12, 0xFFF7,
	0x6F12, 0xD1FF,
	0x6F12, 0xFFF7,
	0x6F12, 0xBDFF,
	0x6F12, 0x796D,
	0x6F12, 0xF86D,
	0x6F12, 0xFFF7,
	0x6F12, 0x04FF,
	0x6F12, 0x3C48,
	0x6F12, 0x00F0,
	0x6F12, 0xDEFF,
	0x6F12, 0x4146,
	0x6F12, 0x2046,
	0x6F12, 0x00F0,
	0x6F12, 0xDFFF,
	0x6F12, 0x3146,
	0x6F12, 0x2846,
	0x6F12, 0xBDE8,
	0x6F12, 0xF041,
	0x6F12, 0x0122,
	0x6F12, 0x00F0,
	0x6F12, 0x6ABF,
	0x6F12, 0x2DE9,
	0x6F12, 0xF041,
	0x6F12, 0x0446,
	0x6F12, 0x2C48,
	0x6F12, 0x0E46,
	0x6F12, 0xC26A,
	0x6F12, 0x150C,
	0x6F12, 0x97B2,
	0x6F12, 0x0022,
	0x6F12, 0x3946,
	0x6F12, 0x2846,
	0x6F12, 0x00F0,
	0x6F12, 0x5DFF,
	0x6F12, 0x2D48,
	0x6F12, 0x8078,
	0x6F12, 0x0128,
	0x6F12, 0x0AD0,
	0x6F12, 0x3146,
	0x6F12, 0x2046,
	0x6F12, 0x00F0,
	0x6F12, 0xC8FF,
	0x6F12, 0x3946,
	0x6F12, 0x2846,
	0x6F12, 0xBDE8,
	0x6F12, 0xF041,
	0x6F12, 0x0122,
	0x6F12, 0x00F0,
	0x6F12, 0x4EBF,
	0x6F12, 0x0121,
	0x6F12, 0x2046,
	0x6F12, 0x00F0,
	0x6F12, 0xC2FF,
	0x6F12, 0x2F48,
	0x6F12, 0x2168,
	0x6F12, 0x01F1,
	0x6F12, 0x8041,
	0x6F12, 0xC08A,
	0x6F12, 0x8881,
	0x6F12, 0xEDE7,
	0x6F12, 0x70B5,
	0x6F12, 0x0446,
	0x6F12, 0x1948,
	0x6F12, 0x0022,
	0x6F12, 0x006B,
	0x6F12, 0x86B2,
	0x6F12, 0x050C,
	0x6F12, 0x3146,
	0x6F12, 0x2846,
	0x6F12, 0x00F0,
	0x6F12, 0x38FF,
	0x6F12, 0x94F8,
	0x6F12, 0x3000,
	0x6F12, 0x20B9,
	0x6F12, 0x0020,
	0x6F12, 0xA4F8,
	0x6F12, 0x6400,
	0x6F12, 0xA4F8,
	0x6F12, 0x6600,
	0x6F12, 0x04F1,
	0x6F12, 0x4801,
	0x6F12, 0x2046,
	0x6F12, 0x00F0,
	0x6F12, 0xA8FF,
	0x6F12, 0x3146,
	0x6F12, 0x2846,
	0x6F12, 0xBDE8,
	0x6F12, 0x7040,
	0x6F12, 0x0122,
	0x6F12, 0x00F0,
	0x6F12, 0x24BF,
	0x6F12, 0x2DE9,
	0x6F12, 0xF047,
	0x6F12, 0xDFF8,
	0x6F12, 0x4080,
	0x6F12, 0x8246,
	0x6F12, 0x1A4D,
	0x6F12, 0x98F8,
	0x6F12, 0x0100,
	0x6F12, 0x9146,
	0x6F12, 0x0C46,
	0x6F12, 0x50B9,
	0x6F12, 0xE988,
	0x6F12, 0xA08A,
	0x6F12, 0x8142,
	0x6F12, 0x06D0,
	0x6F12, 0x94F8,
	0x6F12, 0x2E10,
	0x6F12, 0x2971,
	0x6F12, 0x94F8,
	0x6F12, 0x2F10,
	0x6F12, 0x6971,
	0x6F12, 0xE880,
	0x6F12, 0x25E0,
	0x6F12, 0x2001,
	0x6F12, 0xEF00,
	0x6F12, 0x2014,
	0x6F12, 0xE400,
	0x6F12, 0x2014,
	0x6F12, 0xE548,
	0x6F12, 0x2001,
	0x6F12, 0x8400,
	0x6F12, 0x2000,
	0x6F12, 0xB340,
	0x6F12, 0x2000,
	0x6F12, 0x41E0,
	0x6F12, 0x2001,
	0x6F12, 0xEEF4,
	0x6F12, 0x2000,
	0x6F12, 0x8B8C,
	0x6F12, 0x2000,
	0x6F12, 0x8F40,
	0x6F12, 0x2012,
	0x6F12, 0x4000,
	0x6F12, 0x2012,
	0x6F12, 0x4800,
	0x6F12, 0x2012,
	0x6F12, 0x5000,
	0x6F12, 0x2012,
	0x6F12, 0x5800,
	0x6F12, 0x2012,
	0x6F12, 0x6000,
	0x6F12, 0x2012,
	0x6F12, 0x6800,
	0x6F12, 0x2012,
	0x6F12, 0x7000,
	0x6F12, 0x2012,
	0x6F12, 0x7800,
	0x6F12, 0x2000,
	0x6F12, 0x47A0,
	0x6F12, 0x2002,
	0x6F12, 0x3600,
	0x6F12, 0xFE48,
	0x6F12, 0x0022,
	0x6F12, 0x416B,
	0x6F12, 0x0E0C,
	0x6F12, 0x8FB2,
	0x6F12, 0x3946,
	0x6F12, 0x3046,
	0x6F12, 0x00F0,
	0x6F12, 0xDEFE,
	0x6F12, 0x4A46,
	0x6F12, 0x2146,
	0x6F12, 0x5046,
	0x6F12, 0x00F0,
	0x6F12, 0x5BFF,
	0x6F12, 0x0122,
	0x6F12, 0x3946,
	0x6F12, 0x3046,
	0x6F12, 0x00F0,
	0x6F12, 0xD4FE,
	0x6F12, 0x98F8,
	0x6F12, 0x0100,
	0x6F12, 0x0028,
	0x6F12, 0x05D1,
	0x6F12, 0xA08A,
	0x6F12, 0x0328,
	0x6F12, 0x04D0,
	0x6F12, 0x2879,
	0x6F12, 0x84F8,
	0x6F12, 0x2E00,
	0x6F12, 0xBDE8,
	0x6F12, 0xF087,
	0x6F12, 0x6879,
	0x6F12, 0x84F8,
	0x6F12, 0x2F00,
	0x6F12, 0xF9E7,
	0x6F12, 0x2DE9,
	0x6F12, 0xF041,
	0x6F12, 0xED4D,
	0x6F12, 0xED4E,
	0x6F12, 0x0400,
	0x6F12, 0x02D1,
	0x6F12, 0xB5F8,
	0x6F12, 0x3C08,
	0x6F12, 0xF080,
	0x6F12, 0xEB4F,
	0x6F12, 0x7878,
	0x6F12, 0x38B9,
	0x6F12, 0x012C,
	0x6F12, 0x05D1,
	0x6F12, 0x95F8,
	0x6F12, 0x5608,
	0x6F12, 0x3071,
	0x6F12, 0x95F8,
	0x6F12, 0x5708,
	0x6F12, 0x7071,
	0x6F12, 0x2046,
	0x6F12, 0x00F0,
	0x6F12, 0x34FF,
	0x6F12, 0x7878,
	0x6F12, 0x0028,
	0x6F12, 0x07D1,
	0x6F12, 0x012C,
	0x6F12, 0x05D1,
	0x6F12, 0x3079,
	0x6F12, 0x85F8,
	0x6F12, 0x5608,
	0x6F12, 0x7079,
	0x6F12, 0x85F8,
	0x6F12, 0x5708,
	0x6F12, 0xBDE8,
	0x6F12, 0xF081,
	0x6F12, 0x60EE,
	0x6F12, 0x000A,
	0x6F12, 0xDFED,
	0x6F12, 0xDE1A,
	0x6F12, 0xB7EE,
	0x6F12, 0x001A,
	0x6F12, 0x00EE,
	0x6F12, 0x211A,
	0x6F12, 0xDFED,
	0x6F12, 0xDC1A,
	0x6F12, 0x00EE,
	0x6F12, 0xA11A,
	0x6F12, 0xDFED,
	0x6F12, 0xDB1A,
	0x6F12, 0x60EE,
	0x6F12, 0x211A,
	0x6F12, 0x01EE,
	0x6F12, 0xA01A,
	0x6F12, 0xDFED,
	0x6F12, 0xD91A,
	0x6F12, 0x60EE,
	0x6F12, 0xA11A,
	0x6F12, 0x01EE,
	0x6F12, 0xA01A,
	0x6F12, 0xDFED,
	0x6F12, 0xD71A,
	0x6F12, 0xD048,
	0x6F12, 0x20EE,
	0x6F12, 0x210A,
	0x6F12, 0x20EE,
	0x6F12, 0x200A,
	0x6F12, 0x00EE,
	0x6F12, 0x201A,
	0x6F12, 0x80ED,
	0x6F12, 0x021A,
	0x6F12, 0xB0EE,
	0x6F12, 0x410A,
	0x6F12, 0x7047,
	0x6F12, 0x2DE9,
	0x6F12, 0xFC5F,
	0x6F12, 0x8146,
	0x6F12, 0xC948,
	0x6F12, 0x1546,
	0x6F12, 0x0C46,
	0x6F12, 0xB0F9,
	0x6F12, 0x0400,
	0x6F12, 0x00EE,
	0x6F12, 0x100A,
	0x6F12, 0xB8EE,
	0x6F12, 0xC00A,
	0x6F12, 0xDFED,
	0x6F12, 0xCB0A,
	0x6F12, 0x20EE,
	0x6F12, 0x200A,
	0x6F12, 0xFFF7,
	0x6F12, 0xC8FF,
	0x6F12, 0xDFED,
	0x6F12, 0xC90A,
	0x6F12, 0xB6EE,
	0x6F12, 0x001A,
	0x6F12, 0x4FF0,
	0x6F12, 0x0008,
	0x6F12, 0x00EE,
	0x6F12, 0x201A,
	0x6F12, 0x05F6,
	0x6F12, 0xFA2B,
	0x6F12, 0x4FF4,
	0x6F12, 0x803A,
	0x6F12, 0x4FF6,
	0x6F12, 0xFF77,
	0x6F12, 0xBCEE,
	0x6F12, 0xC10A,
	0x6F12, 0x10EE,
	0x6F12, 0x100A,
	0x6F12, 0x86B2,
	0x6F12, 0x04F6,
	0x6F12, 0xB420,
	0x6F12, 0x0090,
	0x6F12, 0x4830,
	0x6F12, 0x0190,
	0x6F12, 0x2A46,
	0x6F12, 0x2146,
	0x6F12, 0x4046,
	0x6F12, 0x00F0,
	0x6F12, 0xD7FE,
	0x6F12, 0xDDE9,
	0x6F12, 0x0021,
	0x6F12, 0x5846,
	0x6F12, 0x00F0,
	0x6F12, 0xD7FE,
	0x6F12, 0xB4F8,
	0x6F12, 0xB40A,
	0x6F12, 0xB5F8,
	0x6F12, 0xFA1A,
	0x6F12, 0x7043,
	0x6F12, 0x90FB,
	0x6F12, 0xF1F0,
	0x6F12, 0x5146,
	0x6F12, 0x8842,
	0x6F12, 0x00D3,
	0x6F12, 0x3846,
	0x6F12, 0xA9F8,
	0x6F12, 0x0000,
	0x6F12, 0xB4F8,
	0x6F12, 0xB62A,
	0x6F12, 0xB5F8,
	0x6F12, 0xFC3A,
	0x6F12, 0x7243,
	0x6F12, 0x92FB,
	0x6F12, 0xF3F2,
	0x6F12, 0x09F1,
	0x6F12, 0x0200,
	0x6F12, 0x8A42,
	0x6F12, 0x00D3,
	0x6F12, 0x3A46,
	0x6F12, 0x20F8,
	0x6F12, 0x022B,
	0x6F12, 0xB4F8,
	0x6F12, 0xB82A,
	0x6F12, 0xB5F8,
	0x6F12, 0xFE3A,
	0x6F12, 0x7243,
	0x6F12, 0x92FB,
	0x6F12, 0xF3F2,
	0x6F12, 0x8A42,
	0x6F12, 0x00D3,
	0x6F12, 0x3A46,
	0x6F12, 0x20F8,
	0x6F12, 0x022B,
	0x6F12, 0xB4F8,
	0x6F12, 0xBA2A,
	0x6F12, 0xB5F8,
	0x6F12, 0x003B,
	0x6F12, 0x7243,
	0x6F12, 0x92FB,
	0x6F12, 0xF3F2,
	0x6F12, 0x8A42,
	0x6F12, 0x00D3,
	0x6F12, 0x3A46,
	0x6F12, 0x20F8,
	0x6F12, 0x022B,
	0x6F12, 0xB4F8,
	0x6F12, 0xBC2A,
	0x6F12, 0xB5F8,
	0x6F12, 0x023B,
	0x6F12, 0x7243,
	0x6F12, 0x92FB,
	0x6F12, 0xF3F2,
	0x6F12, 0x8A42,
	0x6F12, 0x00D3,
	0x6F12, 0x3A46,
	0x6F12, 0x20F8,
	0x6F12, 0x022B,
	0x6F12, 0xB4F8,
	0x6F12, 0xBE2A,
	0x6F12, 0xB5F8,
	0x6F12, 0x043B,
	0x6F12, 0x7243,
	0x6F12, 0x92FB,
	0x6F12, 0xF3F2,
	0x6F12, 0x8A42,
	0x6F12, 0x00D3,
	0x6F12, 0x3A46,
	0x6F12, 0x20F8,
	0x6F12, 0x022B,
	0x6F12, 0xB4F8,
	0x6F12, 0xC02A,
	0x6F12, 0xB5F8,
	0x6F12, 0x063B,
	0x6F12, 0x7243,
	0x6F12, 0x92FB,
	0x6F12, 0xF3F2,
	0x6F12, 0x8A42,
	0x6F12, 0x00D3,
	0x6F12, 0x3A46,
	0x6F12, 0x20F8,
	0x6F12, 0x022B,
	0x6F12, 0xB4F8,
	0x6F12, 0xC22A,
	0x6F12, 0xB5F8,
	0x6F12, 0x083B,
	0x6F12, 0x7243,
	0x6F12, 0x92FB,
	0x6F12, 0xF3F2,
	0x6F12, 0x8A42,
	0x6F12, 0x00D3,
	0x6F12, 0x3A46,
	0x6F12, 0x20F8,
	0x6F12, 0x022B,
	0x6F12, 0xB4F8,
	0x6F12, 0xC42A,
	0x6F12, 0xB5F8,
	0x6F12, 0x0A3B,
	0x6F12, 0x7243,
	0x6F12, 0x92FB,
	0x6F12, 0xF3F2,
	0x6F12, 0x8A42,
	0x6F12, 0x00D3,
	0x6F12, 0x3A46,
	0x6F12, 0x20F8,
	0x6F12, 0x022B,
	0x6F12, 0xB4F8,
	0x6F12, 0xC62A,
	0x6F12, 0xB5F8,
	0x6F12, 0x0C3B,
	0x6F12, 0x7243,
	0x6F12, 0x92FB,
	0x6F12, 0xF3F2,
	0x6F12, 0x8A42,
	0x6F12, 0x00D3,
	0x6F12, 0x3A46,
	0x6F12, 0x20F8,
	0x6F12, 0x022B,
	0x6F12, 0xB4F8,
	0x6F12, 0xC82A,
	0x6F12, 0xB5F8,
	0x6F12, 0x0E3B,
	0x6F12, 0x7243,
	0x6F12, 0x92FB,
	0x6F12, 0xF3F2,
	0x6F12, 0x8A42,
	0x6F12, 0x00D3,
	0x6F12, 0x3A46,
	0x6F12, 0x20F8,
	0x6F12, 0x022B,
	0x6F12, 0xB4F8,
	0x6F12, 0xCA2A,
	0x6F12, 0xB5F8,
	0x6F12, 0x103B,
	0x6F12, 0x7243,
	0x6F12, 0x92FB,
	0x6F12, 0xF3F2,
	0x6F12, 0x8A42,
	0x6F12, 0x00D3,
	0x6F12, 0x3A46,
	0x6F12, 0x20F8,
	0x6F12, 0x022B,
	0x6F12, 0xB4F8,
	0x6F12, 0xCC2A,
	0x6F12, 0xB5F8,
	0x6F12, 0x123B,
	0x6F12, 0x7243,
	0x6F12, 0x92FB,
	0x6F12, 0xF3F2,
	0x6F12, 0x8A42,
	0x6F12, 0x00D3,
	0x6F12, 0x3A46,
	0x6F12, 0x20F8,
	0x6F12, 0x022B,
	0x6F12, 0xB4F8,
	0x6F12, 0xCE2A,
	0x6F12, 0xB5F8,
	0x6F12, 0x143B,
	0x6F12, 0x7243,
	0x6F12, 0x92FB,
	0x6F12, 0xF3F2,
	0x6F12, 0x8A42,
	0x6F12, 0x00D3,
	0x6F12, 0x3A46,
	0x6F12, 0x20F8,
	0x6F12, 0x022B,
	0x6F12, 0xB4F8,
	0x6F12, 0xD02A,
	0x6F12, 0xB5F8,
	0x6F12, 0x163B,
	0x6F12, 0x7243,
	0x6F12, 0x92FB,
	0x6F12, 0xF3F2,
	0x6F12, 0x8A42,
	0x6F12, 0x00D3,
	0x6F12, 0x3A46,
	0x6F12, 0x20F8,
	0x6F12, 0x022B,
	0x6F12, 0xB4F8,
	0x6F12, 0xD22A,
	0x6F12, 0xB5F8,
	0x6F12, 0x183B,
	0x6F12, 0x7243,
	0x6F12, 0x92FB,
	0x6F12, 0xF3F2,
	0x6F12, 0x8A42,
	0x6F12, 0x00D3,
	0x6F12, 0x3A46,
	0x6F12, 0x20F8,
	0x6F12, 0x022B,
	0x6F12, 0xB4F8,
	0x6F12, 0xD42A,
	0x6F12, 0xB5F8,
	0x6F12, 0x1A3B,
	0x6F12, 0x7243,
	0x6F12, 0x92FB,
	0x6F12, 0xF3F2,
	0x6F12, 0x8A42,
	0x6F12, 0x00D3,
	0x6F12, 0x3A46,
	0x6F12, 0x20F8,
	0x6F12, 0x022B,
	0x6F12, 0xB4F8,
	0x6F12, 0xD62A,
	0x6F12, 0xB5F8,
	0x6F12, 0x1C3B,
	0x6F12, 0x7243,
	0x6F12, 0x92FB,
	0x6F12, 0xF3F2,
	0x6F12, 0x8A42,
	0x6F12, 0x00D3,
	0x6F12, 0x3A46,
	0x6F12, 0x20F8,
	0x6F12, 0x022B,
	0x6F12, 0xB4F8,
	0x6F12, 0xD82A,
	0x6F12, 0xB5F8,
	0x6F12, 0x1E3B,
	0x6F12, 0x7243,
	0x6F12, 0x92FB,
	0x6F12, 0xF3F2,
	0x6F12, 0x8A42,
	0x6F12, 0x00D3,
	0x6F12, 0x3A46,
	0x6F12, 0x20F8,
	0x6F12, 0x022B,
	0x6F12, 0xB4F8,
	0x6F12, 0xDA2A,
	0x6F12, 0xB5F8,
	0x6F12, 0x203B,
	0x6F12, 0x7243,
	0x6F12, 0x92FB,
	0x6F12, 0xF3F2,
	0x6F12, 0x8A42,
	0x6F12, 0x00D3,
	0x6F12, 0x3A46,
	0x6F12, 0x20F8,
	0x6F12, 0x022B,
	0x6F12, 0xB4F8,
	0x6F12, 0xDC2A,
	0x6F12, 0xB5F8,
	0x6F12, 0x223B,
	0x6F12, 0x7243,
	0x6F12, 0x92FB,
	0x6F12, 0xF3F2,
	0x6F12, 0x8A42,
	0x6F12, 0x00D3,
	0x6F12, 0x3A46,
	0x6F12, 0x20F8,
	0x6F12, 0x022B,
	0x6F12, 0xB4F8,
	0x6F12, 0xDE2A,
	0x6F12, 0xB5F8,
	0x6F12, 0x243B,
	0x6F12, 0x7243,
	0x6F12, 0x92FB,
	0x6F12, 0xF3F2,
	0x6F12, 0x8A42,
	0x6F12, 0x00D3,
	0x6F12, 0x3A46,
	0x6F12, 0x20F8,
	0x6F12, 0x022B,
	0x6F12, 0xB4F8,
	0x6F12, 0xE02A,
	0x6F12, 0xB5F8,
	0x6F12, 0x263B,
	0x6F12, 0x7243,
	0x6F12, 0x92FB,
	0x6F12, 0xF3F2,
	0x6F12, 0x8A42,
	0x6F12, 0x00D3,
	0x6F12, 0x3A46,
	0x6F12, 0x20F8,
	0x6F12, 0x022B,
	0x6F12, 0xB4F8,
	0x6F12, 0xE22A,
	0x6F12, 0xB5F8,
	0x6F12, 0x283B,
	0x6F12, 0x7243,
	0x6F12, 0x92FB,
	0x6F12, 0xF3F2,
	0x6F12, 0x8A42,
	0x6F12, 0x00D3,
	0x6F12, 0x3A46,
	0x6F12, 0x20F8,
	0x6F12, 0x022B,
	0x6F12, 0xB4F8,
	0x6F12, 0xE42A,
	0x6F12, 0xB5F8,
	0x6F12, 0x2A3B,
	0x6F12, 0x7243,
	0x6F12, 0x92FB,
	0x6F12, 0xF3F2,
	0x6F12, 0x8A42,
	0x6F12, 0x00D3,
	0x6F12, 0x3A46,
	0x6F12, 0x20F8,
	0x6F12, 0x022B,
	0x6F12, 0xB4F8,
	0x6F12, 0xE62A,
	0x6F12, 0xB5F8,
	0x6F12, 0x2C3B,
	0x6F12, 0x7243,
	0x6F12, 0x92FB,
	0x6F12, 0xF3F2,
	0x6F12, 0x8A42,
	0x6F12, 0x00D3,
	0x6F12, 0x3A46,
	0x6F12, 0x20F8,
	0x6F12, 0x022B,
	0x6F12, 0xB4F8,
	0x6F12, 0xE82A,
	0x6F12, 0xB5F8,
	0x6F12, 0x2E3B,
	0x6F12, 0x7243,
	0x6F12, 0x92FB,
	0x6F12, 0xF3F2,
	0x6F12, 0x8A42,
	0x6F12, 0x00D3,
	0x6F12, 0x3A46,
	0x6F12, 0x20F8,
	0x6F12, 0x022B,
	0x6F12, 0xB4F8,
	0x6F12, 0xEA2A,
	0x6F12, 0xB5F8,
	0x6F12, 0x303B,
	0x6F12, 0x7243,
	0x6F12, 0x92FB,
	0x6F12, 0xF3F2,
	0x6F12, 0x8A42,
	0x6F12, 0x00D3,
	0x6F12, 0x3A46,
	0x6F12, 0x20F8,
	0x6F12, 0x022B,
	0x6F12, 0xB4F8,
	0x6F12, 0xEC2A,
	0x6F12, 0xB5F8,
	0x6F12, 0x323B,
	0x6F12, 0x7243,
	0x6F12, 0x92FB,
	0x6F12, 0xF3F2,
	0x6F12, 0x8A42,
	0x6F12, 0x17D3,
	0x6F12, 0x15E0,
	0x6F12, 0x2001,
	0x6F12, 0xEF00,
	0x6F12, 0x2000,
	0x6F12, 0xECD0,
	0x6F12, 0x2002,
	0x6F12, 0x3600,
	0x6F12, 0x2001,
	0x6F12, 0xEEF4,
	0x6F12, 0x3F31,
	0x6F12, 0x7218,
	0x6F12, 0x3E75,
	0x6F12, 0xFDF0,
	0x6F12, 0x3D63,
	0x6F12, 0x5847,
	0x6F12, 0x3C1D,
	0x6F12, 0x955B,
	0x6F12, 0x3AAE,
	0x6F12, 0xC3FF,
	0x6F12, 0x3B80,
	0x6F12, 0x0000,
	0x6F12, 0x4580,
	0x6F12, 0x0000,
	0x6F12, 0x3A46,
	0x6F12, 0x20F8,
	0x6F12, 0x022B,
	0x6F12, 0xB4F8,
	0x6F12, 0xEE2A,
	0x6F12, 0xB5F8,
	0x6F12, 0x343B,
	0x6F12, 0x7243,
	0x6F12, 0x92FB,
	0x6F12, 0xF3F2,
	0x6F12, 0x8A42,
	0x6F12, 0x00D3,
	0x6F12, 0x3A46,
	0x6F12, 0x20F8,
	0x6F12, 0x022B,
	0x6F12, 0xB4F8,
	0x6F12, 0xF02A,
	0x6F12, 0xB5F8,
	0x6F12, 0x363B,
	0x6F12, 0x7243,
	0x6F12, 0x92FB,
	0x6F12, 0xF3F2,
	0x6F12, 0x8A42,
	0x6F12, 0x00D3,
	0x6F12, 0x3A46,
	0x6F12, 0x20F8,
	0x6F12, 0x022B,
	0x6F12, 0xB4F8,
	0x6F12, 0xF22A,
	0x6F12, 0xB5F8,
	0x6F12, 0x383B,
	0x6F12, 0x7243,
	0x6F12, 0x92FB,
	0x6F12, 0xF3F2,
	0x6F12, 0x5245,
	0x6F12, 0x00D3,
	0x6F12, 0x3A46,
	0x6F12, 0x20F8,
	0x6F12, 0x022B,
	0x6F12, 0x08F1,
	0x6F12, 0x0108,
	0x6F12, 0x8146,
	0x6F12, 0xB8F1,
	0x6F12, 0x200F,
	0x6F12, 0xFFF4,
	0x6F12, 0x55AE,
	0x6F12, 0x3EE4,
	0x6F12, 0xFE48,
	0x6F12, 0x90F8,
	0x6F12, 0x9C17,
	0x6F12, 0x51B1,
	0x6F12, 0xFD49,
	0x6F12, 0x0978,
	0x6F12, 0x39B9,
	0x6F12, 0xB0F8,
	0x6F12, 0x9C16,
	0x6F12, 0x8029,
	0x6F12, 0x03D3,
	0x6F12, 0xB0F8,
	0x6F12, 0x9E16,
	0x6F12, 0x8029,
	0x6F12, 0x01D2,
	0x6F12, 0x0121,
	0x6F12, 0x00E0,
	0x6F12, 0x0021,
	0x6F12, 0x90F8,
	0x6F12, 0xA407,
	0x6F12, 0x0843,
	0x6F12, 0xF549,
	0x6F12, 0x81F8,
	0x6F12, 0xB803,
	0x6F12, 0xF549,
	0x6F12, 0x0880,
	0x6F12, 0x7047,
	0x6F12, 0x10B5,
	0x6F12, 0x00F0,
	0x6F12, 0x1CFD,
	0x6F12, 0xA8B1,
	0x6F12, 0x0120,
	0x6F12, 0x00F0,
	0x6F12, 0x1DFD,
	0x6F12, 0xED4C,
	0x6F12, 0x94F8,
	0x6F12, 0x9E07,
	0x6F12, 0x00F0,
	0x6F12, 0x1DFD,
	0x6F12, 0xEE48,
	0x6F12, 0x0078,
	0x6F12, 0x84F8,
	0x6F12, 0xA207,
	0x6F12, 0x00F0,
	0x6F12, 0x1CFD,
	0x6F12, 0x0128,
	0x6F12, 0x0AD1,
	0x6F12, 0x0020,
	0x6F12, 0x84F8,
	0x6F12, 0xA407,
	0x6F12, 0xBDE8,
	0x6F12, 0x1040,
	0x6F12, 0xCAE7,
	0x6F12, 0xBDE8,
	0x6F12, 0x1040,
	0x6F12, 0x0020,
	0x6F12, 0x00F0,
	0x6F12, 0x05BD,
	0x6F12, 0x10BD,
	0x6F12, 0x2DE9,
	0x6F12, 0xF05F,
	0x6F12, 0xE548,
	0x6F12, 0xE44C,
	0x6F12, 0x4FF4,
	0x6F12, 0xD44B,
	0x6F12, 0x90F8,
	0x6F12, 0x9A07,
	0x6F12, 0x4FF0,
	0x6F12, 0x0009,
	0x6F12, 0xC4F8,
	0x6F12, 0x3C90,
	0x6F12, 0x2034,
	0x6F12, 0x48B1,
	0x6F12, 0xDFF8,
	0x6F12, 0x8083,
	0x6F12, 0xB8F8,
	0x6F12, 0x7800,
	0x6F12, 0xB8F8,
	0x6F12, 0x7A10,
	0x6F12, 0x8842,
	0x6F12, 0x05D2,
	0x6F12, 0x6180,
	0x6F12, 0x04E0,
	0x6F12, 0x0520,
	0x6F12, 0x2070,
	0x6F12, 0xBDE8,
	0x6F12, 0xF09F,
	0x6F12, 0x6080,
	0x6F12, 0xD84D,
	0x6F12, 0x6088,
	0x6F12, 0x4FF4,
	0x6F12, 0x7A7A,
	0x6F12, 0xEF6B,
	0x6F12, 0x0022,
	0x6F12, 0xA7FB,
	0x6F12, 0x0010,
	0x6F12, 0x5346,
	0x6F12, 0x00F0,
	0x6F12, 0xEBFC,
	0x6F12, 0xB8F8,
	0x6F12, 0x7C00,
	0x6F12, 0x0E46,
	0x6F12, 0xA7FB,
	0x6F12, 0x0010,
	0x6F12, 0x0022,
	0x6F12, 0x5346,
	0x6F12, 0x00F0,
	0x6F12, 0xE2FC,
	0x6F12, 0xB5F8,
	0x6F12, 0x7603,
	0x6F12, 0x761E,
	0x6F12, 0x401C,
	0x6F12, 0xB6FB,
	0x6F12, 0xF0F0,
	0x6F12, 0xA081,
	0x6F12, 0xB5F8,
	0x6F12, 0x7603,
	0x6F12, 0x491E,
	0x6F12, 0x401C,
	0x6F12, 0xB1FB,
	0x6F12, 0xF0F0,
	0x6F12, 0x6081,
	0x6F12, 0xB5F8,
	0x6F12, 0x4003,
	0x6F12, 0xE081,
	0x6F12, 0xA189,
	0x6F12, 0x6289,
	0x6F12, 0x1144,
	0x6F12, 0x0844,
	0x6F12, 0x2082,
	0x6F12, 0x00F0,
	0x6F12, 0xCFFC,
	0x6F12, 0xE080,
	0x6F12, 0xB5F8,
	0x6F12, 0x3616,
	0x6F12, 0x4FF2,
	0x6F12, 0x3C05,
	0x6F12, 0x081A,
	0x6F12, 0x80B2,
	0x6F12, 0x2081,
	0x6F12, 0x218A,
	0x6F12, 0x411A,
	0x6F12, 0x0029,
	0x6F12, 0x1EDD,
	0x6F12, 0x88B2,
	0x6F12, 0x6082,
	0x6F12, 0xE188,
	0x6F12, 0xBC4E,
	0x6F12, 0x0844,
	0x6F12, 0xF063,
	0x6F12, 0x00F0,
	0x6F12, 0xC0FC,
	0x6F12, 0xF16B,
	0x6F12, 0xC140,
	0x6F12, 0x2846,
	0x6F12, 0x00F0,
	0x6F12, 0xC0FC,
	0x6F12, 0xA089,
	0x6F12, 0xF18F,
	0x6F12, 0x0844,
	0x6F12, 0xE082,
	0x6F12, 0x98F8,
	0x6F12, 0x8100,
	0x6F12, 0x98F8,
	0x6F12, 0x8210,
	0x6F12, 0x40EA,
	0x6F12, 0x4100,
	0x6F12, 0x98F8,
	0x6F12, 0x8310,
	0x6F12, 0x40EA,
	0x6F12, 0x8100,
	0x6F12, 0xB149,
	0x6F12, 0x0883,
	0x6F12, 0x0120,
	0x6F12, 0x05E0,
	0x6F12, 0x4FF0,
	0x6F12, 0xFF31,
	0x6F12, 0x2846,
	0x6F12, 0x00F0,
	0x6F12, 0xA9FC,
	0x6F12, 0x4846,
	0x6F12, 0x2070,
	0x6F12, 0x2078,
	0x6F12, 0x5946,
	0x6F12, 0xBDE8,
	0x6F12, 0xF05F,
	0x6F12, 0x00F0,
	0x6F12, 0xA6BC,
	0x6F12, 0x70B5,
	0x6F12, 0xA548,
	0x6F12, 0xA44C,
	0x6F12, 0x4FF4,
	0x6F12, 0xD446,
	0x6F12, 0x90F8,
	0x6F12, 0x9A07,
	0x6F12, 0x2034,
	0x6F12, 0x4FF2,
	0x6F12, 0x3C05,
	0x6F12, 0x80B1,
	0x6F12, 0x0220,
	0x6F12, 0x2070,
	0x6F12, 0x00F0,
	0x6F12, 0x8DFC,
	0x6F12, 0xA04A,
	0x6F12, 0xA189,
	0x6F12, 0xD26B,
	0x6F12, 0x1144,
	0x6F12, 0xC140,
	0x6F12, 0x2846,
	0x6F12, 0x00F0,
	0x6F12, 0x8AFC,
	0x6F12, 0x3046,
	0x6F12, 0xBDE8,
	0x6F12, 0x7040,
	0x6F12, 0x00F0,
	0x6F12, 0x8FBC,
	0x6F12, 0x4FF0,
	0x6F12, 0xFF31,
	0x6F12, 0x2846,
	0x6F12, 0x00F0,
	0x6F12, 0x80FC,
	0x6F12, 0x9449,
	0x6F12, 0x0320,
	0x6F12, 0x81F8,
	0x6F12, 0x2000,
	0x6F12, 0xF0E7,
	0x6F12, 0x2DE9,
	0x6F12, 0xF047,
	0x6F12, 0x914C,
	0x6F12, 0x0027,
	0x6F12, 0x2034,
	0x6F12, 0x00F0,
	0x6F12, 0x6AFC,
	0x6F12, 0xDFF8,
	0x6F12, 0x3892,
	0x6F12, 0x2085,
	0x6F12, 0x4846,
	0x6F12, 0x10F8,
	0x6F12, 0x201F,
	0x6F12, 0x84F8,
	0x6F12, 0x2A10,
	0x6F12, 0x0078,
	0x6F12, 0x8B4E,
	0x6F12, 0x0128,
	0x6F12, 0x02D0,
	0x6F12, 0x0228,
	0x6F12, 0x4DD1,
	0x6F12, 0x0AE0,
	0x6F12, 0xE188,
	0x6F12, 0xD6F8,
	0x6F12, 0x3406,
	0x6F12, 0x401A,
	0x6F12, 0x218A,
	0x6F12, 0x471A,
	0x6F12, 0xB6F8,
	0x6F12, 0x7603,
	0x6F12, 0x7F1C,
	0x6F12, 0x401E,
	0x6F12, 0x4743,
	0x6F12, 0x00F0,
	0x6F12, 0x67FC,
	0x6F12, 0xDFF8,
	0x6F12, 0x0882,
	0x6F12, 0x8246,
	0x6F12, 0x316C,
	0x6F12, 0xB8F8,
	0x6F12, 0x7E00,
	0x6F12, 0x0025,
	0x6F12, 0xA1FB,
	0x6F12, 0x0010,
	0x6F12, 0x2A46,
	0x6F12, 0x4FF4,
	0x6F12, 0x7A73,
	0x6F12, 0x00F0,
	0x6F12, 0x3BFC,
	0x6F12, 0xC819,
	0x6F12, 0xA061,
	0x6F12, 0xB6F8,
	0x6F12, 0x7613,
	0x6F12, 0x401E,
	0x6F12, 0x491C,
	0x6F12, 0xB0FB,
	0x6F12, 0xF1F0,
	0x6F12, 0x2084,
	0x6F12, 0x98F8,
	0x6F12, 0x8000,
	0x6F12, 0xA169,
	0x6F12, 0x0144,
	0x6F12, 0xB1FB,
	0x6F12, 0xF0F0,
	0x6F12, 0xA061,
	0x6F12, 0x00F0,
	0x6F12, 0x47FC,
	0x6F12, 0x4946,
	0x6F12, 0x03E0,
	0x6F12, 0xA269,
	0x6F12, 0x6D1C,
	0x6F12, 0xAA42,
	0x6F12, 0x03D9,
	0x6F12, 0x91F8,
	0x6F12, 0x2020,
	0x6F12, 0x032A,
	0x6F12, 0xF7D1,
	0x6F12, 0x00F0,
	0x6F12, 0x40FC,
	0x6F12, 0xB6F8,
	0x6F12, 0x7613,
	0x6F12, 0x401E,
	0x6F12, 0x491C,
	0x6F12, 0xB0FB,
	0x6F12, 0xF1F0,
	0x6F12, 0x6084,
	0x6F12, 0xA069,
	0x6F12, 0xA842,
	0x6F12, 0x04D8,
	0x6F12, 0x0021,
	0x6F12, 0x40F6,
	0x6F12, 0x1460,
	0x6F12, 0x00F0,
	0x6F12, 0x4BFB,
	0x6F12, 0x5046,
	0x6F12, 0x00F0,
	0x6F12, 0x2EFC,
	0x6F12, 0x8008,
	0x6F12, 0xE061,
	0x6F12, 0xBDE8,
	0x6F12, 0xF047,
	0x6F12, 0x4FF0,
	0x6F12, 0xFF31,
	0x6F12, 0x4FF2,
	0x6F12, 0x3C00,
	0x6F12, 0x00F0,
	0x6F12, 0x10BC,
	0x6F12, 0xF0B5,
	0x6F12, 0xC0EB,
	0x6F12, 0x0010,
	0x6F12, 0x604E,
	0x6F12, 0x0022,
	0x6F12, 0x00EB,
	0x6F12, 0x8000,
	0x6F12, 0x4FF0,
	0x6F12, 0x8043,
	0x6F12, 0x1146,
	0x6F12, 0x4FF6,
	0x6F12, 0xFC45,
	0x6F12, 0x06EB,
	0x6F12, 0x8004,
	0x6F12, 0x23E0,
	0x6F12, 0xA842,
	0x6F12, 0x12D3,
	0x6F12, 0x06D1,
	0x6F12, 0x04EB,
	0x6F12, 0x4100,
	0x6F12, 0xB0F8,
	0x6F12, 0x8002,
	0x6F12, 0x4FEA,
	0x6F12, 0x0043,
	0x6F12, 0x16E0,
	0x6F12, 0xA0F5,
	0x6F12, 0x7F47,
	0x6F12, 0xFC3F,
	0x6F12, 0x02D0,
	0x6F12, 0x7F1E,
	0x6F12, 0x02D0,
	0x6F12, 0x0FE0,
	0x6F12, 0x0122,
	0x6F12, 0x0DE0,
	0x6F12, 0x0022,
	0x6F12, 0x0BE0,
	0x6F12, 0x04EB,
	0x6F12, 0x4107,
	0x6F12, 0x22B1,
	0x6F12, 0x1843,
	0x6F12, 0x97F8,
	0x6F12, 0x8172,
	0x6F12, 0x0770,
	0x6F12, 0x03E0,
	0x6F12, 0x1843,
	0x6F12, 0xB7F8,
	0x6F12, 0x8072,
	0x6F12, 0x0780,
	0x6F12, 0x491C,
	0x6F12, 0x9629,
	0x6F12, 0x05D2,
	0x6F12, 0x06EB,
	0x6F12, 0x4100,
	0x6F12, 0xB0F8,
	0x6F12, 0x5401,
	0x6F12, 0x0028,
	0x6F12, 0xD5D1,
	0x6F12, 0xF0BD,
	0x6F12, 0x2DE9,
	0x6F12, 0xF84F,
	0x6F12, 0x1C46,
	0x6F12, 0x0093,
	0x6F12, 0x8846,
	0x6F12, 0x1546,
	0x6F12, 0x1346,
	0x6F12, 0x0646,
	0x6F12, 0x0022,
	0x6F12, 0x4149,
	0x6F12, 0x00F0,
	0x6F12, 0xE3FB,
	0x6F12, 0x3F49,
	0x6F12, 0x2B46,
	0x6F12, 0x0122,
	0x6F12, 0x2831,
	0x6F12, 0x3046,
	0x6F12, 0x0094,
	0x6F12, 0x00F0,
	0x6F12, 0xDBFB,
	0x6F12, 0x3B49,
	0x6F12, 0x2B46,
	0x6F12, 0x0222,
	0x6F12, 0x5031,
	0x6F12, 0x3046,
	0x6F12, 0x0094,
	0x6F12, 0x00F0,
	0x6F12, 0xD3FB,
	0x6F12, 0x98F8,
	0x6F12, 0xC404,
	0x6F12, 0x0028,
	0x6F12, 0x54D0,
	0x6F12, 0x00F0,
	0x6F12, 0xD2FB,
	0x6F12, 0x0028,
	0x6F12, 0xFAD0,
	0x6F12, 0x0027,
	0x6F12, 0x00F0,
	0x6F12, 0xCDFB,
	0x6F12, 0x0328,
	0x6F12, 0x7DD0,
	0x6F12, 0x00F0,
	0x6F12, 0xCEFB,
	0x6F12, 0x050A,
	0x6F12, 0xB5FA,
	0x6F12, 0x85F0,
	0x6F12, 0xC0F1,
	0x6F12, 0x2001,
	0x6F12, 0x0929,
	0x6F12, 0x00D2,
	0x6F12, 0x0921,
	0x6F12, 0x05F0,
	0x6F12, 0xFF0B,
	0x6F12, 0xA1F1,
	0x6F12, 0x0802,
	0x6F12, 0xB7FA,
	0x6F12, 0x87F0,
	0x6F12, 0xC0F1,
	0x6F12, 0x2005,
	0x6F12, 0x0939,
	0x6F12, 0x092D,
	0x6F12, 0x00D2,
	0x6F12, 0x0925,
	0x6F12, 0xA5F1,
	0x6F12, 0x0806,
	0x6F12, 0x093D,
	0x6F12, 0xFFB2,
	0x6F12, 0x0429,
	0x6F12, 0x01D3,
	0x6F12, 0x0422,
	0x6F12, 0x1146,
	0x6F12, 0x042D,
	0x6F12, 0x01D3,
	0x6F12, 0x0426,
	0x6F12, 0x3546,
	0x6F12, 0x0020,
	0x6F12, 0x01EB,
	0x6F12, 0x810A,
	0x6F12, 0x02EB,
	0x6F12, 0x8209,
	0x6F12, 0x00EB,
	0x6F12, 0xC001,
	0x6F12, 0x01EB,
	0x6F12, 0x0012,
	0x6F12, 0x08EB,
	0x6F12, 0x4201,
	0x6F12, 0x01EB,
	0x6F12, 0x4A02,
	0x6F12, 0x02F2,
	0x6F12, 0xC642,
	0x6F12, 0x01EB,
	0x6F12, 0x4901,
	0x6F12, 0x32F8,
	0x6F12, 0x1630,
	0x6F12, 0x32F8,
	0x6F12, 0x1520,
	0x6F12, 0x01F2,
	0x6F12, 0xC641,
	0x6F12, 0x9B1A,
	0x6F12, 0x7B43,
	0x6F12, 0x8033,
	0x6F12, 0x02EB,
	0x6F12, 0x2322,
	0x6F12, 0x31F8,
	0x6F12, 0x1630,
	0x6F12, 0x31F8,
	0x6F12, 0x1510,
	0x6F12, 0x5B1A,
	0x6F12, 0x7B43,
	0x6F12, 0x8033,
	0x6F12, 0x01EB,
	0x6F12, 0x2321,
	0x6F12, 0x891A,
	0x6F12, 0x01FB,
	0x6F12, 0x0BF1,
	0x6F12, 0x8031,
	0x6F12, 0x18E0,
	0x6F12, 0x90E0,
	0x6F12, 0x2000,
	0x6F12, 0xECD0,
	0x6F12, 0x2000,
	0x6F12, 0x83E0,
	0x6F12, 0x2000,
	0x6F12, 0xFCD0,
	0x6F12, 0x4000,
	0x6F12, 0xAE00,
	0x6F12, 0x2000,
	0x6F12, 0x84C0,
	0x6F12, 0x2001,
	0x6F12, 0x9040,
	0x6F12, 0x2001,
	0x6F12, 0x8400,
	0x6F12, 0x2000,
	0x6F12, 0x2110,
	0x6F12, 0x2001,
	0x6F12, 0xEF00,
	0x6F12, 0x4000,
	0x6F12, 0x6A00,
	0x6F12, 0x2000,
	0x6F12, 0x12E0,
	0x6F12, 0x2000,
	0x6F12, 0xF294,
	0x6F12, 0x02EB,
	0x6F12, 0x2121,
	0x6F12, 0x54F8,
	0x6F12, 0x2020,
	0x6F12, 0x4A43,
	0x6F12, 0x110B,
	0x6F12, 0x44F8,
	0x6F12, 0x2010,
	0x6F12, 0x401C,
	0x6F12, 0x0428,
	0x6F12, 0xB6D3,
	0x6F12, 0x0020,
	0x6F12, 0x00EB,
	0x6F12, 0xC001,
	0x6F12, 0x01EB,
	0x6F12, 0x0012,
	0x6F12, 0x08EB,
	0x6F12, 0x4201,
	0x6F12, 0x01EB,
	0x6F12, 0x4A02,
	0x6F12, 0x01EB,
	0x6F12, 0x4901,
	0x6F12, 0x02F2,
	0x6F12, 0x5662,
	0x6F12, 0x00E0,
	0x6F12, 0x27E0,
	0x6F12, 0x32F8,
	0x6F12, 0x1630,
	0x6F12, 0x32F8,
	0x6F12, 0x1520,
	0x6F12, 0x01F2,
	0x6F12, 0x5661,
	0x6F12, 0x9B1A,
	0x6F12, 0x7B43,
	0x6F12, 0x8033,
	0x6F12, 0x02EB,
	0x6F12, 0x2322,
	0x6F12, 0x31F8,
	0x6F12, 0x1630,
	0x6F12, 0x31F8,
	0x6F12, 0x1510,
	0x6F12, 0x5B1A,
	0x6F12, 0x7B43,
	0x6F12, 0x8033,
	0x6F12, 0x01EB,
	0x6F12, 0x2321,
	0x6F12, 0x891A,
	0x6F12, 0x01FB,
	0x6F12, 0x0BF1,
	0x6F12, 0x8031,
	0x6F12, 0x02EB,
	0x6F12, 0x2122,
	0x6F12, 0x04EB,
	0x6F12, 0x8001,
	0x6F12, 0x401C,
	0x6F12, 0x0B69,
	0x6F12, 0x5343,
	0x6F12, 0x1A0B,
	0x6F12, 0x0A61,
	0x6F12, 0x0428,
	0x6F12, 0xCED3,
	0x6F12, 0x00F0,
	0x6F12, 0x27FB,
	0x6F12, 0x0328,
	0x6F12, 0x07D0,
	0x6F12, 0x36E0,
	0x6F12, 0x00F0,
	0x6F12, 0x2CFB,
	0x6F12, 0x050A,
	0x6F12, 0x00F0,
	0x6F12, 0x2EFB,
	0x6F12, 0x070A,
	0x6F12, 0x54E7,
	0x6F12, 0x0020,
	0x6F12, 0x00EB,
	0x6F12, 0xC001,
	0x6F12, 0x01EB,
	0x6F12, 0x0012,
	0x6F12, 0x08EB,
	0x6F12, 0x4201,
	0x6F12, 0x01EB,
	0x6F12, 0x4A02,
	0x6F12, 0x02F2,
	0x6F12, 0x8E52,
	0x6F12, 0x01EB,
	0x6F12, 0x4901,
	0x6F12, 0x32F8,
	0x6F12, 0x1630,
	0x6F12, 0x32F8,
	0x6F12, 0x1520,
	0x6F12, 0x01F2,
	0x6F12, 0x8E51,
	0x6F12, 0x9B1A,
	0x6F12, 0x7B43,
	0x6F12, 0x8033,
	0x6F12, 0x02EB,
	0x6F12, 0x2322,
	0x6F12, 0x31F8,
	0x6F12, 0x1630,
	0x6F12, 0x31F8,
	0x6F12, 0x1510,
	0x6F12, 0x5B1A,
	0x6F12, 0x7B43,
	0x6F12, 0x8033,
	0x6F12, 0x01EB,
	0x6F12, 0x2321,
	0x6F12, 0x891A,
	0x6F12, 0x01FB,
	0x6F12, 0x0BF1,
	0x6F12, 0x8031,
	0x6F12, 0x02EB,
	0x6F12, 0x2122,
	0x6F12, 0x04EB,
	0x6F12, 0x8001,
	0x6F12, 0x401C,
	0x6F12, 0x0B6A,
	0x6F12, 0x5343,
	0x6F12, 0x1A0B,
	0x6F12, 0x0A62,
	0x6F12, 0x0428,
	0x6F12, 0xD0D3,
	0x6F12, 0xDFF8,
	0x6F12, 0x6483,
	0x6F12, 0x0025,
	0x6F12, 0x08EB,
	0x6F12, 0x8507,
	0x6F12, 0x54F8,
	0x6F12, 0x2510,
	0x6F12, 0xD7F8,
	0x6F12, 0xDC05,
	0x6F12, 0x04EB,
	0x6F12, 0x8506,
	0x6F12, 0x4143,
	0x6F12, 0x080B,
	0x6F12, 0x44F8,
	0x6F12, 0x2500,
	0x6F12, 0x3069,
	0x6F12, 0xD7F8,
	0x6F12, 0x0416,
	0x6F12, 0x4843,
	0x6F12, 0x000B,
	0x6F12, 0x3061,
	0x6F12, 0x00F0,
	0x6F12, 0xD6FA,
	0x6F12, 0x0328,
	0x6F12, 0x05D1,
	0x6F12, 0x306A,
	0x6F12, 0xD7F8,
	0x6F12, 0x2C16,
	0x6F12, 0x4843,
	0x6F12, 0x000B,
	0x6F12, 0x3062,
	0x6F12, 0x6D1C,
	0x6F12, 0x042D,
	0x6F12, 0xE0D3,
	0x6F12, 0xBDE8,
	0x6F12, 0xF88F,
	0x6F12, 0x2DE9,
	0x6F12, 0xF05F,
	0x6F12, 0x9846,
	0x6F12, 0x1646,
	0x6F12, 0x0D46,
	0x6F12, 0x0446,
	0x6F12, 0x00F0,
	0x6F12, 0xD5FA,
	0x6F12, 0x0746,
	0x6F12, 0xB6FA,
	0x6F12, 0x86F0,
	0x6F12, 0xC0F1,
	0x6F12, 0x2001,
	0x6F12, 0xB7FA,
	0x6F12, 0x87F0,
	0x6F12, 0xC0F1,
	0x6F12, 0x2000,
	0x6F12, 0x0844,
	0x6F12, 0x2028,
	0x6F12, 0x01D8,
	0x6F12, 0x0020,
	0x6F12, 0x00E0,
	0x6F12, 0x2038,
	0x6F12, 0xBC4B,
	0x6F12, 0x84F8,
	0x6F12, 0x2000,
	0x6F12, 0x4FEA,
	0x6F12, 0x1810,
	0x6F12, 0x1988,
	0x6F12, 0xA980,
	0x6F12, 0xBA49,
	0x6F12, 0x91F8,
	0x6F12, 0x2220,
	0x6F12, 0x1121,
	0x6F12, 0x9143,
	0x6F12, 0x06D0,
	0x6F12, 0x0022,
	0x6F12, 0xB3F8,
	0x6F12, 0x7E1A,
	0x6F12, 0x5FEA,
	0x6F12, 0x020A,
	0x6F12, 0x02D0,
	0x6F12, 0x06E0,
	0x6F12, 0x0122,
	0x6F12, 0xF7E7,
	0x6F12, 0x8142,
	0x6F12, 0x01D2,
	0x6F12, 0x0846,
	0x6F12, 0x00E0,
	0x6F12, 0x0020,
	0x6F12, 0x94F8,
	0x6F12, 0x2020,
	0x6F12, 0xBAB1,
	0x6F12, 0x00F0,
	0x6F12, 0x6FFA,
	0x6F12, 0x26FA,
	0x6F12, 0x00F0,
	0x6F12, 0x2860,
	0x6F12, 0xA888,
	0x6F12, 0xA080,
	0x6F12, 0x2660,
	0x6F12, 0x94F8,
	0x6F12, 0x2000,
	0x6F12, 0xC640,
	0x6F12, 0x7E43,
	0x6F12, 0x4FF4,
	0x6F12, 0x8050,
	0x6F12, 0xC4E9,
	0x6F12, 0x0460,
	0x6F12, 0xE16A,
	0x6F12, 0x4843,
	0x6F12, 0x216B,
	0x6F12, 0x000B,
	0x6F12, 0x4843,
	0x6F12, 0x000B,
	0x6F12, 0x6061,
	0x6F12, 0x55E5,
	0x6F12, 0x06FB,
	0x6F12, 0x0708,
	0x6F12, 0xD3F8,
	0x6F12, 0x840A,
	0x6F12, 0x9B46,
	0x6F12, 0x4045,
	0x6F12, 0x02D9,
	0x6F12, 0xB0FB,
	0x6F12, 0xF7F6,
	0x6F12, 0x8046,
	0x6F12, 0xA8EB,
	0x6F12, 0x0109,
	0x6F12, 0xB9FB,
	0x6F12, 0xF7F7,
	0x6F12, 0x00F0,
	0x6F12, 0x49FA,
	0x6F12, 0xC740,
	0x6F12, 0xBAF1,
	0x6F12, 0x000F,
	0x6F12, 0x07D0,
	0x6F12, 0xBBF8,
	0x6F12, 0xD810,
	0x6F12, 0x07FB,
	0x6F12, 0x1190,
	0x6F12, 0xA988,
	0x6F12, 0x8142,
	0x6F12, 0x00D9,
	0x6F12, 0x7F1E,
	0x6F12, 0xDFF8,
	0x6F12, 0x5492,
	0x6F12, 0x99F9,
	0x6F12, 0x0700,
	0x6F12, 0x3844,
	0x6F12, 0x2860,
	0x6F12, 0xA888,
	0x6F12, 0xA080,
	0x6F12, 0x00F0,
	0x6F12, 0x33FA,
	0x6F12, 0x2968,
	0x6F12, 0x8140,
	0x6F12, 0x2160,
	0x6F12, 0x99F9,
	0x6F12, 0x0600,
	0x6F12, 0x2968,
	0x6F12, 0xAB88,
	0x6F12, 0x0A1A,
	0x6F12, 0xBBF8,
	0x6F12, 0xD810,
	0x6F12, 0xBBF8,
	0x6F12, 0x7E0A,
	0x6F12, 0x02FB,
	0x6F12, 0x0131,
	0x6F12, 0x0B18,
	0x6F12, 0x8848,
	0x6F12, 0x2361,
	0x6F12, 0x90F8,
	0x6F12, 0x2210,
	0x6F12, 0xC907,
	0x6F12, 0x05D0,
	0x6F12, 0x90F8,
	0x6F12, 0x2300,
	0x6F12, 0xB042,
	0x6F12, 0x01D8,
	0x6F12, 0x0120,
	0x6F12, 0x00E0,
	0x6F12, 0x0020,
	0x6F12, 0x38B1,
	0x6F12, 0x4FEA,
	0x6F12, 0x1850,
	0x6F12, 0x4FEA,
	0x6F12, 0x0831,
	0x6F12, 0x0022,
	0x6F12, 0x00F0,
	0x6F12, 0x05FA,
	0x6F12, 0x01E0,
	0x6F12, 0x4FF4,
	0x6F12, 0x8051,
	0x6F12, 0x6161,
	0x6F12, 0x99F8,
	0x6F12, 0x0600,
	0x6F12, 0x84F8,
	0x6F12, 0x3500,
	0x6F12, 0x0846,
	0x6F12, 0xA3E7,
	0x6F12, 0x774B,
	0x6F12, 0x30B4,
	0x6F12, 0x93F8,
	0x6F12, 0x9B44,
	0x6F12, 0x002C,
	0x6F12, 0x15D1,
	0x6F12, 0x92F8,
	0x6F12, 0x2040,
	0x6F12, 0x002C,
	0x6F12, 0x11D1,
	0x6F12, 0x92F8,
	0x6F12, 0x3540,
	0x6F12, 0xB3F8,
	0x6F12, 0xD850,
	0x6F12, 0x041B,
	0x6F12, 0x04FB,
	0x6F12, 0x0511,
	0x6F12, 0xB3F8,
	0x6F12, 0x7E3A,
	0x6F12, 0x1269,
	0x6F12, 0x1944,
	0x6F12, 0x8A42,
	0x6F12, 0x04D0,
	0x6F12, 0x0146,
	0x6F12, 0x30BC,
	0x6F12, 0x0B20,
	0x6F12, 0x00F0,
	0x6F12, 0x1CB9,
	0x6F12, 0x30BC,
	0x6F12, 0x7047,
	0x6F12, 0x6A4A,
	0x6F12, 0xD1ED,
	0x6F12, 0x080A,
	0x6F12, 0x121F,
	0x6F12, 0x1388,
	0x6F12, 0x00EE,
	0x6F12, 0x103A,
	0x6F12, 0xB8EE,
	0x6F12, 0x400A,
	0x6F12, 0x20EE,
	0x6F12, 0x800A,
	0x6F12, 0xBCEE,
	0x6F12, 0xC00A,
	0x6F12, 0x10EE,
	0x6F12, 0x103A,
	0x6F12, 0x0380,
	0x6F12, 0xD1ED,
	0x6F12, 0x090A,
	0x6F12, 0x5188,
	0x6F12, 0x00EE,
	0x6F12, 0x101A,
	0x6F12, 0xB8EE,
	0x6F12, 0x400A,
	0x6F12, 0x20EE,
	0x6F12, 0x800A,
	0x6F12, 0xBCEE,
	0x6F12, 0xC00A,
	0x6F12, 0x10EE,
	0x6F12, 0x101A,
	0x6F12, 0x4180,
	0x6F12, 0x4FF4,
	0x6F12, 0x8061,
	0x6F12, 0x8180,
	0x6F12, 0x7047,
	0x6F12, 0x70B5,
	0x6F12, 0x5A4C,
	0x6F12, 0x0022,
	0x6F12, 0x5A49,
	0x6F12, 0x236A,
	0x6F12, 0x5A48,
	0x6F12, 0x9847,
	0x6F12, 0x5A4D,
	0x6F12, 0x0022,
	0x6F12, 0x5A49,
	0x6F12, 0x2860,
	0x6F12, 0x236A,
	0x6F12, 0x5948,
	0x6F12, 0x9847,
	0x6F12, 0x6860,
	0x6F12, 0x236A,
	0x6F12, 0x0022,
	0x6F12, 0x5849,
	0x6F12, 0x5848,
	0x6F12, 0x9847,
	0x6F12, 0xA860,
	0x6F12, 0x236A,
	0x6F12, 0x0022,
	0x6F12, 0x5749,
	0x6F12, 0x5748,
	0x6F12, 0x9847,
	0x6F12, 0xE860,
	0x6F12, 0x236A,
	0x6F12, 0x0022,
	0x6F12, 0x5649,
	0x6F12, 0x5648,
	0x6F12, 0x9847,
	0x6F12, 0x2861,
	0x6F12, 0x236A,
	0x6F12, 0x0022,
	0x6F12, 0x5349,
	0x6F12, 0x5348,
	0x6F12, 0x9847,
	0x6F12, 0x2861,
	0x6F12, 0x236A,
	0x6F12, 0x0022,
	0x6F12, 0x5249,
	0x6F12, 0x5248,
	0x6F12, 0x9847,
	0x6F12, 0x6861,
	0x6F12, 0x236A,
	0x6F12, 0x0022,
	0x6F12, 0x5149,
	0x6F12, 0x5148,
	0x6F12, 0x9847,
	0x6F12, 0xA861,
	0x6F12, 0x0022,
	0x6F12, 0xAFF6,
	0x6F12, 0x9171,
	0x6F12, 0x236A,
	0x6F12, 0x4F48,
	0x6F12, 0x9847,
	0x6F12, 0xE861,
	0x6F12, 0x0022,
	0x6F12, 0xAFF6,
	0x6F12, 0x5571,
	0x6F12, 0x236A,
	0x6F12, 0x4C48,
	0x6F12, 0x9847,
	0x6F12, 0x2862,
	0x6F12, 0x0022,
	0x6F12, 0xAFF6,
	0x6F12, 0x4D71,
	0x6F12, 0x236A,
	0x6F12, 0x4A48,
	0x6F12, 0x9847,
	0x6F12, 0x6862,
	0x6F12, 0x0022,
	0x6F12, 0xAFF6,
	0x6F12, 0x9F51,
	0x6F12, 0x236A,
	0x6F12, 0x4748,
	0x6F12, 0x9847,
	0x6F12, 0xA862,
	0x6F12, 0x0022,
	0x6F12, 0xAFF6,
	0x6F12, 0x5551,
	0x6F12, 0x236A,
	0x6F12, 0x4548,
	0x6F12, 0x9847,
	0x6F12, 0xE862,
	0x6F12, 0x0022,
	0x6F12, 0xAFF6,
	0x6F12, 0x1351,
	0x6F12, 0x236A,
	0x6F12, 0x4248,
	0x6F12, 0x9847,
	0x6F12, 0x2863,
	0x6F12, 0x0022,
	0x6F12, 0xAFF2,
	0x6F12, 0xAF71,
	0x6F12, 0x236A,
	0x6F12, 0x4048,
	0x6F12, 0x9847,
	0x6F12, 0x0022,
	0x6F12, 0xAFF2,
	0x6F12, 0x7B71,
	0x6F12, 0x236A,
	0x6F12, 0x3E48,
	0x6F12, 0x9847,
	0x6F12, 0x2864,
	0x6F12, 0x0022,
	0x6F12, 0xAFF2,
	0x6F12, 0x8561,
	0x6F12, 0x236A,
	0x6F12, 0x3B48,
	0x6F12, 0x9847,
	0x6F12, 0x6864,
	0x6F12, 0x0022,
	0x6F12, 0xAFF2,
	0x6F12, 0x4961,
	0x6F12, 0x236A,
	0x6F12, 0x3948,
	0x6F12, 0x9847,
	0x6F12, 0xA864,
	0x6F12, 0x0022,
	0x6F12, 0xAFF6,
	0x6F12, 0x1951,
	0x6F12, 0x236A,
	0x6F12, 0x3648,
	0x6F12, 0x9847,
	0x6F12, 0x6863,
	0x6F12, 0xAFF6,
	0x6F12, 0x6540,
	0x6F12, 0xE067,
	0x6F12, 0x0022,
	0x6F12, 0xAFF2,
	0x6F12, 0x9351,
	0x6F12, 0x236A,
	0x6F12, 0x3248,
	0x6F12, 0x9847,
	0x6F12, 0xE864,
	0x6F12, 0x0022,
	0x6F12, 0xAFF6,
	0x6F12, 0xE931,
	0x6F12, 0x236A,
	0x6F12, 0x3048,
	0x6F12, 0x9847,
	0x6F12, 0xA863,
	0x6F12, 0x0022,
	0x6F12, 0xAFF2,
	0x6F12, 0x3B51,
	0x6F12, 0x236A,
	0x6F12, 0x2D48,
	0x6F12, 0x9847,
	0x6F12, 0x2865,
	0x6F12, 0x0022,
	0x6F12, 0xAFF2,
	0x6F12, 0xF521,
	0x6F12, 0x236A,
	0x6F12, 0x2B48,
	0x6F12, 0x9847,
	0x6F12, 0x6865,
	0x6F12, 0x0022,
	0x6F12, 0xAFF2,
	0x6F12, 0xBF11,
	0x6F12, 0x236A,
	0x6F12, 0x2848,
	0x6F12, 0x9847,
	0x6F12, 0xA865,
	0x6F12, 0x0022,
	0x6F12, 0xAFF2,
	0x6F12, 0x9311,
	0x6F12, 0x236A,
	0x6F12, 0x2648,
	0x6F12, 0x9847,
	0x6F12, 0xE865,
	0x6F12, 0x70BD,
	0x6F12, 0x0000,
	0x6F12, 0x2000,
	0x6F12, 0xECD0,
	0x6F12, 0x2001,
	0x6F12, 0xC8F0,
	0x6F12, 0x2000,
	0x6F12, 0x21F0,
	0x6F12, 0x2001,
	0x6F12, 0xEEF4,
	0x6F12, 0x2000,
	0x6F12, 0x8A80,
	0x6F12, 0x2001,
	0x6F12, 0xD631,
	0x6F12, 0x0000,
	0x6F12, 0x3D31,
	0x6F12, 0x2001,
	0x6F12, 0xEF00,
	0x6F12, 0x2001,
	0x6F12, 0xD6BF,
	0x6F12, 0x0001,
	0x6F12, 0x9C21,
	0x6F12, 0x2001,
	0x6F12, 0xD743,
	0x6F12, 0x0001,
	0x6F12, 0x8907,
	0x6F12, 0x2001,
	0x6F12, 0xD851,
	0x6F12, 0x0001,
	0x6F12, 0xC427,
	0x6F12, 0x2001,
	0x6F12, 0xD891,
	0x6F12, 0x0001,
	0x6F12, 0x00B5,
	0x6F12, 0x2001,
	0x6F12, 0xDA6B,
	0x6F12, 0x0000,
	0x6F12, 0x4305,
	0x6F12, 0x2001,
	0x6F12, 0xDAE9,
	0x6F12, 0x0000,
	0x6F12, 0x1659,
	0x6F12, 0x0000,
	0x6F12, 0x11C9,
	0x6F12, 0x0001,
	0x6F12, 0x7D6F,
	0x6F12, 0x0000,
	0x6F12, 0xEE2B,
	0x6F12, 0x0000,
	0x6F12, 0xE659,
	0x6F12, 0x0000,
	0x6F12, 0xE601,
	0x6F12, 0x0000,
	0x6F12, 0x5185,
	0x6F12, 0x0000,
	0x6F12, 0xCBCF,
	0x6F12, 0x0001,
	0x6F12, 0x98CB,
	0x6F12, 0x0001,
	0x6F12, 0x99CB,
	0x6F12, 0x0001,
	0x6F12, 0x9B1D,
	0x6F12, 0x0000,
	0x6F12, 0x55DD,
	0x6F12, 0x0001,
	0x6F12, 0x4FDD,
	0x6F12, 0x0000,
	0x6F12, 0x7645,
	0x6F12, 0x0000,
	0x6F12, 0xBD61,
	0x6F12, 0x0002,
	0x6F12, 0x85BF,
	0x6F12, 0x0002,
	0x6F12, 0x8925,
	0x6F12, 0x0000,
	0x6F12, 0x70C3,
	0x6F12, 0x45F6,
	0x6F12, 0xED6C,
	0x6F12, 0xC0F2,
	0x6F12, 0x010C,
	0x6F12, 0x6047,
	0x6F12, 0x49F2,
	0x6F12, 0x194C,
	0x6F12, 0xC0F2,
	0x6F12, 0x020C,
	0x6F12, 0x6047,
	0x6F12, 0x49F2,
	0x6F12, 0x254C,
	0x6F12, 0xC0F2,
	0x6F12, 0x020C,
	0x6F12, 0x6047,
	0x6F12, 0x43F6,
	0x6F12, 0x235C,
	0x6F12, 0xC0F2,
	0x6F12, 0x000C,
	0x6F12, 0x6047,
	0x6F12, 0x43F6,
	0x6F12, 0x095C,
	0x6F12, 0xC0F2,
	0x6F12, 0x000C,
	0x6F12, 0x6047,
	0x6F12, 0x4BF2,
	0x6F12, 0x390C,
	0x6F12, 0xC0F2,
	0x6F12, 0x010C,
	0x6F12, 0x6047,
	0x6F12, 0x48F6,
	0x6F12, 0x8B5C,
	0x6F12, 0xC0F2,
	0x6F12, 0x010C,
	0x6F12, 0x6047,
	0x6F12, 0x44F6,
	0x6F12, 0x9B6C,
	0x6F12, 0xC0F2,
	0x6F12, 0x010C,
	0x6F12, 0x6047,
	0x6F12, 0x4AF6,
	0x6F12, 0xCF4C,
	0x6F12, 0xC0F2,
	0x6F12, 0x010C,
	0x6F12, 0x6047,
	0x6F12, 0x4BF2,
	0x6F12, 0x550C,
	0x6F12, 0xC0F2,
	0x6F12, 0x010C,
	0x6F12, 0x6047,
	0x6F12, 0x48F6,
	0x6F12, 0xFF0C,
	0x6F12, 0xC0F2,
	0x6F12, 0x010C,
	0x6F12, 0x6047,
	0x6F12, 0x46F6,
	0x6F12, 0x2B2C,
	0x6F12, 0xC0F2,
	0x6F12, 0x020C,
	0x6F12, 0x6047,
	0x6F12, 0x4BF2,
	0x6F12, 0x633C,
	0x6F12, 0xC0F2,
	0x6F12, 0x010C,
	0x6F12, 0x6047,
	0x6F12, 0x47F2,
	0x6F12, 0x2D4C,
	0x6F12, 0xC0F2,
	0x6F12, 0x010C,
	0x6F12, 0x6047,
	0x6F12, 0x4CF2,
	0x6F12, 0x274C,
	0x6F12, 0xC0F2,
	0x6F12, 0x010C,
	0x6F12, 0x6047,
	0x6F12, 0x40F2,
	0x6F12, 0x9F0C,
	0x6F12, 0xC0F2,
	0x6F12, 0x010C,
	0x6F12, 0x6047,
	0x6F12, 0x44F2,
	0x6F12, 0x053C,
	0x6F12, 0xC0F2,
	0x6F12, 0x000C,
	0x6F12, 0x6047,
	0x6F12, 0x41F2,
	0x6F12, 0x596C,
	0x6F12, 0xC0F2,
	0x6F12, 0x000C,
	0x6F12, 0x6047,
	0x6F12, 0x49F2,
	0x6F12, 0x732C,
	0x6F12, 0xC0F2,
	0x6F12, 0x000C,
	0x6F12, 0x6047,
	0x6F12, 0x41F2,
	0x6F12, 0xC91C,
	0x6F12, 0xC0F2,
	0x6F12, 0x000C,
	0x6F12, 0x6047,
	0x6F12, 0x49F2,
	0x6F12, 0x374C,
	0x6F12, 0xC0F2,
	0x6F12, 0x020C,
	0x6F12, 0x6047,
	0x6F12, 0x47F2,
	0x6F12, 0x032C,
	0x6F12, 0xC0F2,
	0x6F12, 0x010C,
	0x6F12, 0x6047,
	0x6F12, 0x4BF2,
	0x6F12, 0xDB2C,
	0x6F12, 0xC0F2,
	0x6F12, 0x000C,
	0x6F12, 0x6047,
	0x6F12, 0x4EF6,
	0x6F12, 0x4D3C,
	0x6F12, 0xC0F2,
	0x6F12, 0x000C,
	0x6F12, 0x6047,
	0x6F12, 0x4EF6,
	0x6F12, 0x156C,
	0x6F12, 0xC0F2,
	0x6F12, 0x000C,
	0x6F12, 0x6047,
	0x6F12, 0x4EF6,
	0x6F12, 0xDB0C,
	0x6F12, 0xC0F2,
	0x6F12, 0x000C,
	0x6F12, 0x6047,
	0x6F12, 0x4AF2,
	0x6F12, 0xEF5C,
	0x6F12, 0xC0F2,
	0x6F12, 0x000C,
	0x6F12, 0x6047,
	0x6F12, 0x4EF2,
	0x6F12, 0x596C,
	0x6F12, 0xC0F2,
	0x6F12, 0x000C,
	0x6F12, 0x6047,
	0x6F12, 0x4EF2,
	0x6F12, 0x016C,
	0x6F12, 0xC0F2,
	0x6F12, 0x000C,
	0x6F12, 0x6047,
	0x6F12, 0x4EF2,
	0x6F12, 0xD15C,
	0x6F12, 0xC0F2,
	0x6F12, 0x000C,
	0x6F12, 0x6047,
	0x6F12, 0x45F2,
	0x6F12, 0x851C,
	0x6F12, 0xC0F2,
	0x6F12, 0x000C,
	0x6F12, 0x6047,
	0x6F12, 0x45F2,
	0x6F12, 0xDD5C,
	0x6F12, 0xC0F2,
	0x6F12, 0x000C,
	0x6F12, 0x6047,
	0x6F12, 0x4DF2,
	0x6F12, 0x711C,
	0x6F12, 0xC0F2,
	0x6F12, 0x000C,
	0x6F12, 0x6047,
	0x6F12, 0x47F2,
	0x6F12, 0xAB5C,
	0x6F12, 0xC0F2,
	0x6F12, 0x000C,
	0x6F12, 0x6047,
	0x6F12, 0x47F2,
	0x6F12, 0x7F2C,
	0x6F12, 0xC0F2,
	0x6F12, 0x000C,
	0x6F12, 0x6047,
	0x6F12, 0x4CF6,
	0x6F12, 0xA33C,
	0x6F12, 0xC0F2,
	0x6F12, 0x000C,
	0x6F12, 0x6047,
	0x6F12, 0x49F2,
	0x6F12, 0xB90C,
	0x6F12, 0xC0F2,
	0x6F12, 0x020C,
	0x6F12, 0x6047,
	0x6F12, 0x49F2,
	0x6F12, 0xC90C,
	0x6F12, 0xC0F2,
	0x6F12, 0x020C,
	0x6F12, 0x6047,
	0x6F12, 0x49F2,
	0x6F12, 0xD10C,
	0x6F12, 0xC0F2,
	0x6F12, 0x020C,
	0x6F12, 0x6047,
	0x6F12, 0x4CF2,
	0x6F12, 0x713C,
	0x6F12, 0xC0F2,
	0x6F12, 0x020C,
	0x6F12, 0x6047,
	0x6F12, 0x47F2,
	0x6F12, 0xA52C,
	0x6F12, 0xC0F2,
	0x6F12, 0x020C,
	0x6F12, 0x6047,
	0x6F12, 0x49F6,
	0x6F12, 0x252C,
	0x6F12, 0xC0F2,
	0x6F12, 0x020C,
	0x6F12, 0x6047,
	0x6F12, 0x4BF2,
	0x6F12, 0x990C,
	0x6F12, 0xC0F2,
	0x6F12, 0x010C,
	0x6F12, 0x6047,
	0x6F12, 0x49F6,
	0x6F12, 0x2F0C,
	0x6F12, 0xC0F2,
	0x6F12, 0x010C,
	0x6F12, 0x6047,
	0x6F12, 0x49F6,
	0x6F12, 0x7B0C,
	0x6F12, 0xC0F2,
	0x6F12, 0x010C,
	0x6F12, 0x6047,
	0x6F12, 0x4AF6,
	0x6F12, 0x6F4C,
	0x6F12, 0xC0F2,
	0x6F12, 0x010C,
	0x6F12, 0x6047,
	0x6F12, 0x4AF6,
	0x6F12, 0xA34C,
	0x6F12, 0xC0F2,
	0x6F12, 0x010C,
	0x6F12, 0x6047,
	0x6F12, 0x4BF6,
	0x6F12, 0x3D5C,
	0x6F12, 0xC0F2,
	0x6F12, 0x000C,
	0x6F12, 0x6047,
	0x6F12, 0x44F2,
	0x6F12, 0x655C,
	0x6F12, 0xC0F2,
	0x6F12, 0x010C,
	0x6F12, 0x6047,
	0x6F12, 0x49F2,
	0x6F12, 0xA10C,
	0x6F12, 0xC0F2,
	0x6F12, 0x020C,
	0x6F12, 0x6047,
	0x6F12, 0x49F2,
	0x6F12, 0xB10C,
	0x6F12, 0xC0F2,
	0x6F12, 0x020C,
	0x6F12, 0x6047,
	0x6F12, 0x49F2,
	0x6F12, 0xA90C,
	0x6F12, 0xC0F2,
	0x6F12, 0x020C,
	0x6F12, 0x6047,
	0x6F12, 0x44F2,
	0x6F12, 0xF55C,
	0x6F12, 0xC0F2,
	0x6F12, 0x010C,
	0x6F12, 0x6047,
	0x6F12, 0x0000,
	0x6F12, 0x0000,
	0x6F12, 0x0000,
	0x6F12, 0x0000,
	0x6F12, 0x0000,
	0x6F12, 0x0000,
	0x6F12, 0x0000,
	0x6F12, 0x0400,
	0x6F12, 0x0400,
	0x6F12, 0x0100,
	0x6F12, 0x0000,
	0x6F12, 0x0000,
	0x6F12, 0x0000,
	0x6F12, 0x0100,
	0x6F12, 0x0000,
	0x6028, 0x2000,
	0x602A, 0x1310,
	0x6F12, 0x0F00,
	0x602A, 0x13BE,
	0x6F12, 0x0200,
	0x602A, 0x211E,
	0x6F12, 0x0A01,
	0x602A, 0x2186,
	0x6F12, 0x0100,
	0x6F12, 0x0650,
	0x602A, 0x218E,
	0x6F12, 0x0650,
	0x602A, 0x2194,
	0x6F12, 0x0100,
	0x602A, 0x219A,
	0x6F12, 0x6400,
	0x602A, 0x29F2,
	0x6F12, 0x0305,
	0x602A, 0x29F8,
	0x6F12, 0x090F,
	0x6F12, 0x0203,
	0x602A, 0x2A00,
	0x6F12, 0x0100,
	0x6F12, 0x0480,
	0x6F12, 0x5608,
	0x602A, 0x31C8,
	0x6F12, 0x0101,
	0x602A, 0x31EA,
	0x6F12, 0x0000,
	0x6F12, 0x0000,
	0x6F12, 0x0000,
	0x6F12, 0x0000,
	0x602A, 0x3450,
	0x6F12, 0x193C,
	0x602A, 0x4208,
	0x6F12, 0x0004,
	0x6F12, 0x0C8D,
	0x602A, 0x422A,
	0x6F12, 0x0008,
	0x6F12, 0x0808,
	0x6F12, 0x0808,
	0x6F12, 0x0808,
	0x6F12, 0x0801,
	0x602A, 0x43C8,
	0x6F12, 0x0014,
	0x6F12, 0x000E,
	0x6F12, 0x003A,
	0x6F12, 0x0033,
	0x6F12, 0x0003,
	0x6F12, 0x0004,
	0x602A, 0x43DA,
	0x6F12, 0x19A0,
	0x6F12, 0x1348,
	0x6F12, 0x0138,
	0x6F12, 0x0140,
	0x6F12, 0x0110,
	0x6F12, 0x011C,
	0x6F12, 0x012C,
	0x6F12, 0x013C,
	0x6F12, 0x0150,
	0x6F12, 0x0168,
	0x6F12, 0x0180,
	0x6F12, 0x019C,
	0x6F12, 0x01BC,
	0x6F12, 0x01E4,
	0x6F12, 0x0000,
	0x6F12, 0x0000,
	0x6F12, 0x012C,
	0x6F12, 0x0144,
	0x6F12, 0x0160,
	0x6F12, 0x0180,
	0x6F12, 0x01A8,
	0x6F12, 0x0214,
	0x6F12, 0x0000,
	0x6F12, 0x0000,
	0x6F12, 0x0000,
	0x602A, 0x50A0,
	0x6F12, 0x0004,
	0x602A, 0x5A40,
	0x6F12, 0x0001,
	0x602A, 0x5A46,
	0x6F12, 0x0001,
	0x602A, 0x5A4C,
	0x6F12, 0x0000,
	0x602A, 0x5A52,
	0x6F12, 0x0000,
	0x602A, 0x5A58,
	0x6F12, 0x3E68,
	0x602A, 0x5A5E,
	0x6F12, 0x0000,
	0x602A, 0x5A64,
	0x6F12, 0x0004,
	0x602A, 0x5A6A,
	0x6F12, 0x0000,
	0x602A, 0x5A70,
	0x6F12, 0x0001,
	0x602A, 0x5A76,
	0x6F12, 0x1ED7,
	0x602A, 0x5A7C,
	0x6F12, 0x0002,
	0x602A, 0x5A82,
	0x6F12, 0x3FFE,
	0x602A, 0x5A88,
	0x6F12, 0x03FF,
	0x602A, 0x5A8E,
	0x6F12, 0x01D7,
	0x602A, 0x5A94,
	0x6F12, 0x03FF,
	0x602A, 0x5A9A,
	0x6F12, 0x0001,
	0x602A, 0x5AA0,
	0x6F12, 0x184F,
	0x602A, 0x5AA6,
	0x6F12, 0x3FFE,
	0x602A, 0x5AAC,
	0x6F12, 0x00A2,
	0x602A, 0x5AB2,
	0x6F12, 0x0009,
	0x602A, 0x5AB8,
	0x6F12, 0x014C,
	0x602A, 0x5ABE,
	0x6F12, 0x0001,
	0x602A, 0x5AC4,
	0x6F12, 0x0001,
	0x602A, 0x5ACA,
	0x6F12, 0x0001,
	0x602A, 0x5AD0,
	0x6F12, 0x0035,
	0x602A, 0x5AD6,
	0x6F12, 0x1984,
	0x602A, 0x5ADC,
	0x6F12, 0x3FFD,
	0x602A, 0x5AE2,
	0x6F12, 0x012C,
	0x602A, 0x5AE8,
	0x6F12, 0x03FC,
	0x602A, 0x5AEE,
	0x6F12, 0x0000,
	0x602A, 0x5AF4,
	0x6F12, 0x00FC,
	0x602A, 0x5AFA,
	0x6F12, 0x0000,
	0x602A, 0x5B00,
	0x6F12, 0x0000,
	0x602A, 0x5B06,
	0x6F12, 0x0000,
	0x602A, 0x5B0C,
	0x6F12, 0x0333,
	0x602A, 0x5B12,
	0x6F12, 0x0000,
	0x602A, 0x5B18,
	0x6F12, 0x0000,
	0x602A, 0x5B1E,
	0x6F12, 0x01B3,
	0x602A, 0x5B24,
	0x6F12, 0x0363,
	0x602A, 0x5B2A,
	0x6F12, 0x0007,
	0x602A, 0x5B30,
	0x6F12, 0x0000,
	0x602A, 0x5B36,
	0x6F12, 0x0000,
	0x602A, 0x5B3C,
	0x6F12, 0x0000,
	0x602A, 0x5B42,
	0x6F12, 0x012C,
	0x602A, 0x5B48,
	0x6F12, 0x0000,
	0x602A, 0x5B4E,
	0x6F12, 0x0000,
	0x602A, 0x5B54,
	0x6F12, 0x0004,
	0x602A, 0x5B5A,
	0x6F12, 0x0003,
	0x602A, 0x5B60,
	0x6F12, 0x0001,
	0x602A, 0x5B66,
	0x6F12, 0x0001,
	0x602A, 0x5B6C,
	0x6F12, 0x0000,
	0x602A, 0x5B72,
	0x6F12, 0x0000,
	0x602A, 0x5B78,
	0x6F12, 0x0000,
	0x602A, 0x5B7E,
	0x6F12, 0x0001,
	0x602A, 0x5B84,
	0x6F12, 0x0000,
	0x602A, 0x5B8A,
	0x6F12, 0x0000,
	0x602A, 0x6AD6,
	0x6F12, 0x026C,
	0x6F12, 0x026C,
	0x6F12, 0x026C,
	0x6F12, 0x026C,
	0x6F12, 0x026C,
	0x6F12, 0x026C,
	0x602A, 0x6AE6,
	0x6F12, 0x1000,
	0x6F12, 0x1000,
	0x6F12, 0x1000,
	0x6F12, 0x1000,
	0x6F12, 0x1000,
	0x6F12, 0x1000,
	0x602A, 0x6AF6,
	0x6F12, 0x0666,
	0x6F12, 0x0666,
	0x6F12, 0x0666,
	0x6F12, 0x0666,
	0x6F12, 0x0666,
	0x6F12, 0x0666,
	0x602A, 0x6B06,
	0x6F12, 0x0028,
	0x6F12, 0x0028,
	0x6F12, 0x0028,
	0x6F12, 0x0028,
	0x6F12, 0x0028,
	0x6F12, 0x0028,
	0x602A, 0x6B16,
	0x6F12, 0x0005,
	0x6F12, 0x0005,
	0x6F12, 0x0005,
	0x6F12, 0x0005,
	0x6F12, 0x0005,
	0x6F12, 0x0005,
	0x602A, 0x6B26,
	0x6F12, 0x001E,
	0x6F12, 0x001E,
	0x6F12, 0x001E,
	0x6F12, 0x001E,
	0x6F12, 0x001E,
	0x6F12, 0x001E,
	0x602A, 0x6B36,
	0x6F12, 0x000F,
	0x6F12, 0x000F,
	0x6F12, 0x000F,
	0x6F12, 0x000F,
	0x6F12, 0x000F,
	0x6F12, 0x000F,
	0x602A, 0x6B46,
	0x6F12, 0x0146,
	0x6F12, 0x0146,
	0x6F12, 0x0146,
	0x6F12, 0x0146,
	0x6F12, 0x0146,
	0x6F12, 0x0146,
	0x602A, 0x6B56,
	0x6F12, 0x006D,
	0x6F12, 0x006D,
	0x6F12, 0x006D,
	0x6F12, 0x006D,
	0x6F12, 0x006D,
	0x6F12, 0x006D,
	0x602A, 0x6B66,
	0x6F12, 0x000A,
	0x6F12, 0x000A,
	0x6F12, 0x000A,
	0x6F12, 0x000A,
	0x6F12, 0x000A,
	0x6F12, 0x000A,
	0x602A, 0x6B76,
	0x6F12, 0x0005,
	0x6F12, 0x0005,
	0x6F12, 0x0005,
	0x6F12, 0x0005,
	0x6F12, 0x0005,
	0x6F12, 0x0005,
	0x602A, 0x6B86,
	0x6F12, 0x0032,
	0x6F12, 0x0032,
	0x6F12, 0x0032,
	0x6F12, 0x0032,
	0x6F12, 0x0032,
	0x6F12, 0x0032,
	0x602A, 0x6B96,
	0x6F12, 0x000A,
	0x6F12, 0x000A,
	0x6F12, 0x000A,
	0x6F12, 0x000A,
	0x6F12, 0x000A,
	0x6F12, 0x000A,
	0x602A, 0x6BA6,
	0x6F12, 0x0666,
	0x6F12, 0x0666,
	0x6F12, 0x0666,
	0x6F12, 0x0666,
	0x6F12, 0x0666,
	0x6F12, 0x0666,
	0x602A, 0x6BB6,
	0x6F12, 0x0400,
	0x6F12, 0x0400,
	0x6F12, 0x0400,
	0x6F12, 0x0400,
	0x6F12, 0x0400,
	0x6F12, 0x0400,
	0x602A, 0x6BC6,
	0x6F12, 0x001E,
	0x6F12, 0x001E,
	0x6F12, 0x001E,
	0x6F12, 0x001E,
	0x6F12, 0x001E,
	0x6F12, 0x001E,
	0x602A, 0x6BD6,
	0x6F12, 0x0014,
	0x6F12, 0x0014,
	0x6F12, 0x0014,
	0x6F12, 0x0014,
	0x6F12, 0x0014,
	0x6F12, 0x0014,
	0x602A, 0x6BE6,
	0x6F12, 0x001E,
	0x6F12, 0x001E,
	0x6F12, 0x001E,
	0x6F12, 0x001E,
	0x6F12, 0x001E,
	0x6F12, 0x001E,
	0x602A, 0x6BF6,
	0x6F12, 0x000F,
	0x6F12, 0x000F,
	0x6F12, 0x000F,
	0x6F12, 0x000F,
	0x6F12, 0x000F,
	0x6F12, 0x000F,
	0x602A, 0x6C06,
	0x6F12, 0x035D,
	0x6F12, 0x035D,
	0x6F12, 0x035D,
	0x6F12, 0x035D,
	0x6F12, 0x035D,
	0x6F12, 0x035D,
	0x602A, 0x6C16,
	0x6F12, 0x03EC,
	0x6F12, 0x03EC,
	0x6F12, 0x03EC,
	0x6F12, 0x03EC,
	0x6F12, 0x03EC,
	0x6F12, 0x03EC,
	0x602A, 0x6C26,
	0x6F12, 0x0000,
	0x6F12, 0x0000,
	0x6F12, 0x0000,
	0x6F12, 0x0000,
	0x6F12, 0x0000,
	0x6F12, 0x0000,
	0x602A, 0x6C36,
	0x6F12, 0x0050,
	0x6F12, 0x0050,
	0x6F12, 0x0050,
	0x6F12, 0x0050,
	0x6F12, 0x0050,
	0x6F12, 0x0050,
	0x602A, 0x6C46,
	0x6F12, 0x0046,
	0x6F12, 0x0046,
	0x6F12, 0x0046,
	0x6F12, 0x0046,
	0x6F12, 0x0046,
	0x6F12, 0x0046,
	0x602A, 0x6C56,
	0x6F12, 0x0138,
	0x6F12, 0x0138,
	0x6F12, 0x0138,
	0x6F12, 0x0138,
	0x6F12, 0x0138,
	0x6F12, 0x0138,
	0x602A, 0x6C66,
	0x6F12, 0x02D4,
	0x6F12, 0x02D4,
	0x6F12, 0x02D4,
	0x6F12, 0x02D4,
	0x6F12, 0x02D4,
	0x6F12, 0x02D4,
	0x602A, 0x6C76,
	0x6F12, 0x04C8,
	0x6F12, 0x04C8,
	0x6F12, 0x04C8,
	0x6F12, 0x04C8,
	0x6F12, 0x04C8,
	0x6F12, 0x04C8,
	0x602A, 0x6C86,
	0x6F12, 0x039C,
	0x6F12, 0x039C,
	0x6F12, 0x039C,
	0x6F12, 0x039C,
	0x6F12, 0x039C,
	0x6F12, 0x039C,
	0x602A, 0x6C96,
	0x6F12, 0x0690,
	0x6F12, 0x0690,
	0x6F12, 0x0690,
	0x6F12, 0x0690,
	0x6F12, 0x0690,
	0x6F12, 0x0690,
	0x602A, 0x6CA6,
	0x6F12, 0x0096,
	0x6F12, 0x0096,
	0x6F12, 0x0096,
	0x6F12, 0x0096,
	0x6F12, 0x0096,
	0x6F12, 0x0096,
	0x6028, 0x4000,
	0x001E, 0x0101,
	0x0114, 0x0300,
	0x0118, 0x0001,
	0x011A, 0x0000,
	0x011C, 0x0100,
	0x0B00, 0x0080,
	0x0FE8, 0x4180,

	0x6028,	0x4000,
		
	0x0100,	0x0100,
	};

	static u16 addr_data_pair_preview[] = {
	//$MV4[MCLK:24,mipi_phy_type:DPHY,mipi_lane:4,mipi_datarate:1440]	
	//$MV4_MainData[width:3280,height:2464,data_type:MIPI_RAW10 (0x2B)]	
	//$MV4_InterleavedData[isUsed:0,width:416,height:2448,data_type:MIPI_RAW10 (0x2B),virtual_channel:1]	
	//$MV4_Start[]	
	//T4_GD2SM_EVT0_3280x2464_30fps_4FDSum
	//4FDSUM 3280x2464 30.13fps DPHY 1440Mbps	
	//pclk 800.00 	MHz
	0x6028, 0x2000,
	0x602A, 0x12FA,
	0x6F12, 0x1450,
	0x602A, 0x1310,
	0x6F12, 0x0F00,
	0x602A, 0x1346,
	0x6F12, 0x0018,
	0x602A, 0x134C,
	0x6F12, 0x0002,
	0x602A, 0x1370,
	0x6F12, 0x0400,
	0x602A, 0x1378,
	0x6F12, 0x0088,
	0x602A, 0x13BE,
	0x6F12, 0x0200,
	0x602A, 0x1FC0,
	0x6F12, 0x0100,
	0x6F12, 0x005F,
	0x602A, 0x1FC6,
	0x6F12, 0x0060,
	0x602A, 0x1FCC,
	0x6F12, 0x1C80,
	0x6F12, 0x1C82,
	0x6F12, 0x4000,
	0x6F12, 0xF4B2,
	0x602A, 0x211E,
	0x6F12, 0x0A01,
	0x602A, 0x2134,
	0x6F12, 0xFFFF,
	0x602A, 0x2186,
	0x6F12, 0x0100,
	0x6F12, 0x0650,
	0x602A, 0x218E,
	0x6F12, 0x0650,
	0x602A, 0x2194,
	0x6F12, 0x0100,
	0x602A, 0x219A,
	0x6F12, 0x6400,
	0x602A, 0x21F8,
	0x6F12, 0x1358,
	0x602A, 0x220E,
	0x6F12, 0x0005,
	0x6F12, 0x0005,
	0x602A, 0x221C,
	0x6F12, 0x0101,
	0x602A, 0x2308,
	0x6F12, 0x005B,
	0x602A, 0x2580,
	0x6F12, 0x000E,
	0x602A, 0x2584,
	0x6F12, 0x0226,
	0x602A, 0x29F2,
	0x6F12, 0x0305,
	0x602A, 0x29F8,
	0x6F12, 0x090F,
	0x6F12, 0x0203,
	0x602A, 0x2A00,
	0x6F12, 0x0100,
	0x6F12, 0x0480,
	0x6F12, 0x5608,
	0x602A, 0x2A08,
	0x6F12, 0x0002,
	0x6F12, 0x49F0,
	0x602A, 0x2A0E,
	0x6F12, 0x1FCD,
	0x602A, 0x2A18,
	0x6F12, 0x0801,
	0x602A, 0x2A1E,
	0x6F12, 0x0108,
	0x602A, 0x30B4,
	0x6F12, 0x04D2,
	0x6F12, 0x81AE,
	0x6F12, 0xD020,
	0x602A, 0x30CE,
	0x6F12, 0x01E4,
	0x602A, 0x31C8,
	0x6F12, 0x0101,
	0x6F12, 0x000A,
	0x6F12, 0x0019,
	0x602A, 0x31D2,
	0x6F12, 0x0012,
	0x602A, 0x31EA,
	0x6F12, 0x0000,
	0x6F12, 0x0000,
	0x6F12, 0x0000,
	0x6F12, 0x0000,
	0x602A, 0x3450,
	0x6F12, 0x193C,
	0x602A, 0x345E,
	0x6F12, 0x1F40,
	0x6F12, 0x1F47,
	0x602A, 0x3770,
	0x6F12, 0x0100,
	0x602A, 0x37EA,
	0x6F12, 0x0606,
	0x602A, 0x3812,
	0x6F12, 0x0001,
	0x602A, 0x381A,
	0x6F12, 0x0000,
	0x6F12, 0x3FFF,
	0x602A, 0x3822,
	0x6F12, 0x0010,
	0x6F12, 0x0037,
	0x602A, 0x3A9A,
	0x6F12, 0x0080,
	0x6F12, 0x0000,
	0x6F12, 0x0000,
	0x6F12, 0x0000,
	0x6F12, 0x0000,
	0x6F12, 0x0000,
	0x6F12, 0x0000,
	0x6F12, 0x0000,
	0x6F12, 0x0000,
	0x6F12, 0x0000,
	0x6F12, 0x0080,
	0x6F12, 0x0000,
	0x6F12, 0x0000,
	0x6F12, 0x0000,
	0x6F12, 0x0000,
	0x6F12, 0x0000,
	0x602A, 0x3B1A,
	0x6F12, 0x000F,
	0x6F12, 0x0000,
	0x6F12, 0x0014,
	0x6F12, 0x0000,
	0x6F12, 0x0000,
	0x6F12, 0x0000,
	0x6F12, 0x0000,
	0x6F12, 0x0000,
	0x6F12, 0x0014,
	0x6F12, 0x0000,
	0x6F12, 0x000F,
	0x6F12, 0x0000,
	0x6F12, 0x0000,
	0x6F12, 0x0000,
	0x6F12, 0x0000,
	0x6F12, 0x0000,
	0x602A, 0x4208,
	0x6F12, 0x0004,
	0x6F12, 0x0C8D,
	0x602A, 0x422A,
	0x6F12, 0x0008,
	0x6F12, 0x0808,
	0x6F12, 0x0808,
	0x6F12, 0x0808,
	0x6F12, 0x0801,
	0x602A, 0x43B0,
	0x6F12, 0x0101,
	0x602A, 0x43C8,
	0x6F12, 0x0014,
	0x6F12, 0x000E,
	0x6F12, 0x003A,
	0x6F12, 0x0033,
	0x6F12, 0x0003,
	0x6F12, 0x0004,
	0x6F12, 0x0000,
	0x6F12, 0x0004,
	0x6F12, 0x13E8,
	0x6F12, 0x19A0,
	0x6F12, 0x1348,
	0x6F12, 0x0138,
	0x6F12, 0x0140,
	0x6F12, 0x0110,
	0x6F12, 0x011C,
	0x6F12, 0x012C,
	0x6F12, 0x013C,
	0x6F12, 0x0150,
	0x6F12, 0x0168,
	0x6F12, 0x0180,
	0x6F12, 0x019C,
	0x6F12, 0x01BC,
	0x6F12, 0x01E4,
	0x6F12, 0x0000,
	0x6F12, 0x0000,
	0x6F12, 0x012C,
	0x6F12, 0x0144,
	0x6F12, 0x0160,
	0x6F12, 0x0180,
	0x6F12, 0x01A8,
	0x6F12, 0x0214,
	0x6F12, 0x0000,
	0x6F12, 0x0000,
	0x6F12, 0x0000,
	0x602A, 0x4BC8,
	0x6F12, 0x0000,
	0x602A, 0x4BE4,
	0x6F12, 0x0000,
	0x602A, 0x4C00,
	0x6F12, 0x0100,
	0x602A, 0x5032,
	0x6F12, 0x0402,
	0x602A, 0x5038,
	0x6F12, 0x0101,
	0x602A, 0x5090,
	0x6F12, 0x0A00,
	0x602A, 0x50A0,
	0x6F12, 0x0004,
	0x602A, 0x510A,
	0x6F12, 0x0002,
	0x6F12, 0x0002,
	0x602A, 0x5140,
	0x6F12, 0x0101,
	0x6F12, 0x0484,
	0x602A, 0x5148,
	0x6F12, 0x0004,
	0x602A, 0x5530,
	0x6F12, 0x0100,
	0x602A, 0x5A40,
	0x6F12, 0x0001,
	0x602A, 0x5A46,
	0x6F12, 0x0001,
	0x602A, 0x5A4C,
	0x6F12, 0x0000,
	0x602A, 0x5A52,
	0x6F12, 0x0000,
	0x602A, 0x5A58,
	0x6F12, 0x3E68,
	0x602A, 0x5A5E,
	0x6F12, 0x0000,
	0x602A, 0x5A64,
	0x6F12, 0x0004,
	0x602A, 0x5A6A,
	0x6F12, 0x0000,
	0x602A, 0x5A70,
	0x6F12, 0x0001,
	0x602A, 0x5A76,
	0x6F12, 0x1ED7,
	0x602A, 0x5A7C,
	0x6F12, 0x0002,
	0x602A, 0x5A82,
	0x6F12, 0x3FFE,
	0x602A, 0x5A88,
	0x6F12, 0x03FF,
	0x602A, 0x5A8E,
	0x6F12, 0x01D7,
	0x602A, 0x5A94,
	0x6F12, 0x03FF,
	0x602A, 0x5A9A,
	0x6F12, 0x0001,
	0x602A, 0x5AA0,
	0x6F12, 0x184F,
	0x602A, 0x5AA6,
	0x6F12, 0x3FFE,
	0x602A, 0x5AAC,
	0x6F12, 0x00A2,
	0x602A, 0x5AB2,
	0x6F12, 0x0009,
	0x602A, 0x5AB8,
	0x6F12, 0x014C,
	0x602A, 0x5ABE,
	0x6F12, 0x0001,
	0x602A, 0x5AC4,
	0x6F12, 0x0001,
	0x602A, 0x5ACA,
	0x6F12, 0x0001,
	0x602A, 0x5AD0,
	0x6F12, 0x0035,
	0x602A, 0x5AD6,
	0x6F12, 0x1984,
	0x602A, 0x5ADC,
	0x6F12, 0x3FFD,
	0x602A, 0x5AE2,
	0x6F12, 0x012C,
	0x602A, 0x5AE8,
	0x6F12, 0x03FC,
	0x602A, 0x5AEE,
	0x6F12, 0x0000,
	0x602A, 0x5AF4,
	0x6F12, 0x00FC,
	0x602A, 0x5AFA,
	0x6F12, 0x0000,
	0x602A, 0x5B00,
	0x6F12, 0x0000,
	0x602A, 0x5B06,
	0x6F12, 0x0000,
	0x602A, 0x5B0C,
	0x6F12, 0x0333,
	0x602A, 0x5B12,
	0x6F12, 0x0000,
	0x602A, 0x5B18,
	0x6F12, 0x0000,
	0x602A, 0x5B1E,
	0x6F12, 0x01B3,
	0x602A, 0x5B24,
	0x6F12, 0x0363,
	0x602A, 0x5B2A,
	0x6F12, 0x0007,
	0x602A, 0x5B30,
	0x6F12, 0x0000,
	0x602A, 0x5B36,
	0x6F12, 0x0000,
	0x602A, 0x5B3C,
	0x6F12, 0x0000,
	0x602A, 0x5B42,
	0x6F12, 0x012C,
	0x602A, 0x5B48,
	0x6F12, 0x0000,
	0x602A, 0x5B4E,
	0x6F12, 0x0000,
	0x602A, 0x5B54,
	0x6F12, 0x0004,
	0x602A, 0x5B5A,
	0x6F12, 0x0003,
	0x602A, 0x5B60,
	0x6F12, 0x0001,
	0x602A, 0x5B66,
	0x6F12, 0x0001,
	0x602A, 0x5B6C,
	0x6F12, 0x0000,
	0x602A, 0x5B72,
	0x6F12, 0x0000,
	0x602A, 0x5B78,
	0x6F12, 0x0000,
	0x602A, 0x5B7E,
	0x6F12, 0x0001,
	0x602A, 0x5B84,
	0x6F12, 0x0000,
	0x602A, 0x5B8A,
	0x6F12, 0x0000,
	0x602A, 0x6AD6,
	0x6F12, 0x026C,
	0x6F12, 0x026C,
	0x6F12, 0x026C,
	0x6F12, 0x026C,
	0x6F12, 0x026C,
	0x6F12, 0x026C,
	0x602A, 0x6AE6,
	0x6F12, 0x1000,
	0x6F12, 0x1000,
	0x6F12, 0x1000,
	0x6F12, 0x1000,
	0x6F12, 0x1000,
	0x6F12, 0x1000,
	0x602A, 0x6AF6,
	0x6F12, 0x0666,
	0x6F12, 0x0666,
	0x6F12, 0x0666,
	0x6F12, 0x0666,
	0x6F12, 0x0666,
	0x6F12, 0x0666,
	0x602A, 0x6B06,
	0x6F12, 0x0028,
	0x6F12, 0x0028,
	0x6F12, 0x0028,
	0x6F12, 0x0028,
	0x6F12, 0x0028,
	0x6F12, 0x0028,
	0x602A, 0x6B16,
	0x6F12, 0x0005,
	0x6F12, 0x0005,
	0x6F12, 0x0005,
	0x6F12, 0x0005,
	0x6F12, 0x0005,
	0x6F12, 0x0005,
	0x602A, 0x6B26,
	0x6F12, 0x001E,
	0x6F12, 0x001E,
	0x6F12, 0x001E,
	0x6F12, 0x001E,
	0x6F12, 0x001E,
	0x6F12, 0x001E,
	0x602A, 0x6B36,
	0x6F12, 0x000F,
	0x6F12, 0x000F,
	0x6F12, 0x000F,
	0x6F12, 0x000F,
	0x6F12, 0x000F,
	0x6F12, 0x000F,
	0x602A, 0x6B46,
	0x6F12, 0x0146,
	0x6F12, 0x0146,
	0x6F12, 0x0146,
	0x6F12, 0x0146,
	0x6F12, 0x0146,
	0x6F12, 0x0146,
	0x602A, 0x6B56,
	0x6F12, 0x006D,
	0x6F12, 0x006D,
	0x6F12, 0x006D,
	0x6F12, 0x006D,
	0x6F12, 0x006D,
	0x6F12, 0x006D,
	0x602A, 0x6B66,
	0x6F12, 0x000A,
	0x6F12, 0x000A,
	0x6F12, 0x000A,
	0x6F12, 0x000A,
	0x6F12, 0x000A,
	0x6F12, 0x000A,
	0x602A, 0x6B76,
	0x6F12, 0x0005,
	0x6F12, 0x0005,
	0x6F12, 0x0005,
	0x6F12, 0x0005,
	0x6F12, 0x0005,
	0x6F12, 0x0005,
	0x602A, 0x6B86,
	0x6F12, 0x0032,
	0x6F12, 0x0032,
	0x6F12, 0x0032,
	0x6F12, 0x0032,
	0x6F12, 0x0032,
	0x6F12, 0x0032,
	0x602A, 0x6B96,
	0x6F12, 0x000A,
	0x6F12, 0x000A,
	0x6F12, 0x000A,
	0x6F12, 0x000A,
	0x6F12, 0x000A,
	0x6F12, 0x000A,
	0x602A, 0x6BA6,
	0x6F12, 0x0666,
	0x6F12, 0x0666,
	0x6F12, 0x0666,
	0x6F12, 0x0666,
	0x6F12, 0x0666,
	0x6F12, 0x0666,
	0x602A, 0x6BB6,
	0x6F12, 0x0400,
	0x6F12, 0x0400,
	0x6F12, 0x0400,
	0x6F12, 0x0400,
	0x6F12, 0x0400,
	0x6F12, 0x0400,
	0x602A, 0x6BC6,
	0x6F12, 0x001E,
	0x6F12, 0x001E,
	0x6F12, 0x001E,
	0x6F12, 0x001E,
	0x6F12, 0x001E,
	0x6F12, 0x001E,
	0x602A, 0x6BD6,
	0x6F12, 0x0014,
	0x6F12, 0x0014,
	0x6F12, 0x0014,
	0x6F12, 0x0014,
	0x6F12, 0x0014,
	0x6F12, 0x0014,
	0x602A, 0x6BE6,
	0x6F12, 0x001E,
	0x6F12, 0x001E,
	0x6F12, 0x001E,
	0x6F12, 0x001E,
	0x6F12, 0x001E,
	0x6F12, 0x001E,
	0x602A, 0x6BF6,
	0x6F12, 0x000F,
	0x6F12, 0x000F,
	0x6F12, 0x000F,
	0x6F12, 0x000F,
	0x6F12, 0x000F,
	0x6F12, 0x000F,
	0x602A, 0x6C06,
	0x6F12, 0x035D,
	0x6F12, 0x035D,
	0x6F12, 0x035D,
	0x6F12, 0x035D,
	0x6F12, 0x035D,
	0x6F12, 0x035D,
	0x602A, 0x6C16,
	0x6F12, 0x03EC,
	0x6F12, 0x03EC,
	0x6F12, 0x03EC,
	0x6F12, 0x03EC,
	0x6F12, 0x03EC,
	0x6F12, 0x03EC,
	0x602A, 0x6C26,
	0x6F12, 0x0000,
	0x6F12, 0x0000,
	0x6F12, 0x0000,
	0x6F12, 0x0000,
	0x6F12, 0x0000,
	0x6F12, 0x0000,
	0x602A, 0x6C36,
	0x6F12, 0x0050,
	0x6F12, 0x0050,
	0x6F12, 0x0050,
	0x6F12, 0x0050,
	0x6F12, 0x0050,
	0x6F12, 0x0050,
	0x602A, 0x6C46,
	0x6F12, 0x0046,
	0x6F12, 0x0046,
	0x6F12, 0x0046,
	0x6F12, 0x0046,
	0x6F12, 0x0046,
	0x6F12, 0x0046,
	0x602A, 0x6C56,
	0x6F12, 0x0138,
	0x6F12, 0x0138,
	0x6F12, 0x0138,
	0x6F12, 0x0138,
	0x6F12, 0x0138,
	0x6F12, 0x0138,
	0x602A, 0x6C66,
	0x6F12, 0x02D4,
	0x6F12, 0x02D4,
	0x6F12, 0x02D4,
	0x6F12, 0x02D4,
	0x6F12, 0x02D4,
	0x6F12, 0x02D4,
	0x602A, 0x6C76,
	0x6F12, 0x04C8,
	0x6F12, 0x04C8,
	0x6F12, 0x04C8,
	0x6F12, 0x04C8,
	0x6F12, 0x04C8,
	0x6F12, 0x04C8,
	0x602A, 0x6C86,
	0x6F12, 0x039C,
	0x6F12, 0x039C,
	0x6F12, 0x039C,
	0x6F12, 0x039C,
	0x6F12, 0x039C,
	0x6F12, 0x039C,
	0x602A, 0x6C96,
	0x6F12, 0x0690,
	0x6F12, 0x0690,
	0x6F12, 0x0690,
	0x6F12, 0x0690,
	0x6F12, 0x0690,
	0x6F12, 0x0690,
	0x602A, 0x6CA6,
	0x6F12, 0x0096,
	0x6F12, 0x0096,
	0x6F12, 0x0096,
	0x6F12, 0x0096,
	0x6F12, 0x0096,
	0x6F12, 0x0096,
	0x602A, 0x7520,
	0x6F12, 0x0100,
	0x602A, 0x7550,
	0x6F12, 0x0100,
	0x602A, 0x7580,
	0x6F12, 0x0101,
	0x602A, 0x77E0,
	0x6F12, 0x0100,
	0x602A, 0x84FE,
	0x6F12, 0xFFFF,
	0x602A, 0x850A,
	0x6F12, 0x01FF,
	0x602A, 0x8550,
	0x6F12, 0x0000,
	0x6F12, 0x5AC0,
	0x602A, 0x8A00,
	0x6F12, 0x0001,
	0x602A, 0x8A10,
	0x6F12, 0x0000,
	0x602A, 0x8A1E,
	0x6F12, 0x0080,
	0x6F12, 0x0008,
	0x602A, 0x8A26,
	0x6F12, 0x0008,
	0x602A, 0x8A3E,
	0x6F12, 0x03FF,
	0x602A, 0x8A44,
	0x6F12, 0x0080,
	0x602A, 0x8A68,
	0x6F12, 0x0200,
	0x602A, 0x8A6E,
	0x6F12, 0x0FA0,
	0x6F12, 0x0FA7,
	0x6028, 0x2001,
	0x602A, 0xEEFA,
	0x6F12, 0x0000,
	0x6F12, 0x0101,
	0x602A, 0xF180,
	0x6F12, 0x0001,
	0x6F12, 0x4000,
	0x6F12, 0x4000,
	0x6F12, 0x4000,
	0x6F12, 0x4000,
	0x6F12, 0x4000,
	0x6F12, 0x4000,
	0x6F12, 0x4000,
	0x6F12, 0x4000,
	0x6F12, 0x0C0D,
	0x6F12, 0x1011,
	0x6F12, 0x2A2B,
	0x6F12, 0x3637,
	0x6F12, 0x0A0B,
	0x6F12, 0x1617,
	0x6F12, 0x2C2D,
	0x6F12, 0x3031,
	0x6028, 0x4000,
	0x001E, 0x0204,
	0x0114, 0x0300,
	0x0116, 0x2B00,
	0x0118, 0x0001,
	0x011A, 0x0000,
	0x011C, 0x0100,
	0x0202, 0x0100,
	0x021E, 0x0000,
	0x0226, 0x0100,
	0x022C, 0x0100,
	0x0300, 0x0007,
	0x0302, 0x0001,
	0x0304, 0x0003,
	0x0306, 0x00AF,
	0x0308, 0x000B,
	0x030A, 0x0001,
	0x030C, 0x0002,
	0x030E, 0x0003,
	0x0310, 0x00B4,
	0x0312, 0x0001,
	0x0340, 0x0C68, //3176
	0x0342, 0x20A8, //8360
	0x0344, 0x0008,
	0x0346, 0x0008,
	0x0348, 0x19A7,
	0x034A, 0x134F,
	0x034C, 0x0CD0,
	0x034E, 0x09A0,
	0x0350, 0x0000,
	0x0352, 0x0002,
	0x0380, 0x0002,
	0x0382, 0x0002,
	0x0384, 0x0002,
	0x0386, 0x0002,
	0x0400, 0x1010,
	0x0408, 0x0100,
	0x040A, 0x0100,
	0x040C, 0x0000,
	0x0900, 0x2222,
	0x0B00, 0x0080,
	0x0B08, 0x0100,
	0x0B0E, 0x0000,
	0x0D00, 0x0101,
	0x0D02, 0x0001,
	0x0D04, 0x0102,
	0x0FE8, 0x4180,
	0x0FF4, 0x0000,
	0x623C, 0x0080,
	0x623E, 0x0000,
	0x6240, 0x0000,
	0x6B5E, 0x7F00,
	0x6B60, 0xCCCC,
	0xB606, 0x0400,
	0xF418, 0x001F,
	0xF41C, 0x4116,
	0xF482, 0x800D,
	0xF484, 0x0080,
	0xF496, 0x0200,
	0xF498, 0x0343,
	0xF4A6, 0x0016,
	0xF4B2, 0x1C82,
	}

;

static u16 addr_data_pair_capture[] = {
	//$MV4[MCLK:24,mipi_phy_type:DPHY,mipi_lane:4,mipi_datarate:1440]	
	//$MV4_MainData[width:3280,height:2464,data_type:MIPI_RAW10 (0x2B)]	
	//$MV4_InterleavedData[isUsed:0,width:416,height:2448,data_type:MIPI_RAW10 (0x2B),virtual_channel:1]	
	//$MV4_Start[]	
	//T4_GD2SM_EVT0_3280x2464_30fps_4FDSum
	//4FDSUM 3280x2464 30.13fps DPHY 1440Mbps	
	//pclk 800.00 	MHz
	0x6028, 0x2000,
	0x602A, 0x12FA,
	0x6F12, 0x1450,
	0x602A, 0x1310,
	0x6F12, 0x0F00,
	0x602A, 0x1346,
	0x6F12, 0x0018,
	0x602A, 0x134C,
	0x6F12, 0x0002,
	0x602A, 0x1370,
	0x6F12, 0x0400,
	0x602A, 0x1378,
	0x6F12, 0x0088,
	0x602A, 0x13BE,
	0x6F12, 0x0200,
	0x602A, 0x1FC0,
	0x6F12, 0x0100,
	0x6F12, 0x005F,
	0x602A, 0x1FC6,
	0x6F12, 0x0060,
	0x602A, 0x1FCC,
	0x6F12, 0x1C80,
	0x6F12, 0x1C82,
	0x6F12, 0x4000,
	0x6F12, 0xF4B2,
	0x602A, 0x211E,
	0x6F12, 0x0A01,
	0x602A, 0x2134,
	0x6F12, 0xFFFF,
	0x602A, 0x2186,
	0x6F12, 0x0100,
	0x6F12, 0x0650,
	0x602A, 0x218E,
	0x6F12, 0x0650,
	0x602A, 0x2194,
	0x6F12, 0x0100,
	0x602A, 0x219A,
	0x6F12, 0x6400,
	0x602A, 0x21F8,
	0x6F12, 0x1358,
	0x602A, 0x220E,
	0x6F12, 0x0005,
	0x6F12, 0x0005,
	0x602A, 0x221C,
	0x6F12, 0x0101,
	0x602A, 0x2308,
	0x6F12, 0x005B,
	0x602A, 0x2580,
	0x6F12, 0x000E,
	0x602A, 0x2584,
	0x6F12, 0x0226,
	0x602A, 0x29F2,
	0x6F12, 0x0305,
	0x602A, 0x29F8,
	0x6F12, 0x090F,
	0x6F12, 0x0203,
	0x602A, 0x2A00,
	0x6F12, 0x0100,
	0x6F12, 0x0480,
	0x6F12, 0x5608,
	0x602A, 0x2A08,
	0x6F12, 0x0002,
	0x6F12, 0x49F0,
	0x602A, 0x2A0E,
	0x6F12, 0x1FCD,
	0x602A, 0x2A18,
	0x6F12, 0x0801,
	0x602A, 0x2A1E,
	0x6F12, 0x0108,
	0x602A, 0x30B4,
	0x6F12, 0x04D2,
	0x6F12, 0x81AE,
	0x6F12, 0xD020,
	0x602A, 0x30CE,
	0x6F12, 0x01E4,
	0x602A, 0x31C8,
	0x6F12, 0x0101,
	0x6F12, 0x000A,
	0x6F12, 0x0019,
	0x602A, 0x31D2,
	0x6F12, 0x0012,
	0x602A, 0x31EA,
	0x6F12, 0x0000,
	0x6F12, 0x0000,
	0x6F12, 0x0000,
	0x6F12, 0x0000,
	0x602A, 0x3450,
	0x6F12, 0x193C,
	0x602A, 0x345E,
	0x6F12, 0x1F40,
	0x6F12, 0x1F47,
	0x602A, 0x3770,
	0x6F12, 0x0100,
	0x602A, 0x37EA,
	0x6F12, 0x0606,
	0x602A, 0x3812,
	0x6F12, 0x0001,
	0x602A, 0x381A,
	0x6F12, 0x0000,
	0x6F12, 0x3FFF,
	0x602A, 0x3822,
	0x6F12, 0x0010,
	0x6F12, 0x0037,
	0x602A, 0x3A9A,
	0x6F12, 0x0080,
	0x6F12, 0x0000,
	0x6F12, 0x0000,
	0x6F12, 0x0000,
	0x6F12, 0x0000,
	0x6F12, 0x0000,
	0x6F12, 0x0000,
	0x6F12, 0x0000,
	0x6F12, 0x0000,
	0x6F12, 0x0000,
	0x6F12, 0x0080,
	0x6F12, 0x0000,
	0x6F12, 0x0000,
	0x6F12, 0x0000,
	0x6F12, 0x0000,
	0x6F12, 0x0000,
	0x602A, 0x3B1A,
	0x6F12, 0x000F,
	0x6F12, 0x0000,
	0x6F12, 0x0014,
	0x6F12, 0x0000,
	0x6F12, 0x0000,
	0x6F12, 0x0000,
	0x6F12, 0x0000,
	0x6F12, 0x0000,
	0x6F12, 0x0014,
	0x6F12, 0x0000,
	0x6F12, 0x000F,
	0x6F12, 0x0000,
	0x6F12, 0x0000,
	0x6F12, 0x0000,
	0x6F12, 0x0000,
	0x6F12, 0x0000,
	0x602A, 0x4208,
	0x6F12, 0x0004,
	0x6F12, 0x0C8D,
	0x602A, 0x422A,
	0x6F12, 0x0008,
	0x6F12, 0x0808,
	0x6F12, 0x0808,
	0x6F12, 0x0808,
	0x6F12, 0x0801,
	0x602A, 0x43B0,
	0x6F12, 0x0101,
	0x602A, 0x43C8,
	0x6F12, 0x0014,
	0x6F12, 0x000E,
	0x6F12, 0x003A,
	0x6F12, 0x0033,
	0x6F12, 0x0003,
	0x6F12, 0x0004,
	0x6F12, 0x0000,
	0x6F12, 0x0004,
	0x6F12, 0x13E8,
	0x6F12, 0x19A0,
	0x6F12, 0x1348,
	0x6F12, 0x0138,
	0x6F12, 0x0140,
	0x6F12, 0x0110,
	0x6F12, 0x011C,
	0x6F12, 0x012C,
	0x6F12, 0x013C,
	0x6F12, 0x0150,
	0x6F12, 0x0168,
	0x6F12, 0x0180,
	0x6F12, 0x019C,
	0x6F12, 0x01BC,
	0x6F12, 0x01E4,
	0x6F12, 0x0000,
	0x6F12, 0x0000,
	0x6F12, 0x012C,
	0x6F12, 0x0144,
	0x6F12, 0x0160,
	0x6F12, 0x0180,
	0x6F12, 0x01A8,
	0x6F12, 0x0214,
	0x6F12, 0x0000,
	0x6F12, 0x0000,
	0x6F12, 0x0000,
	0x602A, 0x4BC8,
	0x6F12, 0x0000,
	0x602A, 0x4BE4,
	0x6F12, 0x0000,
	0x602A, 0x4C00,
	0x6F12, 0x0100,
	0x602A, 0x5032,
	0x6F12, 0x0402,
	0x602A, 0x5038,
	0x6F12, 0x0101,
	0x602A, 0x5090,
	0x6F12, 0x0A00,
	0x602A, 0x50A0,
	0x6F12, 0x0004,
	0x602A, 0x510A,
	0x6F12, 0x0002,
	0x6F12, 0x0002,
	0x602A, 0x5140,
	0x6F12, 0x0101,
	0x6F12, 0x0484,
	0x602A, 0x5148,
	0x6F12, 0x0004,
	0x602A, 0x5530,
	0x6F12, 0x0100,
	0x602A, 0x5A40,
	0x6F12, 0x0001,
	0x602A, 0x5A46,
	0x6F12, 0x0001,
	0x602A, 0x5A4C,
	0x6F12, 0x0000,
	0x602A, 0x5A52,
	0x6F12, 0x0000,
	0x602A, 0x5A58,
	0x6F12, 0x3E68,
	0x602A, 0x5A5E,
	0x6F12, 0x0000,
	0x602A, 0x5A64,
	0x6F12, 0x0004,
	0x602A, 0x5A6A,
	0x6F12, 0x0000,
	0x602A, 0x5A70,
	0x6F12, 0x0001,
	0x602A, 0x5A76,
	0x6F12, 0x1ED7,
	0x602A, 0x5A7C,
	0x6F12, 0x0002,
	0x602A, 0x5A82,
	0x6F12, 0x3FFE,
	0x602A, 0x5A88,
	0x6F12, 0x03FF,
	0x602A, 0x5A8E,
	0x6F12, 0x01D7,
	0x602A, 0x5A94,
	0x6F12, 0x03FF,
	0x602A, 0x5A9A,
	0x6F12, 0x0001,
	0x602A, 0x5AA0,
	0x6F12, 0x184F,
	0x602A, 0x5AA6,
	0x6F12, 0x3FFE,
	0x602A, 0x5AAC,
	0x6F12, 0x00A2,
	0x602A, 0x5AB2,
	0x6F12, 0x0009,
	0x602A, 0x5AB8,
	0x6F12, 0x014C,
	0x602A, 0x5ABE,
	0x6F12, 0x0001,
	0x602A, 0x5AC4,
	0x6F12, 0x0001,
	0x602A, 0x5ACA,
	0x6F12, 0x0001,
	0x602A, 0x5AD0,
	0x6F12, 0x0035,
	0x602A, 0x5AD6,
	0x6F12, 0x1984,
	0x602A, 0x5ADC,
	0x6F12, 0x3FFD,
	0x602A, 0x5AE2,
	0x6F12, 0x012C,
	0x602A, 0x5AE8,
	0x6F12, 0x03FC,
	0x602A, 0x5AEE,
	0x6F12, 0x0000,
	0x602A, 0x5AF4,
	0x6F12, 0x00FC,
	0x602A, 0x5AFA,
	0x6F12, 0x0000,
	0x602A, 0x5B00,
	0x6F12, 0x0000,
	0x602A, 0x5B06,
	0x6F12, 0x0000,
	0x602A, 0x5B0C,
	0x6F12, 0x0333,
	0x602A, 0x5B12,
	0x6F12, 0x0000,
	0x602A, 0x5B18,
	0x6F12, 0x0000,
	0x602A, 0x5B1E,
	0x6F12, 0x01B3,
	0x602A, 0x5B24,
	0x6F12, 0x0363,
	0x602A, 0x5B2A,
	0x6F12, 0x0007,
	0x602A, 0x5B30,
	0x6F12, 0x0000,
	0x602A, 0x5B36,
	0x6F12, 0x0000,
	0x602A, 0x5B3C,
	0x6F12, 0x0000,
	0x602A, 0x5B42,
	0x6F12, 0x012C,
	0x602A, 0x5B48,
	0x6F12, 0x0000,
	0x602A, 0x5B4E,
	0x6F12, 0x0000,
	0x602A, 0x5B54,
	0x6F12, 0x0004,
	0x602A, 0x5B5A,
	0x6F12, 0x0003,
	0x602A, 0x5B60,
	0x6F12, 0x0001,
	0x602A, 0x5B66,
	0x6F12, 0x0001,
	0x602A, 0x5B6C,
	0x6F12, 0x0000,
	0x602A, 0x5B72,
	0x6F12, 0x0000,
	0x602A, 0x5B78,
	0x6F12, 0x0000,
	0x602A, 0x5B7E,
	0x6F12, 0x0001,
	0x602A, 0x5B84,
	0x6F12, 0x0000,
	0x602A, 0x5B8A,
	0x6F12, 0x0000,
	0x602A, 0x6AD6,
	0x6F12, 0x026C,
	0x6F12, 0x026C,
	0x6F12, 0x026C,
	0x6F12, 0x026C,
	0x6F12, 0x026C,
	0x6F12, 0x026C,
	0x602A, 0x6AE6,
	0x6F12, 0x1000,
	0x6F12, 0x1000,
	0x6F12, 0x1000,
	0x6F12, 0x1000,
	0x6F12, 0x1000,
	0x6F12, 0x1000,
	0x602A, 0x6AF6,
	0x6F12, 0x0666,
	0x6F12, 0x0666,
	0x6F12, 0x0666,
	0x6F12, 0x0666,
	0x6F12, 0x0666,
	0x6F12, 0x0666,
	0x602A, 0x6B06,
	0x6F12, 0x0028,
	0x6F12, 0x0028,
	0x6F12, 0x0028,
	0x6F12, 0x0028,
	0x6F12, 0x0028,
	0x6F12, 0x0028,
	0x602A, 0x6B16,
	0x6F12, 0x0005,
	0x6F12, 0x0005,
	0x6F12, 0x0005,
	0x6F12, 0x0005,
	0x6F12, 0x0005,
	0x6F12, 0x0005,
	0x602A, 0x6B26,
	0x6F12, 0x001E,
	0x6F12, 0x001E,
	0x6F12, 0x001E,
	0x6F12, 0x001E,
	0x6F12, 0x001E,
	0x6F12, 0x001E,
	0x602A, 0x6B36,
	0x6F12, 0x000F,
	0x6F12, 0x000F,
	0x6F12, 0x000F,
	0x6F12, 0x000F,
	0x6F12, 0x000F,
	0x6F12, 0x000F,
	0x602A, 0x6B46,
	0x6F12, 0x0146,
	0x6F12, 0x0146,
	0x6F12, 0x0146,
	0x6F12, 0x0146,
	0x6F12, 0x0146,
	0x6F12, 0x0146,
	0x602A, 0x6B56,
	0x6F12, 0x006D,
	0x6F12, 0x006D,
	0x6F12, 0x006D,
	0x6F12, 0x006D,
	0x6F12, 0x006D,
	0x6F12, 0x006D,
	0x602A, 0x6B66,
	0x6F12, 0x000A,
	0x6F12, 0x000A,
	0x6F12, 0x000A,
	0x6F12, 0x000A,
	0x6F12, 0x000A,
	0x6F12, 0x000A,
	0x602A, 0x6B76,
	0x6F12, 0x0005,
	0x6F12, 0x0005,
	0x6F12, 0x0005,
	0x6F12, 0x0005,
	0x6F12, 0x0005,
	0x6F12, 0x0005,
	0x602A, 0x6B86,
	0x6F12, 0x0032,
	0x6F12, 0x0032,
	0x6F12, 0x0032,
	0x6F12, 0x0032,
	0x6F12, 0x0032,
	0x6F12, 0x0032,
	0x602A, 0x6B96,
	0x6F12, 0x000A,
	0x6F12, 0x000A,
	0x6F12, 0x000A,
	0x6F12, 0x000A,
	0x6F12, 0x000A,
	0x6F12, 0x000A,
	0x602A, 0x6BA6,
	0x6F12, 0x0666,
	0x6F12, 0x0666,
	0x6F12, 0x0666,
	0x6F12, 0x0666,
	0x6F12, 0x0666,
	0x6F12, 0x0666,
	0x602A, 0x6BB6,
	0x6F12, 0x0400,
	0x6F12, 0x0400,
	0x6F12, 0x0400,
	0x6F12, 0x0400,
	0x6F12, 0x0400,
	0x6F12, 0x0400,
	0x602A, 0x6BC6,
	0x6F12, 0x001E,
	0x6F12, 0x001E,
	0x6F12, 0x001E,
	0x6F12, 0x001E,
	0x6F12, 0x001E,
	0x6F12, 0x001E,
	0x602A, 0x6BD6,
	0x6F12, 0x0014,
	0x6F12, 0x0014,
	0x6F12, 0x0014,
	0x6F12, 0x0014,
	0x6F12, 0x0014,
	0x6F12, 0x0014,
	0x602A, 0x6BE6,
	0x6F12, 0x001E,
	0x6F12, 0x001E,
	0x6F12, 0x001E,
	0x6F12, 0x001E,
	0x6F12, 0x001E,
	0x6F12, 0x001E,
	0x602A, 0x6BF6,
	0x6F12, 0x000F,
	0x6F12, 0x000F,
	0x6F12, 0x000F,
	0x6F12, 0x000F,
	0x6F12, 0x000F,
	0x6F12, 0x000F,
	0x602A, 0x6C06,
	0x6F12, 0x035D,
	0x6F12, 0x035D,
	0x6F12, 0x035D,
	0x6F12, 0x035D,
	0x6F12, 0x035D,
	0x6F12, 0x035D,
	0x602A, 0x6C16,
	0x6F12, 0x03EC,
	0x6F12, 0x03EC,
	0x6F12, 0x03EC,
	0x6F12, 0x03EC,
	0x6F12, 0x03EC,
	0x6F12, 0x03EC,
	0x602A, 0x6C26,
	0x6F12, 0x0000,
	0x6F12, 0x0000,
	0x6F12, 0x0000,
	0x6F12, 0x0000,
	0x6F12, 0x0000,
	0x6F12, 0x0000,
	0x602A, 0x6C36,
	0x6F12, 0x0050,
	0x6F12, 0x0050,
	0x6F12, 0x0050,
	0x6F12, 0x0050,
	0x6F12, 0x0050,
	0x6F12, 0x0050,
	0x602A, 0x6C46,
	0x6F12, 0x0046,
	0x6F12, 0x0046,
	0x6F12, 0x0046,
	0x6F12, 0x0046,
	0x6F12, 0x0046,
	0x6F12, 0x0046,
	0x602A, 0x6C56,
	0x6F12, 0x0138,
	0x6F12, 0x0138,
	0x6F12, 0x0138,
	0x6F12, 0x0138,
	0x6F12, 0x0138,
	0x6F12, 0x0138,
	0x602A, 0x6C66,
	0x6F12, 0x02D4,
	0x6F12, 0x02D4,
	0x6F12, 0x02D4,
	0x6F12, 0x02D4,
	0x6F12, 0x02D4,
	0x6F12, 0x02D4,
	0x602A, 0x6C76,
	0x6F12, 0x04C8,
	0x6F12, 0x04C8,
	0x6F12, 0x04C8,
	0x6F12, 0x04C8,
	0x6F12, 0x04C8,
	0x6F12, 0x04C8,
	0x602A, 0x6C86,
	0x6F12, 0x039C,
	0x6F12, 0x039C,
	0x6F12, 0x039C,
	0x6F12, 0x039C,
	0x6F12, 0x039C,
	0x6F12, 0x039C,
	0x602A, 0x6C96,
	0x6F12, 0x0690,
	0x6F12, 0x0690,
	0x6F12, 0x0690,
	0x6F12, 0x0690,
	0x6F12, 0x0690,
	0x6F12, 0x0690,
	0x602A, 0x6CA6,
	0x6F12, 0x0096,
	0x6F12, 0x0096,
	0x6F12, 0x0096,
	0x6F12, 0x0096,
	0x6F12, 0x0096,
	0x6F12, 0x0096,
	0x602A, 0x7520,
	0x6F12, 0x0100,
	0x602A, 0x7550,
	0x6F12, 0x0100,
	0x602A, 0x7580,
	0x6F12, 0x0101,
	0x602A, 0x77E0,
	0x6F12, 0x0100,
	0x602A, 0x84FE,
	0x6F12, 0xFFFF,
	0x602A, 0x850A,
	0x6F12, 0x01FF,
	0x602A, 0x8550,
	0x6F12, 0x0000,
	0x6F12, 0x5AC0,
	0x602A, 0x8A00,
	0x6F12, 0x0001,
	0x602A, 0x8A10,
	0x6F12, 0x0000,
	0x602A, 0x8A1E,
	0x6F12, 0x0080,
	0x6F12, 0x0008,
	0x602A, 0x8A26,
	0x6F12, 0x0008,
	0x602A, 0x8A3E,
	0x6F12, 0x03FF,
	0x602A, 0x8A44,
	0x6F12, 0x0080,
	0x602A, 0x8A68,
	0x6F12, 0x0200,
	0x602A, 0x8A6E,
	0x6F12, 0x0FA0,
	0x6F12, 0x0FA7,
	0x6028, 0x2001,
	0x602A, 0xEEFA,
	0x6F12, 0x0000,
	0x6F12, 0x0101,
	0x602A, 0xF180,
	0x6F12, 0x0001,
	0x6F12, 0x4000,
	0x6F12, 0x4000,
	0x6F12, 0x4000,
	0x6F12, 0x4000,
	0x6F12, 0x4000,
	0x6F12, 0x4000,
	0x6F12, 0x4000,
	0x6F12, 0x4000,
	0x6F12, 0x0C0D,
	0x6F12, 0x1011,
	0x6F12, 0x2A2B,
	0x6F12, 0x3637,
	0x6F12, 0x0A0B,
	0x6F12, 0x1617,
	0x6F12, 0x2C2D,
	0x6F12, 0x3031,
	0x6028, 0x4000,
	0x001E, 0x0204,
	0x0114, 0x0300,
	0x0116, 0x2B00,
	0x0118, 0x0001,
	0x011A, 0x0000,
	0x011C, 0x0100,
	0x0202, 0x0100,
	0x021E, 0x0000,
	0x0226, 0x0100,
	0x022C, 0x0100,
	0x0300, 0x0007,
	0x0302, 0x0001,
	0x0304, 0x0003,
	0x0306, 0x00AF,
	0x0308, 0x000B,
	0x030A, 0x0001,
	0x030C, 0x0002,
	0x030E, 0x0003,
	0x0310, 0x00B4,
	0x0312, 0x0001,
	0x0340, 0x0C68, //3176
	0x0342, 0x20A8, //8360
	0x0344, 0x0008,
	0x0346, 0x0008,
	0x0348, 0x19A7,
	0x034A, 0x134F,
	0x034C, 0x0CD0,
	0x034E, 0x09A0,
	0x0350, 0x0000,
	0x0352, 0x0002,
	0x0380, 0x0002,
	0x0382, 0x0002,
	0x0384, 0x0002,
	0x0386, 0x0002,
	0x0400, 0x1010,
	0x0408, 0x0100,
	0x040A, 0x0100,
	0x040C, 0x0000,
	0x0900, 0x2222,
	0x0B00, 0x0080,
	0x0B08, 0x0100,
	0x0B0E, 0x0000,
	0x0D00, 0x0101,
	0x0D02, 0x0001,
	0x0D04, 0x0102,
	0x0FE8, 0x4180,
	0x0FF4, 0x0000,
	0x623C, 0x0080,
	0x623E, 0x0000,
	0x6240, 0x0000,
	0x6B5E, 0x7F00,
	0x6B60, 0xCCCC,
	0xB606, 0x0400,
	0xF418, 0x001F,
	0xF41C, 0x4116,
	0xF482, 0x800D,
	0xF484, 0x0080,
	0xF496, 0x0200,
	0xF498, 0x0343,
	0xF4A6, 0x0016,
	0xF4B2, 0x1C82,
	};

static u16 addr_data_pair_normal_video[] = {
	//$MV4[MCLK:24,mipi_phy_type:DPHY,mipi_lane:4,mipi_datarate:1440]	
	//$MV4_MainData[width:3280,height:2464,data_type:MIPI_RAW10 (0x2B)]	
	//$MV4_InterleavedData[isUsed:0,width:416,height:2448,data_type:MIPI_RAW10 (0x2B),virtual_channel:1]	
	//$MV4_Start[]	
	//T4_GD2SM_EVT0_3280x2464_30fps_4FDSum
	//4FDSUM 3280x2464 30.13fps DPHY 1440Mbps	
	//pclk 800.00 	MHz
	0x6028, 0x2000,
	0x602A, 0x12FA,
	0x6F12, 0x1450,
	0x602A, 0x1310,
	0x6F12, 0x0F00,
	0x602A, 0x1346,
	0x6F12, 0x0018,
	0x602A, 0x134C,
	0x6F12, 0x0002,
	0x602A, 0x1370,
	0x6F12, 0x0400,
	0x602A, 0x1378,
	0x6F12, 0x0088,
	0x602A, 0x13BE,
	0x6F12, 0x0200,
	0x602A, 0x1FC0,
	0x6F12, 0x0100,
	0x6F12, 0x005F,
	0x602A, 0x1FC6,
	0x6F12, 0x0060,
	0x602A, 0x1FCC,
	0x6F12, 0x1C80,
	0x6F12, 0x1C82,
	0x6F12, 0x4000,
	0x6F12, 0xF4B2,
	0x602A, 0x211E,
	0x6F12, 0x0A01,
	0x602A, 0x2134,
	0x6F12, 0xFFFF,
	0x602A, 0x2186,
	0x6F12, 0x0100,
	0x6F12, 0x0650,
	0x602A, 0x218E,
	0x6F12, 0x0650,
	0x602A, 0x2194,
	0x6F12, 0x0100,
	0x602A, 0x219A,
	0x6F12, 0x6400,
	0x602A, 0x21F8,
	0x6F12, 0x1358,
	0x602A, 0x220E,
	0x6F12, 0x0005,
	0x6F12, 0x0005,
	0x602A, 0x221C,
	0x6F12, 0x0101,
	0x602A, 0x2308,
	0x6F12, 0x005B,
	0x602A, 0x2580,
	0x6F12, 0x000E,
	0x602A, 0x2584,
	0x6F12, 0x0226,
	0x602A, 0x29F2,
	0x6F12, 0x0305,
	0x602A, 0x29F8,
	0x6F12, 0x090F,
	0x6F12, 0x0203,
	0x602A, 0x2A00,
	0x6F12, 0x0100,
	0x6F12, 0x0480,
	0x6F12, 0x5608,
	0x602A, 0x2A08,
	0x6F12, 0x0002,
	0x6F12, 0x49F0,
	0x602A, 0x2A0E,
	0x6F12, 0x1FCD,
	0x602A, 0x2A18,
	0x6F12, 0x0801,
	0x602A, 0x2A1E,
	0x6F12, 0x0108,
	0x602A, 0x30B4,
	0x6F12, 0x04D2,
	0x6F12, 0x81AE,
	0x6F12, 0xD020,
	0x602A, 0x30CE,
	0x6F12, 0x01E4,
	0x602A, 0x31C8,
	0x6F12, 0x0101,
	0x6F12, 0x000A,
	0x6F12, 0x0019,
	0x602A, 0x31D2,
	0x6F12, 0x0012,
	0x602A, 0x31EA,
	0x6F12, 0x0000,
	0x6F12, 0x0000,
	0x6F12, 0x0000,
	0x6F12, 0x0000,
	0x602A, 0x3450,
	0x6F12, 0x193C,
	0x602A, 0x345E,
	0x6F12, 0x1F40,
	0x6F12, 0x1F47,
	0x602A, 0x3770,
	0x6F12, 0x0100,
	0x602A, 0x37EA,
	0x6F12, 0x0606,
	0x602A, 0x3812,
	0x6F12, 0x0001,
	0x602A, 0x381A,
	0x6F12, 0x0000,
	0x6F12, 0x3FFF,
	0x602A, 0x3822,
	0x6F12, 0x0010,
	0x6F12, 0x0037,
	0x602A, 0x3A9A,
	0x6F12, 0x0080,
	0x6F12, 0x0000,
	0x6F12, 0x0000,
	0x6F12, 0x0000,
	0x6F12, 0x0000,
	0x6F12, 0x0000,
	0x6F12, 0x0000,
	0x6F12, 0x0000,
	0x6F12, 0x0000,
	0x6F12, 0x0000,
	0x6F12, 0x0080,
	0x6F12, 0x0000,
	0x6F12, 0x0000,
	0x6F12, 0x0000,
	0x6F12, 0x0000,
	0x6F12, 0x0000,
	0x602A, 0x3B1A,
	0x6F12, 0x000F,
	0x6F12, 0x0000,
	0x6F12, 0x0014,
	0x6F12, 0x0000,
	0x6F12, 0x0000,
	0x6F12, 0x0000,
	0x6F12, 0x0000,
	0x6F12, 0x0000,
	0x6F12, 0x0014,
	0x6F12, 0x0000,
	0x6F12, 0x000F,
	0x6F12, 0x0000,
	0x6F12, 0x0000,
	0x6F12, 0x0000,
	0x6F12, 0x0000,
	0x6F12, 0x0000,
	0x602A, 0x4208,
	0x6F12, 0x0004,
	0x6F12, 0x0C8D,
	0x602A, 0x422A,
	0x6F12, 0x0008,
	0x6F12, 0x0808,
	0x6F12, 0x0808,
	0x6F12, 0x0808,
	0x6F12, 0x0801,
	0x602A, 0x43B0,
	0x6F12, 0x0101,
	0x602A, 0x43C8,
	0x6F12, 0x0014,
	0x6F12, 0x000E,
	0x6F12, 0x003A,
	0x6F12, 0x0033,
	0x6F12, 0x0003,
	0x6F12, 0x0004,
	0x6F12, 0x0000,
	0x6F12, 0x0004,
	0x6F12, 0x13E8,
	0x6F12, 0x19A0,
	0x6F12, 0x1348,
	0x6F12, 0x0138,
	0x6F12, 0x0140,
	0x6F12, 0x0110,
	0x6F12, 0x011C,
	0x6F12, 0x012C,
	0x6F12, 0x013C,
	0x6F12, 0x0150,
	0x6F12, 0x0168,
	0x6F12, 0x0180,
	0x6F12, 0x019C,
	0x6F12, 0x01BC,
	0x6F12, 0x01E4,
	0x6F12, 0x0000,
	0x6F12, 0x0000,
	0x6F12, 0x012C,
	0x6F12, 0x0144,
	0x6F12, 0x0160,
	0x6F12, 0x0180,
	0x6F12, 0x01A8,
	0x6F12, 0x0214,
	0x6F12, 0x0000,
	0x6F12, 0x0000,
	0x6F12, 0x0000,
	0x602A, 0x4BC8,
	0x6F12, 0x0000,
	0x602A, 0x4BE4,
	0x6F12, 0x0000,
	0x602A, 0x4C00,
	0x6F12, 0x0100,
	0x602A, 0x5032,
	0x6F12, 0x0402,
	0x602A, 0x5038,
	0x6F12, 0x0101,
	0x602A, 0x5090,
	0x6F12, 0x0A00,
	0x602A, 0x50A0,
	0x6F12, 0x0004,
	0x602A, 0x510A,
	0x6F12, 0x0002,
	0x6F12, 0x0002,
	0x602A, 0x5140,
	0x6F12, 0x0101,
	0x6F12, 0x0484,
	0x602A, 0x5148,
	0x6F12, 0x0004,
	0x602A, 0x5530,
	0x6F12, 0x0100,
	0x602A, 0x5A40,
	0x6F12, 0x0001,
	0x602A, 0x5A46,
	0x6F12, 0x0001,
	0x602A, 0x5A4C,
	0x6F12, 0x0000,
	0x602A, 0x5A52,
	0x6F12, 0x0000,
	0x602A, 0x5A58,
	0x6F12, 0x3E68,
	0x602A, 0x5A5E,
	0x6F12, 0x0000,
	0x602A, 0x5A64,
	0x6F12, 0x0004,
	0x602A, 0x5A6A,
	0x6F12, 0x0000,
	0x602A, 0x5A70,
	0x6F12, 0x0001,
	0x602A, 0x5A76,
	0x6F12, 0x1ED7,
	0x602A, 0x5A7C,
	0x6F12, 0x0002,
	0x602A, 0x5A82,
	0x6F12, 0x3FFE,
	0x602A, 0x5A88,
	0x6F12, 0x03FF,
	0x602A, 0x5A8E,
	0x6F12, 0x01D7,
	0x602A, 0x5A94,
	0x6F12, 0x03FF,
	0x602A, 0x5A9A,
	0x6F12, 0x0001,
	0x602A, 0x5AA0,
	0x6F12, 0x184F,
	0x602A, 0x5AA6,
	0x6F12, 0x3FFE,
	0x602A, 0x5AAC,
	0x6F12, 0x00A2,
	0x602A, 0x5AB2,
	0x6F12, 0x0009,
	0x602A, 0x5AB8,
	0x6F12, 0x014C,
	0x602A, 0x5ABE,
	0x6F12, 0x0001,
	0x602A, 0x5AC4,
	0x6F12, 0x0001,
	0x602A, 0x5ACA,
	0x6F12, 0x0001,
	0x602A, 0x5AD0,
	0x6F12, 0x0035,
	0x602A, 0x5AD6,
	0x6F12, 0x1984,
	0x602A, 0x5ADC,
	0x6F12, 0x3FFD,
	0x602A, 0x5AE2,
	0x6F12, 0x012C,
	0x602A, 0x5AE8,
	0x6F12, 0x03FC,
	0x602A, 0x5AEE,
	0x6F12, 0x0000,
	0x602A, 0x5AF4,
	0x6F12, 0x00FC,
	0x602A, 0x5AFA,
	0x6F12, 0x0000,
	0x602A, 0x5B00,
	0x6F12, 0x0000,
	0x602A, 0x5B06,
	0x6F12, 0x0000,
	0x602A, 0x5B0C,
	0x6F12, 0x0333,
	0x602A, 0x5B12,
	0x6F12, 0x0000,
	0x602A, 0x5B18,
	0x6F12, 0x0000,
	0x602A, 0x5B1E,
	0x6F12, 0x01B3,
	0x602A, 0x5B24,
	0x6F12, 0x0363,
	0x602A, 0x5B2A,
	0x6F12, 0x0007,
	0x602A, 0x5B30,
	0x6F12, 0x0000,
	0x602A, 0x5B36,
	0x6F12, 0x0000,
	0x602A, 0x5B3C,
	0x6F12, 0x0000,
	0x602A, 0x5B42,
	0x6F12, 0x012C,
	0x602A, 0x5B48,
	0x6F12, 0x0000,
	0x602A, 0x5B4E,
	0x6F12, 0x0000,
	0x602A, 0x5B54,
	0x6F12, 0x0004,
	0x602A, 0x5B5A,
	0x6F12, 0x0003,
	0x602A, 0x5B60,
	0x6F12, 0x0001,
	0x602A, 0x5B66,
	0x6F12, 0x0001,
	0x602A, 0x5B6C,
	0x6F12, 0x0000,
	0x602A, 0x5B72,
	0x6F12, 0x0000,
	0x602A, 0x5B78,
	0x6F12, 0x0000,
	0x602A, 0x5B7E,
	0x6F12, 0x0001,
	0x602A, 0x5B84,
	0x6F12, 0x0000,
	0x602A, 0x5B8A,
	0x6F12, 0x0000,
	0x602A, 0x6AD6,
	0x6F12, 0x026C,
	0x6F12, 0x026C,
	0x6F12, 0x026C,
	0x6F12, 0x026C,
	0x6F12, 0x026C,
	0x6F12, 0x026C,
	0x602A, 0x6AE6,
	0x6F12, 0x1000,
	0x6F12, 0x1000,
	0x6F12, 0x1000,
	0x6F12, 0x1000,
	0x6F12, 0x1000,
	0x6F12, 0x1000,
	0x602A, 0x6AF6,
	0x6F12, 0x0666,
	0x6F12, 0x0666,
	0x6F12, 0x0666,
	0x6F12, 0x0666,
	0x6F12, 0x0666,
	0x6F12, 0x0666,
	0x602A, 0x6B06,
	0x6F12, 0x0028,
	0x6F12, 0x0028,
	0x6F12, 0x0028,
	0x6F12, 0x0028,
	0x6F12, 0x0028,
	0x6F12, 0x0028,
	0x602A, 0x6B16,
	0x6F12, 0x0005,
	0x6F12, 0x0005,
	0x6F12, 0x0005,
	0x6F12, 0x0005,
	0x6F12, 0x0005,
	0x6F12, 0x0005,
	0x602A, 0x6B26,
	0x6F12, 0x001E,
	0x6F12, 0x001E,
	0x6F12, 0x001E,
	0x6F12, 0x001E,
	0x6F12, 0x001E,
	0x6F12, 0x001E,
	0x602A, 0x6B36,
	0x6F12, 0x000F,
	0x6F12, 0x000F,
	0x6F12, 0x000F,
	0x6F12, 0x000F,
	0x6F12, 0x000F,
	0x6F12, 0x000F,
	0x602A, 0x6B46,
	0x6F12, 0x0146,
	0x6F12, 0x0146,
	0x6F12, 0x0146,
	0x6F12, 0x0146,
	0x6F12, 0x0146,
	0x6F12, 0x0146,
	0x602A, 0x6B56,
	0x6F12, 0x006D,
	0x6F12, 0x006D,
	0x6F12, 0x006D,
	0x6F12, 0x006D,
	0x6F12, 0x006D,
	0x6F12, 0x006D,
	0x602A, 0x6B66,
	0x6F12, 0x000A,
	0x6F12, 0x000A,
	0x6F12, 0x000A,
	0x6F12, 0x000A,
	0x6F12, 0x000A,
	0x6F12, 0x000A,
	0x602A, 0x6B76,
	0x6F12, 0x0005,
	0x6F12, 0x0005,
	0x6F12, 0x0005,
	0x6F12, 0x0005,
	0x6F12, 0x0005,
	0x6F12, 0x0005,
	0x602A, 0x6B86,
	0x6F12, 0x0032,
	0x6F12, 0x0032,
	0x6F12, 0x0032,
	0x6F12, 0x0032,
	0x6F12, 0x0032,
	0x6F12, 0x0032,
	0x602A, 0x6B96,
	0x6F12, 0x000A,
	0x6F12, 0x000A,
	0x6F12, 0x000A,
	0x6F12, 0x000A,
	0x6F12, 0x000A,
	0x6F12, 0x000A,
	0x602A, 0x6BA6,
	0x6F12, 0x0666,
	0x6F12, 0x0666,
	0x6F12, 0x0666,
	0x6F12, 0x0666,
	0x6F12, 0x0666,
	0x6F12, 0x0666,
	0x602A, 0x6BB6,
	0x6F12, 0x0400,
	0x6F12, 0x0400,
	0x6F12, 0x0400,
	0x6F12, 0x0400,
	0x6F12, 0x0400,
	0x6F12, 0x0400,
	0x602A, 0x6BC6,
	0x6F12, 0x001E,
	0x6F12, 0x001E,
	0x6F12, 0x001E,
	0x6F12, 0x001E,
	0x6F12, 0x001E,
	0x6F12, 0x001E,
	0x602A, 0x6BD6,
	0x6F12, 0x0014,
	0x6F12, 0x0014,
	0x6F12, 0x0014,
	0x6F12, 0x0014,
	0x6F12, 0x0014,
	0x6F12, 0x0014,
	0x602A, 0x6BE6,
	0x6F12, 0x001E,
	0x6F12, 0x001E,
	0x6F12, 0x001E,
	0x6F12, 0x001E,
	0x6F12, 0x001E,
	0x6F12, 0x001E,
	0x602A, 0x6BF6,
	0x6F12, 0x000F,
	0x6F12, 0x000F,
	0x6F12, 0x000F,
	0x6F12, 0x000F,
	0x6F12, 0x000F,
	0x6F12, 0x000F,
	0x602A, 0x6C06,
	0x6F12, 0x035D,
	0x6F12, 0x035D,
	0x6F12, 0x035D,
	0x6F12, 0x035D,
	0x6F12, 0x035D,
	0x6F12, 0x035D,
	0x602A, 0x6C16,
	0x6F12, 0x03EC,
	0x6F12, 0x03EC,
	0x6F12, 0x03EC,
	0x6F12, 0x03EC,
	0x6F12, 0x03EC,
	0x6F12, 0x03EC,
	0x602A, 0x6C26,
	0x6F12, 0x0000,
	0x6F12, 0x0000,
	0x6F12, 0x0000,
	0x6F12, 0x0000,
	0x6F12, 0x0000,
	0x6F12, 0x0000,
	0x602A, 0x6C36,
	0x6F12, 0x0050,
	0x6F12, 0x0050,
	0x6F12, 0x0050,
	0x6F12, 0x0050,
	0x6F12, 0x0050,
	0x6F12, 0x0050,
	0x602A, 0x6C46,
	0x6F12, 0x0046,
	0x6F12, 0x0046,
	0x6F12, 0x0046,
	0x6F12, 0x0046,
	0x6F12, 0x0046,
	0x6F12, 0x0046,
	0x602A, 0x6C56,
	0x6F12, 0x0138,
	0x6F12, 0x0138,
	0x6F12, 0x0138,
	0x6F12, 0x0138,
	0x6F12, 0x0138,
	0x6F12, 0x0138,
	0x602A, 0x6C66,
	0x6F12, 0x02D4,
	0x6F12, 0x02D4,
	0x6F12, 0x02D4,
	0x6F12, 0x02D4,
	0x6F12, 0x02D4,
	0x6F12, 0x02D4,
	0x602A, 0x6C76,
	0x6F12, 0x04C8,
	0x6F12, 0x04C8,
	0x6F12, 0x04C8,
	0x6F12, 0x04C8,
	0x6F12, 0x04C8,
	0x6F12, 0x04C8,
	0x602A, 0x6C86,
	0x6F12, 0x039C,
	0x6F12, 0x039C,
	0x6F12, 0x039C,
	0x6F12, 0x039C,
	0x6F12, 0x039C,
	0x6F12, 0x039C,
	0x602A, 0x6C96,
	0x6F12, 0x0690,
	0x6F12, 0x0690,
	0x6F12, 0x0690,
	0x6F12, 0x0690,
	0x6F12, 0x0690,
	0x6F12, 0x0690,
	0x602A, 0x6CA6,
	0x6F12, 0x0096,
	0x6F12, 0x0096,
	0x6F12, 0x0096,
	0x6F12, 0x0096,
	0x6F12, 0x0096,
	0x6F12, 0x0096,
	0x602A, 0x7520,
	0x6F12, 0x0100,
	0x602A, 0x7550,
	0x6F12, 0x0100,
	0x602A, 0x7580,
	0x6F12, 0x0101,
	0x602A, 0x77E0,
	0x6F12, 0x0100,
	0x602A, 0x84FE,
	0x6F12, 0xFFFF,
	0x602A, 0x850A,
	0x6F12, 0x01FF,
	0x602A, 0x8550,
	0x6F12, 0x0000,
	0x6F12, 0x5AC0,
	0x602A, 0x8A00,
	0x6F12, 0x0001,
	0x602A, 0x8A10,
	0x6F12, 0x0000,
	0x602A, 0x8A1E,
	0x6F12, 0x0080,
	0x6F12, 0x0008,
	0x602A, 0x8A26,
	0x6F12, 0x0008,
	0x602A, 0x8A3E,
	0x6F12, 0x03FF,
	0x602A, 0x8A44,
	0x6F12, 0x0080,
	0x602A, 0x8A68,
	0x6F12, 0x0200,
	0x602A, 0x8A6E,
	0x6F12, 0x0FA0,
	0x6F12, 0x0FA7,
	0x6028, 0x2001,
	0x602A, 0xEEFA,
	0x6F12, 0x0000,
	0x6F12, 0x0101,
	0x602A, 0xF180,
	0x6F12, 0x0001,
	0x6F12, 0x4000,
	0x6F12, 0x4000,
	0x6F12, 0x4000,
	0x6F12, 0x4000,
	0x6F12, 0x4000,
	0x6F12, 0x4000,
	0x6F12, 0x4000,
	0x6F12, 0x4000,
	0x6F12, 0x0C0D,
	0x6F12, 0x1011,
	0x6F12, 0x2A2B,
	0x6F12, 0x3637,
	0x6F12, 0x0A0B,
	0x6F12, 0x1617,
	0x6F12, 0x2C2D,
	0x6F12, 0x3031,
	0x6028, 0x4000,
	0x001E, 0x0204,
	0x0114, 0x0300,
	0x0116, 0x2B00,
	0x0118, 0x0001,
	0x011A, 0x0000,
	0x011C, 0x0100,
	0x0202, 0x0100,
	0x021E, 0x0000,
	0x0226, 0x0100,
	0x022C, 0x0100,
	0x0300, 0x0007,
	0x0302, 0x0001,
	0x0304, 0x0003,
	0x0306, 0x00AF,
	0x0308, 0x000B,
	0x030A, 0x0001,
	0x030C, 0x0002,
	0x030E, 0x0003,
	0x0310, 0x00B4,
	0x0312, 0x0001,
	0x0340, 0x0C68, //3176
	0x0342, 0x20A8, //8360
	0x0344, 0x0008,
	0x0346, 0x0008,
	0x0348, 0x19A7,
	0x034A, 0x134F,
	0x034C, 0x0CD0,
	0x034E, 0x09A0,
	0x0350, 0x0000,
	0x0352, 0x0002,
	0x0380, 0x0002,
	0x0382, 0x0002,
	0x0384, 0x0002,
	0x0386, 0x0002,
	0x0400, 0x1010,
	0x0408, 0x0100,
	0x040A, 0x0100,
	0x040C, 0x0000,
	0x0900, 0x2222,
	0x0B00, 0x0080,
	0x0B08, 0x0100,
	0x0B0E, 0x0000,
	0x0D00, 0x0101,
	0x0D02, 0x0001,
	0x0D04, 0x0102,
	0x0FE8, 0x4180,
	0x0FF4, 0x0000,
	0x623C, 0x0080,
	0x623E, 0x0000,
	0x6240, 0x0000,
	0x6B5E, 0x7F00,
	0x6B60, 0xCCCC,
	0xB606, 0x0400,
	0xF418, 0x001F,
	0xF41C, 0x4116,
	0xF482, 0x800D,
	0xF484, 0x0080,
	0xF496, 0x0200,
	0xF498, 0x0343,
	0xF4A6, 0x0016,
	0xF4B2, 0x1C82,
	};

static u16 addr_data_pair_hs_video[] = {
    0x0100,	0x0000,
	0x6028, 0x2000,
	0x602A, 0x2A08,
	0x6F12, 0x0002,
	0x6F12, 0x49F0,
	0x602A, 0x21F8,
	0x6F12, 0x1358,
	0x602A, 0x30CE,
	0x6F12, 0x01E4,
	0x602A, 0x8A00,
	0x6F12, 0x0001,
	0x602A, 0x3770,
	0x6F12, 0x0100,
	0x602A, 0x220E,
	0x6F12, 0x0005,
	0x6F12, 0x0005,
	0x602A, 0x31CC,
	0x6F12, 0x0019,
	0x602A, 0x31D2,
	0x6F12, 0x0012,
	0x602A, 0x31CA,
	0x6F12, 0x000A,
	0x602A, 0x221C,
	0x6F12, 0x0101,
	0x602A, 0x2A18,
	0x6F12, 0x0801,
	0x602A, 0x5090,
	0x6F12, 0x0E00,
	0x602A, 0x84F8,
	0x6F12, 0x0002,
	0x602A, 0x8508,
	0x6F12, 0x0200,
	0x6F12, 0x0000,
	0x602A, 0x5530,
	0x6F12, 0x0100,
	0x602A, 0x43B0,
	0x6F12, 0x0101,
	0x602A, 0x43D4,
	0x6F12, 0x1300,
	0x6F12, 0x0004,
	0x6F12, 0x13E8,
	0x602A, 0x2A0E,
	0x6F12, 0x1FCD,
	0x602A, 0x1346,
	0x6F12, 0x0018,
	0x602A, 0x2308,
	0x6F12, 0x005B,
	0x602A, 0x381A,
	0x6F12, 0x0008,
	0x6F12, 0x0897,
	0x602A, 0x3812,
	0x6F12, 0x0001,
	0x602A, 0x345E,
	0x6F12, 0x1F40,
	0x6F12, 0x1F47,
	0x602A, 0x3B1A,
	0x6F12, 0x000F,
	0x6F12, 0x000F,
	0x6F12, 0x000A,
	0x6F12, 0x000A,
	0x6F12, 0x0000,
	0x6F12, 0x0000,
	0x6F12, 0x0000,
	0x6F12, 0x0000,
	0x6F12, 0x000A,
	0x6F12, 0x000A,
	0x6F12, 0x000F,
	0x6F12, 0x000F,
	0x6F12, 0x0000,
	0x6F12, 0x0000,
	0x6F12, 0x0000,
	0x6F12, 0x0000,
	0x602A, 0x3A9A,
	0x6F12, 0x0050,
	0x6F12, 0x0050,
	0x6F12, 0xFFC0,
	0x6F12, 0xFFC0,
	0x6F12, 0x0000,
	0x6F12, 0x0000,
	0x6F12, 0x0000,
	0x6F12, 0x0000,
	0x6F12, 0xFFC0,
	0x6F12, 0xFFC0,
	0x6F12, 0x0050,
	0x6F12, 0x0050,
	0x6F12, 0x0000,
	0x6F12, 0x0000,
	0x6F12, 0x0000,
	0x6F12, 0x0000,
	0x602A, 0x39EE,
	0x6F12, 0x0100,
	0x6F12, 0x0100,
	0x6F12, 0x0200,
	0x6F12, 0x1020,
	0x6F12, 0x1000,
	0x602A, 0x2A1E,
	0x6F12, 0x0108,
	0x602A, 0x134C,
	0x6F12, 0x0002,
	0x602A, 0x30B8,
	0x6F12, 0xD020,
	0x602A, 0x2580,
	0x6F12, 0x000E,
	0x602A, 0x2584,
	0x6F12, 0x0226,
	0x602A, 0x8A10,
	0x6F12, 0x0000,
	0x602A, 0x8A6E,
	0x6F12, 0x0FA0,
	0x6F12, 0x0FA7,
	0x602A, 0x8A20,
	0x6F12, 0x0008,
	0x602A, 0x8A26,
	0x6F12, 0x0008,
	0x602A, 0x8A1E,
	0x6F12, 0x0080,
	0x602A, 0x8A68,
	0x6F12, 0x0200,
	0x602A, 0x8A3E,
	0x6F12, 0x03FF,
	0x602A, 0x8A44,
	0x6F12, 0x0080,
	0x602A, 0x1370,
	0x6F12, 0x0000,
	0x602A, 0x1378,
	0x6F12, 0x0003,
	0x602A, 0x2134,
	0x6F12, 0xFFFF,
	0x602A, 0x1FC0,
	0x6F12, 0x0100,
	0x6F12, 0x005F,
	0x602A, 0x1FC6,
	0x6F12, 0x0060,
	0x602A, 0x1FCC,
	0x6F12, 0x1C80,
	0x6F12, 0x1C82,
	0x6F12, 0x4000,
	0x6F12, 0xF4B2,
	0x6028, 0x4000,
	0xF484, 0x0080,
	0xF498, 0x0343,
	0xF496, 0x0200,
	0xF4B2, 0x1C82,
	0xF41C, 0x4116,
	0xF418, 0x001F,
	0xB606, 0x0400,
	0xF482, 0x800D,
	0x6028, 0x4000,
	0x623C, 0x0080,
	0x623E, 0x0000,
	0x6240, 0x0000,
	0xF4A6, 0x0016,
	0x0344, 0x0008,
	0x0346, 0x0008,
	0x0348, 0x19A7,
	0x034A, 0x134F,
	0x034C, 0x0CD0,
	0x034E, 0x09A0,
	0x0350, 0x0000,
	0x0352, 0x0002,
	0x0900, 0x2222,
	0x0380, 0x0002,
	0x0382, 0x0002,
	0x0384, 0x0002,
	0x0386, 0x0002,
	0x0400, 0x1010,
	0x0408, 0x0100,
	0x040A, 0x0100,
	0x040C, 0x0000,
	0x0110, 0x1002,
	0x0114, 0x0300,
	0x0116, 0x3000,
	0x0118, 0x0001,
	0x011A, 0x0000,
	0x011C, 0x0000,
	0x0136, 0x1800,
	0x013E, 0x0000,
	0x0300, 0x0007,
	0x0302, 0x0001,
	0x0304, 0x0003,
	0x0306, 0x00AF,
	0x0308, 0x000B,
	0x030A, 0x0001,
	0x030C, 0x0000,
	0x030E, 0x0003,
	0x0310, 0x00E1,
	0x0312, 0x0000,
	0x0340, 0x0B64,
	0x0342, 0x11D0,
	0x0702, 0x0000,
	0x0202, 0x0100,
	0x0200, 0x0100,
	0x022C, 0x0100,
	0x0226, 0x0100,
	0x021E, 0x0000,
	0x080E, 0x0000,
	0x0B00, 0x0080,
	0x0B08, 0x0100,
	0x0D00, 0x0000,
	0x0100,	0x0100,
};

static u16 addr_data_pair_slim_video[] = {
    0x0100,	0x0000,
	0x6028, 0x2000,
	0x602A, 0x2A08,
	0x6F12, 0x0002,
	0x6F12, 0x49F0,
	0x602A, 0x21F8,
	0x6F12, 0x1358,
	0x602A, 0x30CE,
	0x6F12, 0x01E4,
	0x602A, 0x8A00,
	0x6F12, 0x0001,
	0x602A, 0x3770,
	0x6F12, 0x0100,
	0x602A, 0x220E,
	0x6F12, 0x0005,
	0x6F12, 0x0005,
	0x602A, 0x31CC,
	0x6F12, 0x0019,
	0x602A, 0x31D2,
	0x6F12, 0x0012,
	0x602A, 0x31CA,
	0x6F12, 0x000A,
	0x602A, 0x221C,
	0x6F12, 0x0101,
	0x602A, 0x2A18,
	0x6F12, 0x0801,
	0x602A, 0x5090,
	0x6F12, 0x0E00,
	0x602A, 0x84F8,
	0x6F12, 0x0002,
	0x602A, 0x8508,
	0x6F12, 0x0200,
	0x6F12, 0x0000,
	0x602A, 0x5530,
	0x6F12, 0x0100,
	0x602A, 0x43B0,
	0x6F12, 0x0101,
	0x602A, 0x43D4,
	0x6F12, 0x1300,
	0x6F12, 0x0004,
	0x6F12, 0x13E8,
	0x602A, 0x2A0E,
	0x6F12, 0x1FCD,
	0x602A, 0x1346,
	0x6F12, 0x0018,
	0x602A, 0x2308,
	0x6F12, 0x005B,
	0x602A, 0x381A,
	0x6F12, 0x0008,
	0x6F12, 0x0897,
	0x602A, 0x3812,
	0x6F12, 0x0001,
	0x602A, 0x345E,
	0x6F12, 0x1F40,
	0x6F12, 0x1F47,
	0x602A, 0x3B1A,
	0x6F12, 0x000F,
	0x6F12, 0x0000,
	0x6F12, 0x0007,
	0x6F12, 0x0000,
	0x6F12, 0x0000,
	0x6F12, 0x0000,
	0x6F12, 0x0000,
	0x6F12, 0x0000,
	0x6F12, 0x0007,
	0x6F12, 0x0000,
	0x6F12, 0x000F,
	0x6F12, 0x0000,
	0x6F12, 0x0000,
	0x6F12, 0x0000,
	0x6F12, 0x0000,
	0x6F12, 0x0000,
	0x602A, 0x3A9A,
	0x6F12, 0x0080,
	0x6F12, 0x0000,
	0x6F12, 0x0000,
	0x6F12, 0x0000,
	0x6F12, 0x0000,
	0x6F12, 0x0000,
	0x6F12, 0x0000,
	0x6F12, 0x0000,
	0x6F12, 0x0000,
	0x6F12, 0x0000,
	0x6F12, 0x0080,
	0x6F12, 0x0000,
	0x6F12, 0x0000,
	0x6F12, 0x0000,
	0x6F12, 0x0000,
	0x6F12, 0x0000,
	0x602A, 0x39EE,
	0x6F12, 0x0100,
	0x6F12, 0x0100,
	0x6F12, 0x0200,
	0x6F12, 0x1020,
	0x6F12, 0x1000,
	0x602A, 0x2A1E,
	0x6F12, 0x0108,
	0x602A, 0x134C,
	0x6F12, 0x0002,
	0x602A, 0x30B8,
	0x6F12, 0xD020,
	0x602A, 0x2580,
	0x6F12, 0x000E,
	0x602A, 0x2584,
	0x6F12, 0x0226,
	0x602A, 0x8A10,
	0x6F12, 0x0000,
	0x602A, 0x8A6E,
	0x6F12, 0x0FA0,
	0x6F12, 0x0FA7,
	0x602A, 0x8A20,
	0x6F12, 0x0008,
	0x602A, 0x8A26,
	0x6F12, 0x0008,
	0x602A, 0x8A1E,
	0x6F12, 0x0080,
	0x602A, 0x8A68,
	0x6F12, 0x0200,
	0x602A, 0x8A3E,
	0x6F12, 0x03FF,
	0x602A, 0x8A44,
	0x6F12, 0x0080,
	0x602A, 0x1370,
	0x6F12, 0x0000,
	0x602A, 0x1378,
	0x6F12, 0x0003,
	0x602A, 0x2134,
	0x6F12, 0xFFFF,
	0x602A, 0x1FC0,
	0x6F12, 0x0100,
	0x6F12, 0x005F,
	0x602A, 0x1FC6,
	0x6F12, 0x0060,
	0x602A, 0x1FCC,
	0x6F12, 0x1C80,
	0x6F12, 0x1C82,
	0x6F12, 0x4000,
	0x6F12, 0xF4B2,
	0x6028, 0x4000,
	0xF484, 0x0080,
	0xF498, 0x0343,
	0xF496, 0x0200,
	0xF4B2, 0x1C82,
	0xF41C, 0x4116,
	0xF418, 0x001F,
	0xB606, 0x0400,
	0xF482, 0x800D,
	0x6028, 0x4000,
	0x623C, 0x0080,
	0x623E, 0x0000,
	0x6240, 0x0000,
	0xF4A6, 0x0016,
	0x0344, 0x0008,
	0x0346, 0x0008,
	0x0348, 0x19A7,
	0x034A, 0x134F,
	0x034C, 0x0CD0,
	0x034E, 0x09A0,
	0x0350, 0x0000,
	0x0352, 0x0002,
	0x0900, 0x2222,
	0x0380, 0x0002,
	0x0382, 0x0002,
	0x0384, 0x0002,
	0x0386, 0x0002,
	0x0400, 0x1010,
	0x0408, 0x0100,
	0x040A, 0x0100,
	0x040C, 0x0000,
	0x0110, 0x1002,
	0x0114, 0x0300,
	0x0116, 0x3000,
	0x0118, 0x0001,
	0x011A, 0x0000,
	0x011C, 0x0000,
	0x0136, 0x1800,
	0x013E, 0x0000,
	0x0300, 0x0007,
	0x0302, 0x0001,
	0x0304, 0x0003,
	0x0306, 0x00AF,
	0x0308, 0x000B,
	0x030A, 0x0001,
	0x030C, 0x0000,
	0x030E, 0x0003,
	0x0310, 0x00C8,
	0x0312, 0x0002,
	0x0340, 0x0BB0,
	0x0342, 0x4580,
	0x0702, 0x0000,
	0x0202, 0x0100,
	0x0200, 0x0100,
	0x022C, 0x0100,
	0x0226, 0x0100,
	0x021E, 0x0000,
	0x080E, 0x0000,
	0x0B00, 0x0080,
	0x0B08, 0x0100,
	0x0D00, 0x0000,
	0x0100,	0x0100,
};

static u16 addr_data_pair_custom1[] = {
    0x0100,	0x0000,
	0x6028, 0x2000,
	0x602A, 0x2A08,
	0x6F12, 0x0002,
	0x6F12, 0x49F0,
	0x602A, 0x21F8,
	0x6F12, 0x1358,
	0x602A, 0x30CE,
	0x6F12, 0x01E4,
	0x602A, 0x8A00,
	0x6F12, 0x0001,
	0x602A, 0x3770,
	0x6F12, 0x0100,
	0x602A, 0x220E,
	0x6F12, 0x0009,
	0x6F12, 0x0009,
	0x602A, 0x31CC,
	0x6F12, 0x0019,
	0x602A, 0x31D2,
	0x6F12, 0x0012,
	0x602A, 0x31CA,
	0x6F12, 0x000A,
	0x602A, 0x221C,
	0x6F12, 0x0100,
	0x602A, 0x2A18,
	0x6F12, 0x0801,
	0x602A, 0x5090,
	0x6F12, 0x0600,
	0x602A, 0x84F8,
	0x6F12, 0x0002,
	0x602A, 0x8508,
	0x6F12, 0x0200,
	0x6F12, 0x0000,
	0x602A, 0x5530,
	0x6F12, 0x0000,
	0x602A, 0x43B0,
	0x6F12, 0x0101,
	0x602A, 0x43D4,
	0x6F12, 0x1300,
	0x6F12, 0x0004,
	0x6F12, 0x13E8,
	0x602A, 0x2A0E,
	0x6F12, 0x1FCD,
	0x602A, 0x1346,
	0x6F12, 0x0018,
	0x602A, 0x2308,
	0x6F12, 0x005B,
	0x602A, 0x381A,
	0x6F12, 0x0000,
	0x6F12, 0x3FFF,
	0x602A, 0x3812,
	0x6F12, 0x0003,
	0x602A, 0x345E,
	0x6F12, 0x1F38,
	0x6F12, 0x1F3F,
	0x602A, 0x3B1A,
	0x6F12, 0x004F,
	0x6F12, 0x004F,
	0x6F12, 0x0050,
	0x6F12, 0x0050,
	0x6F12, 0x004F,
	0x6F12, 0x004F,
	0x6F12, 0x0050,
	0x6F12, 0x0050,
	0x6F12, 0x0050,
	0x6F12, 0x0050,
	0x6F12, 0x004F,
	0x6F12, 0x004F,
	0x6F12, 0x0050,
	0x6F12, 0x0050,
	0x6F12, 0x004F,
	0x6F12, 0x004F,
	0x602A, 0x3A9A,
	0x6F12, 0x0040,
	0x6F12, 0x0040,
	0x6F12, 0xFFE0,
	0x6F12, 0xFFE0,
	0x6F12, 0x0040,
	0x6F12, 0x0040,
	0x6F12, 0xFFE0,
	0x6F12, 0xFFE0,
	0x6F12, 0xFFE0,
	0x6F12, 0xFFE0,
	0x6F12, 0x0040,
	0x6F12, 0x0040,
	0x6F12, 0xFFE0,
	0x6F12, 0xFFE0,
	0x6F12, 0x0040,
	0x6F12, 0x0040,
	0x602A, 0x39EE,
	0x6F12, 0x0100,
	0x6F12, 0x0100,
	0x6F12, 0x0200,
	0x6F12, 0x1020,
	0x6F12, 0x1000,
	0x602A, 0x2A1E,
	0x6F12, 0x0108,
	0x602A, 0x134C,
	0x6F12, 0x0002,
	0x602A, 0x30B8,
	0x6F12, 0xD020,
	0x602A, 0x2580,
	0x6F12, 0x000E,
	0x602A, 0x2584,
	0x6F12, 0x0226,
	0x602A, 0x8A10,
	0x6F12, 0x0000,
	0x602A, 0x8A6E,
	0x6F12, 0x1F38,
	0x6F12, 0x1F3F,
	0x602A, 0x8A20,
	0x6F12, 0x0008,
	0x602A, 0x8A26,
	0x6F12, 0x0008,
	0x602A, 0x8A1E,
	0x6F12, 0x0080,
	0x602A, 0x8A68,
	0x6F12, 0x0200,
	0x602A, 0x8A3E,
	0x6F12, 0x03FF,
	0x602A, 0x8A44,
	0x6F12, 0x0080,
	0x602A, 0x1370,
	0x6F12, 0x0400,
	0x602A, 0x1378,
	0x6F12, 0x0084,
	0x602A, 0x2134,
	0x6F12, 0x00C6,
	0x602A, 0x1FC0,
	0x6F12, 0x0100,
	0x6F12, 0x005F,
	0x602A, 0x1FC6,
	0x6F12, 0x0060,
	0x602A, 0x1FCC,
	0x6F12, 0x1C80,
	0x6F12, 0x1C82,
	0x6F12, 0x4000,
	0x6F12, 0xF4B2,
	0x6028, 0x4000,
	0xF484, 0x0080,
	0xF498, 0x06A3,
	0xF496, 0x0200,
	0xF4B2, 0x1C82,
	0xF41C, 0x4916,
	0xF418, 0x001F,
	0xB606, 0x0300,
	0xF482, 0x800D,
	0x6028, 0x4000,
	0x623C, 0x8080,
	0x623E, 0x830D,
	0x6240, 0x0000,
	0xF4A6, 0x001D,
	0x0344, 0x0008,
	0x0346, 0x0008,
	0x0348, 0x19A7,
	0x034A, 0x134F,
	0x034C, 0x19A0,
	0x034E, 0x1348,
	0x0350, 0x0000,
	0x0352, 0x0000,
	0x0900, 0x0011,
	0x0380, 0x0001,
	0x0382, 0x0001,
	0x0384, 0x0001,
	0x0386, 0x0001,
	0x0400, 0x1010,
	0x0408, 0x0100,
	0x040A, 0x0100,
	0x040C, 0x0000,
	0x0110, 0x1002,
	0x0114, 0x0300,
	0x0116, 0x3000,
	0x0118, 0x0001,
	0x011A, 0x0000,
	0x011C, 0x0000,
	0x0136, 0x1800,
	0x013E, 0x0000,
	0x0300, 0x0007,
	0x0302, 0x0001,
	0x0304, 0x0003,
	0x0306, 0x00AF,
	0x0308, 0x000B,
	0x030A, 0x0001,
	0x030C, 0x0000,
	0x030E, 0x0002,
	0x0310, 0x0087,
	0x0312, 0x0000,
	0x0340, 0x143E,
	0x0342, 0x27A0,
	0x0702, 0x0000,
	0x0202, 0x0100,
	0x0200, 0x0100,
	0x022C, 0x0100,
	0x0226, 0x0100,
	0x021E, 0x0000,
	0x080E, 0x0000,
	0x0B00, 0x0080,
	0x0B08, 0x0101,
	0x0D00, 0x0100,
	0x0100,	0x0100,
};

#endif
