/* SPDX-License-Identifier: GPL-2.0 */
/*
 * Copyright (c) 2019 MediaTek Inc.
 */
/*****************************************************************************
 *
 * Filename:
 * ---------
 *	 s5khp3sp23_Sensor_setting.h
 *
 * Project:
 * --------
 * Description:
 * ------------
 *	 CMOS sensor header file
 *
 ****************************************************************************/
#ifndef _S5KHP3SP23_SENSOR_SETTING_H
#define _S5KHP3SP23_SENSOR_SETTING_H

#include "kd_camera_typedef.h"

static u16 sensor_init_addr_data[] = {	
0xFCFC, 0x2001,     // TnP setting
0xB034, 0x0000,
0xB036, 0x69AF,
0xB038, 0x2002,
0xB03A, 0x95E1,
0xB03C, 0x0003,
0xB03E, 0x6461,
0xB040, 0x2002,
0xB042, 0x9A57,
0xB044, 0x0003,
0xB046, 0x7F87,
0xB048, 0x2002,
0xB04A, 0x9C7D,
0xB04C, 0x0000,
0xB04E, 0x14C5,
0xB050, 0x2002,
0xB052, 0x9EC5,
0xB054, 0x0002,
0xB056, 0x6EAD,
0xB058, 0x2002,
0xB05A, 0x9C21,
0xB05C, 0x0003,
0xB05E, 0x9C7B,
0xB060, 0x2002,
0xB062, 0xA1B1,
0xFCFC, 0x2002,
0xA03E, 0xFFFF,
0xA040, 0xFF02,
0xA042, 0x0101,
0xA044, 0x0001,
0xA046, 0x0101,
0xA048, 0x0101,
0xA04A, 0x0000,
0xA04C, 0x0000,
0xA04E, 0x0001,
0xA050, 0x0002,
0xA052, 0x0004,
0xA054, 0x0009,
0xA056, 0x0010,
0xA058, 0x0010,
0xA05A, 0x0010,
0xA05C, 0x0010,
0xA05E, 0x0010,
0xA060, 0x0010,
0xA062, 0x0010,
0xA064, 0x0010,
0xA066, 0x0010,
0xA068, 0x0010,
0xA06A, 0x0010,
0xA06C, 0x0010,
0xA06E, 0x0010,
0xA070, 0x0010,
0xA072, 0x0010,
0xA074, 0x0010,
0xA076, 0x0010,
0xA078, 0x0010,
0xA07A, 0x0010,
0xA07C, 0x0010,
0xA07E, 0x0010,
0xA080, 0x0000,
0xA082, 0x0000,
0xA084, 0x0000,
0xA086, 0x0000,
0xA088, 0x0000,
0xA08A, 0x0000,
0xA08C, 0x007D,
0xA08E, 0x007D,
0xA090, 0x007D,
0xA092, 0x007D,
0xA094, 0x007D,
0xA096, 0x007D,
0xA098, 0x0048,
0xA09A, 0x0048,
0xA09C, 0x0048,
0xA09E, 0x0048,
0xA0A0, 0x0048,
0xA0A2, 0x0048,
0xA0A4, 0x0037,
0xA0A6, 0x0037,
0xA0A8, 0x0037,
0xA0AA, 0x0037,
0xA0AC, 0x0037,
0xA0AE, 0x0037,
0xA0B0, 0x0057,
0xA0B2, 0x0057,
0xA0B4, 0x0057,
0xA0B6, 0x0057,
0xA0B8, 0x0057,
0xA0BA, 0x0057,
0xA0BC, 0x0057,
0xA0BE, 0x0057,
0xA0C0, 0x0057,
0xA0C2, 0x0057,
0xA0C4, 0x0057,
0xA0C6, 0x0057,
0xA0C8, 0x000B,
0xA0CA, 0x000B,
0xA0CC, 0x000B,
0xA0CE, 0x000B,
0xA0D0, 0x000B,
0xA0D2, 0x000B,
0xA0D8, 0x0000,
0xA0DA, 0x0000,
0xA0DC, 0x0000,
0xA0DE, 0x0000,
0xA0E0, 0x0A48,
0xA0E2, 0x10B5,
0xA0E4, 0x0849,
0xA0E6, 0x0A4A,
0xA0E8, 0xC0F8,
0xA0EA, 0x001C,
0xA0EC, 0x511A,
0xA0EE, 0xC0F8,
0xA0F0, 0x041C,
0xA0F2, 0x00F0,
0xA0F4, 0x2BF9,
0xA0F6, 0x0028,
0xA0F8, 0x05D0,
0xA0FA, 0xFFF7,
0xA0FC, 0x0AFF,
0xA0FE, 0xBDE8,
0xA100, 0x1040,
0xA102, 0x00F0,
0xA104, 0x4CB8,
0xA106, 0x10BD,
0xA108, 0x2002,
0xA10A, 0xA3A0,
0xA10C, 0x2002,
0xA10E, 0x3FC0,
0xA110, 0x2002,
0xA112, 0xFF50,
0xA114, 0x0000,
0xA116, 0x0000,
0xA118, 0x0000,
0xA11A, 0x0000,
0xA11C, 0x0000,
0xA11E, 0x0000,
0xA120, 0x70B5,
0xA122, 0x0E28,
0xA124, 0x13D0,
0xA126, 0x0228,
0xA128, 0x1BD1,
0xA12A, 0x7C48,
0xA12C, 0x5424,
0xA12E, 0x2246,
0xA130, 0x0021,
0xA132, 0x0546,
0xA134, 0x00F0,
0xA136, 0x0FF9,
0xA138, 0x7848,
0xA13A, 0x8838,
0xA13C, 0x006F,
0xA13E, 0x0028,
0xA140, 0x0FD0,
0xA142, 0x2246,
0xA144, 0x2946,
0xA146, 0xBDE8,
0xA148, 0x7040,
0xA14A, 0x00F0,
0xA14C, 0x09B9,
0xA14E, 0x7448,
0xA150, 0x0121,
0xA152, 0x826C,
0xA154, 0x02F1,
0xA156, 0x8042,
0xA158, 0x1180,
0xA15A, 0x006D,
0xA15C, 0x00F1,
0xA15E, 0x8040,
0xA160, 0x0180,
0xA162, 0x70BD,
0xA164, 0x6D49,
0xA166, 0x8839,
0xA168, 0x91F8,
0xA16A, 0x6C20,
0xA16C, 0x012A,
0xA16E, 0x14D1,
0xA170, 0x0268,
0xA172, 0x51F8,
0xA174, 0x803F,
0xA176, 0x5A43,
0xA178, 0x120B,
0xA17A, 0x0260,
0xA17C, 0xC268,
0xA17E, 0x0B68,
0xA180, 0x5A43,
0xA182, 0x120B,
0xA184, 0xC260,
0xA186, 0x4268,
0xA188, 0x0B68,
0xA18A, 0x5A43,
0xA18C, 0x120B,
0xA18E, 0x4260,
0xA190, 0x8268,
0xA192, 0x0968,
0xA194, 0x4A43,
0xA196, 0x110B,
0xA198, 0x8160,
0xA19A, 0x00F0,
0xA19C, 0xE6B8,
0xA19E, 0xAFF2,
0xA1A0, 0x3B00,
0xA1A2, 0x6049,
0xA1A4, 0x4865,
0xA1A6, 0xAFF2,
0xA1A8, 0x8700,
0xA1AA, 0x5F49,
0xA1AC, 0x0860,
0xA1AE, 0x7047,
0xA1B0, 0x2DE9,
0xA1B2, 0xF041,
0xA1B4, 0x5D48,
0xA1B6, 0x0022,
0xA1B8, 0x90F8,
0xA1BA, 0x0451,
0xA1BC, 0x5C48,
0xA1BE, 0x8469,
0xA1C0, 0x200C,
0xA1C2, 0xA1B2,
0xA1C4, 0x0646,
0xA1C6, 0xFFF7,
0xA1C8, 0xBBFE,
0xA1CA, 0x00F0,
0xA1CC, 0xD3F8,
0xA1CE, 0xA1B2,
0xA1D0, 0x0122,
0xA1D2, 0x3046,
0xA1D4, 0xFFF7,
0xA1D6, 0xB4FE,
0xA1D8, 0x564C,
0xA1DA, 0x75B9,
0xA1DC, 0x00F0,
0xA1DE, 0xCFF8,
0xA1E0, 0x5549,
0xA1E2, 0x30B1,
0xA1E4, 0x554A,
0xA1E6, 0xB1F8,
0xA1E8, 0x5602,
0xA1EA, 0x1080,
0xA1EC, 0xB1F8,
0xA1EE, 0x5A02,
0xA1F0, 0x01E0,
0xA1F2, 0xB1F8,
0xA1F4, 0x5802,
0xA1F6, 0xA4F8,
0xA1F8, 0x5803,
0xA1FA, 0x5149,
0xA1FC, 0xB1F8,
0xA1FE, 0x500E,
0xA200, 0x91F8,
0xA202, 0x582E,
0xA204, 0x22B1,
0xA206, 0xB1F8,
0xA208, 0x522E,
0xA20A, 0xC002,
0xA20C, 0xB0FB,
0xA20E, 0xF2F0,
0xA210, 0x424A,
0xA212, 0x883A,
0xA214, 0x92F8,
0xA216, 0x6C30,
0xA218, 0x012B,
0xA21A, 0x7DD1,
0xA21C, 0x91F8,
0xA21E, 0x8037,
0xA220, 0x4849,
0xA222, 0x484D,
0xA224, 0x595C,
0xA226, 0xAD1D,
0xA228, 0x5167,
0xA22A, 0x5B5D,
0xA22C, 0x2025,
0xA22E, 0x9367,
0xA230, 0x2029,
0xA232, 0x00D2,
0xA234, 0x5567,
0xA236, 0x202B,
0xA238, 0x00D2,
0xA23A, 0x9567,
0xA23C, 0x536F,
0xA23E, 0x3421,
0xA240, 0x342B,
0xA242, 0x00D9,
0xA244, 0x5167,
0xA246, 0x936F,
0xA248, 0x342B,
0xA24A, 0x00D9,
0xA24C, 0x9167,
0xA24E, 0x3349,
0xA250, 0x556F,
0xA252, 0xA739,
0xA254, 0x6B5C,
0xA256, 0x82F8,
0xA258, 0x7C30,
0xA25A, 0x966F,
0xA25C, 0x02EB,
0xA25E, 0x8505,
0xA260, 0x715C,
0xA262, 0x82F8,
0xA264, 0x7D10,
0xA266, 0xAE68,
0xA268, 0x1EB1,
0xA26A, 0x3546,
0xA26C, 0xC2F8,
0xA26E, 0x8060,
0xA270, 0x03E0,
0xA272, 0x55F8,
0xA274, 0x685C,
0xA276, 0xC2F8,
0xA278, 0x8050,
0xA27A, 0x4FF4,
0xA27C, 0x8076,
0xA27E, 0xC2F8,
0xA280, 0x8450,
0xA282, 0xB042,
0xA284, 0x01D9,
0xA286, 0x0546,
0xA288, 0x00E0,
0xA28A, 0x3546,
0xA28C, 0xAA01,
0xA28E, 0xA2F5,
0xA290, 0x8042,
0xA292, 0xB042,
0xA294, 0x01D9,
0xA296, 0x0546,
0xA298, 0x00E0,
0xA29A, 0x3546,
0xA29C, 0x05FB,
0xA29E, 0x0322,
0xA2A0, 0xFF27,
0xA2A2, 0xB7EB,
0xA2A4, 0x122F,
0xA2A6, 0x0FD9,
0xA2A8, 0xB042,
0xA2AA, 0x01D9,
0xA2AC, 0x0546,
0xA2AE, 0x00E0,
0xA2B0, 0x3546,
0xA2B2, 0xAD01,
0xA2B4, 0x3246,
0xA2B6, 0xA5F5,
0xA2B8, 0x8045,
0xA2BA, 0x9042,
0xA2BC, 0x00D9,
0xA2BE, 0x0246,
0xA2C0, 0x02FB,
0xA2C2, 0x0352,
0xA2C4, 0x130A,
0xA2C6, 0x00E0,
0xA2C8, 0xFF23,
0xA2CA, 0x1F4A,
0xA2CC, 0x1380,
0xA2CE, 0xB042,
0xA2D0, 0x01D9,
0xA2D2, 0x0246,
0xA2D4, 0x00E0,
0xA2D6, 0x3246,
0xA2D8, 0x9301,
0xA2DA, 0xA3F5,
0xA2DC, 0x8043,
0xA2DE, 0xB042,
0xA2E0, 0x01D9,
0xA2E2, 0x0246,
0xA2E4, 0x00E0,
0xA2E6, 0x3246,
0xA2E8, 0x02FB,
0xA2EA, 0x0132,
0xA2EC, 0xB7EB,
0xA2EE, 0x122F,
0xA2F0, 0x0FD9,
0xA2F2, 0xB042,
0xA2F4, 0x02D9,
0xA2F6, 0x0246,
0xA2F8, 0x01E0,
0xA2FA, 0x0DE0,
0xA2FC, 0x3246,
0xA2FE, 0x9201,
0xA300, 0xA2F5,
0xA302, 0x8042,
0xA304, 0xB042,
0xA306, 0x00D8,
0xA308, 0x3046,
0xA30A, 0x00FB,
0xA30C, 0x0120,
0xA30E, 0x000A,
0xA310, 0x00E0,
0xA312, 0xFF20,
0xA314, 0xA4F8,
0xA316, 0x4403,
0xA318, 0xBDE8,
0xA31A, 0xF081,
0xA31C, 0x2002,
0xA31E, 0xA428,
0xA320, 0x2001,
0xA322, 0xBFF0,
0xA324, 0x2000,
0xA326, 0x0D60,
0xA328, 0x2001,
0xA32A, 0xBE10,
0xA32C, 0x2002,
0xA32E, 0x6220,
0xA330, 0x2002,
0xA332, 0x6060,
0xA334, 0x4000,
0xA336, 0xF000,
0xA338, 0x2001,
0xA33A, 0x2490,
0xA33C, 0x4000,
0xA33E, 0xFF08,
0xA340, 0x2001,
0xA342, 0x0490,
0xA344, 0x2001,
0xA346, 0x0C04,
0xA348, 0x4000,
0xA34A, 0xFD86,
0xA34C, 0x42F6,
0xA34E, 0xD17C,
0xA350, 0xC0F2,
0xA352, 0x030C,
0xA354, 0x6047,
0xA356, 0x47F2,
0xA358, 0xD14C,
0xA35A, 0xC0F2,
0xA35C, 0x020C,
0xA35E, 0x6047,
0xA360, 0x44F6,
0xA362, 0x730C,
0xA364, 0xC0F2,
0xA366, 0x030C,
0xA368, 0x6047,
0xA36A, 0x4DF2,
0xA36C, 0x3B0C,
0xA36E, 0xC0F2,
0xA370, 0x000C,
0xA372, 0x6047,
0xA374, 0x49F6,
0xA376, 0x7B4C,
0xA378, 0xC0F2,
0xA37A, 0x030C,
0xA37C, 0x6047,
0xA37E, 0x4AF6,
0xA380, 0xD74C,
0xA382, 0xC0F2,
0xA384, 0x010C,
0xA386, 0x6047,
0xA388, 0x0000,
0xA38A, 0x0000,
0xA38C, 0x0000,
0xA38E, 0x0000,
0xA390, 0x0000,
0xA392, 0x0000,
0xA394, 0x1B73,
0xA396, 0x05AE,
0xA398, 0x0000,
0xA39A, 0x0000,
0xA39C, 0x0000,
0xA39E, 0x000F,
0xA3A0, 0x970D,
0xA3A2, 0x0D0E,
0xA3A4, 0x0F0F,
0xA3A6, 0x1010,
0xA3A8, 0x1112,
0xA3AA, 0x1213,
0xA3AC, 0x1314,
0xA3AE, 0x1515,
0xA3B0, 0x1616,
0xA3B2, 0x1718,
0xA3B4, 0x1819,
0xA3B8, 0x0000,
0xA3BA, 0x1000,
0xA3BC, 0x0000,
0xA3BE, 0x1000,
0xA3C0, 0x0000,
0xA3C2, 0x1000,
0xA3C4, 0x0000,
0xA3C6, 0x1000,
0xA3C8, 0x0000,
0xA3CA, 0x1000,
0xA3CC, 0x0000,
0xA3CE, 0x1000,
0xA3D0, 0x0000,
0xA3D2, 0x1000,
0xA3D4, 0x0000,
0xA3D6, 0x1000,
0xA3D8, 0x0000,
0xA3DA, 0x1000,
0xA3DC, 0x0000,
0xA3DE, 0x1000,
0xA3E0, 0x0000,
0xA3E2, 0x1000,
0xA3E4, 0x0000,
0xA3E6, 0x1000,
0xA3E8, 0x0000,
0xA3EA, 0x1000,
0xA3EC, 0x0000,
0xA3EE, 0x1000,
0xA3F0, 0x0000,
0xA3F2, 0x1000,
0xA3F4, 0x0000,
0xA3F6, 0x1000,
0xA3F8, 0x0000,
0xA3FA, 0x1000,
0xA3FC, 0x0000,
0xA3FE, 0x1000,
0xA400, 0x0000,
0xA402, 0x1000,
0xA404, 0x0000,
0xA406, 0x1000,
0xA408, 0x0000,
0xA40A, 0x1000,
0xA40C, 0x0021,
0xA410, 0x0000,
0xA412, 0x0000,
0xFCFC, 0x2000,     // Global setting
0x549E, 0x0100,
0x54A0, 0x2710,
0x1494, 0x0001,
0x1496, 0x89C0,
0x14A0, 0x0001,
0x14A2, 0x89C0,
0x1318, 0x0000,
0x1464, 0x09C4,
0xFCFC, 0x2001,
0xA37C, 0x0002,
0x7C38, 0x0001,
0x7C3A, 0xC280,
0x7C3C, 0x0000,
0x7C3E, 0x07B8,
0x7C40, 0x0000,
0x7C42, 0x07C0,
0x7CB0, 0x0003,
0x7C4C, 0x2006,
0x7C4E, 0xC000,
0x7C50, 0x2006,
0x7C52, 0xD000,
0x7C80, 0x0000,
0x7C84, 0x0200,
0x7C86, 0x00FF,
0x7CB2, 0x0001,
0x7C54, 0x2006,
0x7C56, 0xE000,
0x7C7C, 0x0003,
0x79F4, 0x0001,
0x79F6, 0x89C8,
0x79F8, 0x0001,
0x79FA, 0x9E64,
0x7A8C, 0x0012,
0x7A58, 0x0000,
0x7A5A, 0x0202,
0x7A5E, 0x0200,
0x7A60, 0x00FF,
0x7A08, 0x2007,
0x7A0A, 0x6000,
0x7A0C, 0x2006,
0x7A0E, 0xE000,
0x1326, 0x0003,
0x1328, 0x0020,
0x132A, 0x0040,
0x12D6, 0x982C,
0x12D8, 0xA4C2,
0x12DA, 0x20A0,
0x0C04, 0x2E28,
0x0C0A, 0x2E28,
0x12E8, 0x0001,
0x12EA, 0x0201,
0x0C52, 0x7C3F,
0x0C54, 0x7F0B,
0x1364, 0x0000,
0x2764, 0x0000,
0x0C40, 0x37C0,
0x268E, 0x37C0,
0x26A4, 0x0022,
0x26A6, 0x0022,
0x1362, 0x4A5A,
0x1360, 0x4A5A,
0x0BE6, 0x0040,
0x0BE8, 0x2040,
0x0BA6, 0x0000,
0x0BA8, 0x0000,
0x0BAA, 0x0000,
0x0BAC, 0x0000,
0x0BAE, 0x0000,
0x0BB0, 0x0000,
0x0BB2, 0x1313,
0x0BB4, 0x1313,
0x0BB6, 0x1313,
0x0BB8, 0x1313,
0x0BBA, 0x130F,
0x0BBC, 0x1313,
0x0B52, 0x0E06,
0x0B54, 0x0E0E,
0x0B56, 0x0E0E,
0x0B5A, 0x0A06,
0x0B5C, 0x0606,
0x0B6A, 0x0206,
0x0B6C, 0x0202,
0x0B6E, 0x0202,
0x0B72, 0x0006,
0x0B74, 0x0606,
0x0B82, 0x0202,
0x0B84, 0x0202,
0x0B86, 0x0202,
0x0B88, 0x0202,
0x0B8A, 0x0202,
0x0B8C, 0x0202,
0x11C8, 0x1000,
0x11CA, 0x1000,
0x11CC, 0x1000,
0x11CE, 0x1000,
0x19A4, 0x0001,
0x19A6, 0x7330,
0x19A8, 0x0001,
0x19AA, 0x7348,
0x1A6C, 0x0001,
0x1A6E, 0x7360,
0x1ADC, 0x0001,
0x1ADE, 0x7378,
0x7D40, 0x0000,
0x7D42, 0x0CC0,
0x7DA0, 0x0201,
0xA3DC, 0x00FF,
0x3A72, 0x0DFF,
0x9400, 0x0000,
0x9402, 0x0000,
0x7D48, 0x0000,
0x79DE, 0x0100,
0x3C96, 0x0100,
0x3958, 0x0002,
0x79DC, 0x0101,
0x7CFC, 0x0101,
0x286A, 0x0000,
0x2868, 0x0000,
0x0CA0, 0x0894,
0x0CA2, 0x0858,
0x0CA4, 0x0621,
0x0CA6, 0x0522,
0x71E2, 0x0000,
0x6D6A, 0x0200,
0x6D6C, 0x0400,
0xFCFC, 0x4000,
0xFD80, 0x0086,
0xF33E, 0x0086,
0xFD5A, 0xA400,
0xFD5C, 0xA6FD,
0xFD66, 0x0183,
0xFD6A, 0x0190,
0xFD68, 0x0183,
0xFD6C, 0x0190,
0xF338, 0x0022,
0xFD7A, 0x0022,
0xFCFC, 0x2000,
0x4218, 0x0000,
0x54FC, 0x0000,
0x54FE, 0xFFFF,
0xFCFC, 0x2001,
0x7CB4, 0x0000,
0x927C, 0x0106,
0x927E, 0x0201,
0x9280, 0x0402,
0x9282, 0x0401,
0x9284, 0x0350,
0x9286, 0x061E,
0x9292, 0x6905,
0x9296, 0x0100,
0x9298, 0x9648,
0x929A, 0x4BF0,
0x929C, 0x6E01,
0x929E, 0x000C,
0x92A0, 0x000A,
0x92A2, 0x0105,
0x92A4, 0x21FF,
0x92A6, 0x0264,
0x92A8, 0x2500,
0x92AA, 0x0010,
0x92AC, 0x0018,
0x92AE, 0x001C,
0x92B2, 0x3210,
0x92B4, 0x2D3C,
0x92B6, 0x0505,
0x92B8, 0x4B4B,
0x92BE, 0x0064,
0x92C0, 0x0096,
0x92C2, 0x0078,
0x92C4, 0x0190,
0x92C6, 0x0258,
0x92C8, 0x0320,
0x92CA, 0x00BE,
0x92CC, 0x00BE,
0x92CE, 0x00BE,
0x92D0, 0x27D8,
0x92D2, 0x27D8,
0x92D4, 0x27D8,
0x92D6, 0x00C8,
0x92D8, 0x00C8,
0x92DA, 0x00C8,
0x92DC, 0x2008,
0x92DE, 0x2008,
0x92E0, 0x2008,
0x92E2, 0x00BE,
0x92E4, 0x00BE,
0x92E6, 0x00BE,
0x92E8, 0x27D8,
0x92EA, 0x27D8,
0x92EC, 0x27D8,
0x92EE, 0x00C8,
0x92F0, 0x00C8,
0x92F2, 0x00C8,
0x92F4, 0x2008,
0x92F6, 0x2008,
0x92F8, 0x2008,
0x947E, 0x0190,
0x9480, 0x0190,
0x9482, 0x0190,
0x9484, 0x0190,
0x9486, 0x0190,
0x9488, 0x0190,
0x94D2, 0x0190,
0x94D4, 0x0190,
0x94D6, 0x0190,
0x94D8, 0x0190,
0x94DA, 0x0190,
0x94DC, 0x0190,
0x94EE, 0x0320,
0x94F0, 0x0320,
0x94F2, 0x0320,
0x94F4, 0x0320,
0x94F6, 0x0320,
0x94F8, 0x0320,
0x950A, 0x002D,
0x950C, 0x002D,
0x950E, 0x0005,
0x9510, 0x0005,
0x9512, 0x0005,
0x9514, 0x0005,
0x9526, 0x0046,
0x9528, 0x0046,
0x952A, 0x000F,
0x952C, 0x000F,
0x952E, 0x000F,
0x9530, 0x000F,
0x9542, 0x006E,
0x9544, 0x006E,
0x9546, 0x001E,
0x9548, 0x001E,
0x954A, 0x001E,
0x954C, 0x001E,
0x955E, 0x0096,
0x9560, 0x0096,
0x9562, 0x0028,
0x9564, 0x0028,
0x9566, 0x0028,
0x9568, 0x0028,
0x957A, 0x00FA,
0x957C, 0x00FA,
0x957E, 0x0046,
0x9580, 0x0046,
0x9582, 0x0046,
0x9584, 0x0046,
0x9596, 0x012C,
0x9598, 0x012C,
0x959A, 0x0078,
0x959C, 0x0078,
0x959E, 0x0078,
0x95A0, 0x0078,
0x95B2, 0x0000,
0x95B4, 0x0000,
0x95B6, 0x0000,
0x95B8, 0x0000,
0x95BA, 0x0000,
0x95BC, 0x0000,
0x95CE, 0x0006,
0x95D0, 0x0006,
0x95D2, 0x0006,
0x95D4, 0x0006,
0x95D6, 0x0006,
0x95D8, 0x0006,
0x95EA, 0x0007,
0x95EC, 0x0007,
0x95EE, 0x0007,
0x95F0, 0x0007,
0x95F2, 0x0007,
0x95F4, 0x0007,
0x9606, 0x001E,
0x9608, 0x001E,
0x960A, 0x001E,
0x960C, 0x001E,
0x960E, 0x001E,
0x9610, 0x001E,
0x9622, 0x0000,
0x9624, 0x0000,
0x9626, 0x0000,
0x9628, 0x0000,
0x962A, 0x0000,
0x962C, 0x0000,
0x963E, 0x0000,
0x9640, 0x0000,
0x9642, 0x0000,
0x9644, 0x0000,
0x9646, 0x0000,
0x9648, 0x0000,
0x965A, 0x0051,
0x965C, 0x0051,
0x965E, 0x0051,
0x9660, 0x0051,
0x9662, 0x0051,
0x9664, 0x0051,
0x9676, 0x0578,
0x9678, 0x0578,
0x967A, 0x0578,
0x967C, 0x0578,
0x967E, 0x0578,
0x9680, 0x0578,
0x9692, 0x03E8,
0x9694, 0x03E8,
0x9696, 0x03E8,
0x9698, 0x03E8,
0x969A, 0x03E8,
0x969C, 0x03E8,
0x96CA, 0x002C,
0x96CC, 0x002C,
0x96CE, 0x002C,
0x96D0, 0x002C,
0x96D2, 0x002C,
0x96D4, 0x002C,
0x96E6, 0x0005,
0x96E8, 0x0005,
0x96EA, 0x0005,
0x96EC, 0x0005,
0x96EE, 0x0005,
0x96F0, 0x0005,
0x9702, 0x0090,
0x9704, 0x0090,
0x9706, 0x0090,
0x9708, 0x0090,
0x970A, 0x0090,
0x970C, 0x0090,
0x971E, 0x0064,
0x9720, 0x0064,
0x9722, 0x0064,
0x9724, 0x0064,
0x9726, 0x0064,
0x9728, 0x0064,
0x975E, 0x0008,
0x9760, 0x0008,
0x9772, 0x0008,
0x9774, 0x0008,
0x9776, 0x0008,
0x9778, 0x0008,
0x977A, 0x0008,
0x977C, 0x0008,
0x9796, 0x0004,
0x9798, 0x0004,
0x97AA, 0x0038,
0x97AC, 0x0038,
0x97AE, 0x0038,
0x97B0, 0x0038,
0x97B2, 0x0038,
0x97B4, 0x0038,
0x97C6, 0x000C,
0x97C8, 0x000C,
0x97CA, 0x000C,
0x97CC, 0x000C,
0x97CE, 0x000C,
0x97D0, 0x000C,
0x97E2, 0x0008,
0x97E4, 0x0008,
0x97E6, 0x0008,
0x97E8, 0x0008,
0x97EA, 0x0008,
0x97EC, 0x0008,
0x97FE, 0x0014,
0x9800, 0x0014,
0x9802, 0x0014,
0x9804, 0x0014,
0x9806, 0x0014,
0x9808, 0x0014,
0x981A, 0x0008,
0x981C, 0x0008,
0x981E, 0x0008,
0x9820, 0x0008,
0x9822, 0x0008,
0x9824, 0x0008,
0x9836, 0x0000,
0x9838, 0x0001,
0x983A, 0x0001,
0x983C, 0x0001,
0x983E, 0x0001,
0x9840, 0x0001,
0x9852, 0x0000,
0x9854, 0x0514,
0x9856, 0x0514,
0x9858, 0x0514,
0x985A, 0x0514,
0x985C, 0x0514,
0x986E, 0x0000,
0x9870, 0x0000,
0x9872, 0x0000,
0x9874, 0x0000,
0x9876, 0x0000,
0x9878, 0x0000,
0x988A, 0x0001,
0x988C, 0x0001,
0x988E, 0x0001,
0x9890, 0x0001,
0x9892, 0x0001,
0x9894, 0x0001,
0x98A6, 0x012C,
0x98A8, 0x012C,
0x98AA, 0x012C,
0x98AC, 0x012C,
0x98AE, 0x012C,
0x98B0, 0x012C,
0x9B42, 0x0032,
0x9B44, 0x0037,
0x9B46, 0x003C,
0x9B48, 0x0046,
0x9B4A, 0x0046,
0x9B4C, 0x0046,
0x9BE2, 0x00B4,
0x9BE4, 0x0096,
0x9BE6, 0x0078,
0x9BE8, 0x005A,
0x9BEA, 0x005A,
0x9BEC, 0x005A,
0x9BF2, 0x00C8,
0x9BF4, 0x00A7,
0x9BF6, 0x0085,
0x9BF8, 0x0064,
0x9BFA, 0x0064,
0x9BFC, 0x0064,
0x9C02, 0x00C8,
0x9C04, 0x00C8,
0x9C06, 0x00A7,
0x9C08, 0x007D,
0x9C0A, 0x007D,
0x9C0C, 0x007D,
0x9C12, 0x00C8,
0x9C14, 0x00C8,
0x9C16, 0x00A7,
0x9C18, 0x007D,
0x9C1A, 0x007D,
0x9C1C, 0x007D,
0x9C22, 0x00C8,
0x9C24, 0x00C8,
0x9C26, 0x00C8,
0x9C28, 0x0096,
0x9C2A, 0x0096,
0x9C2C, 0x0096,
0x9C32, 0x0028,
0x9C34, 0x0021,
0x9C36, 0x001B,
0x9C38, 0x0014,
0x9C3A, 0x0014,
0x9C3C, 0x0014,
0x9C42, 0x0028,
0x9C44, 0x0021,
0x9C46, 0x001B,
0x9C48, 0x0014,
0x9C4A, 0x0014,
0x9C4C, 0x0014,
0x9C52, 0x0050,
0x9C54, 0x0043,
0x9C56, 0x0035,
0x9C58, 0x0028,
0x9C5A, 0x0028,
0x9C5C, 0x0028,
0x9C62, 0x00B4,
0x9C64, 0x0096,
0x9C66, 0x0078,
0x9C68, 0x005A,
0x9C6A, 0x005A,
0x9C6C, 0x005A,
0x9C72, 0x00B4,
0x9C74, 0x0096,
0x9C76, 0x0078,
0x9C78, 0x005A,
0x9C7A, 0x005A,
0x9C7C, 0x005A,
0xFCFC, 0x2002,
0x5AD0, 0x0001,
0x5BB0, 0x0001,
0xA04C, 0x0000,
0xA04E, 0x0001,
0xA050, 0x0080,
0xA052, 0x0100,
0xA054, 0x0200,
0xA056, 0x0400,
0xA058, 0x0010,
0xA05A, 0x0080,
0xA05C, 0x00A0,
0xA05E, 0x00C8,
0xA060, 0x00C8,
0xA062, 0x0010,
0xA064, 0x00BC,
0xA066, 0x00EC,
0xA068, 0x012C,
0xA06A, 0x012C,
0xA06C, 0x0010,
0xA06E, 0x0080,
0xA070, 0x00A0,
0xA072, 0x00C8,
0xA074, 0x00C8,
0xA076, 0x0010,
0xA078, 0x0134,
0xA07A, 0x0184,
0xA07C, 0x01F4,
0xA07E, 0x01F4,
0xA080, 0x0001,
0xA082, 0x0000,
0xA084, 0x0000,
0xA086, 0x0000,
0xA088, 0x0000,
0xA098, 0x0000,
0xA09A, 0x0048,
0xA09C, 0x0048,
0xA09E, 0x0048,
0xA0A0, 0x0048,
0xA0A2, 0x0048,
0xA0A4, 0x0000,
0xA0A6, 0x0037,
0xA0A8, 0x0037,
0xA0AA, 0x0037,
0xA0AC, 0x0037,
0xA0AE, 0x0037,
0xA0B0, 0x0000,
0xA0B2, 0x0057,
0xA0B4, 0x0057,
0xA0B6, 0x0057,
0xA0B8, 0x0057,
0xA0BA, 0x0057,
0xA0BC, 0x0000,
0xA0BE, 0x0057,
0xA0C0, 0x0057,
0xA0C2, 0x0057,
0xA0C4, 0x0057,
0xA0C6, 0x0057,
0xA0C8, 0x0000,
0xA0CA, 0x000B,
0xA0CC, 0x000B,
0xA0CE, 0x000B,
0xA0D0, 0x000B,
0xA0D2, 0x000B,
};

static u16 addr_data_pair_preview[] = {
0xFCFC, 0x4000,
0x6214, 0xFFFF,
0x6216, 0xFFFF,
0x6218, 0xFFFF,
0xA100, 0xFFFF,
0xFCFC, 0x4001,
0x0100, 0xFFFF,
0x2100, 0xFFFF,
0xFCFC, 0x4000,
0x8100, 0xFFFF,
0x621A, 0x0000,
0x621C, 0x0000,
0x6220, 0x0000,
0xA102, 0x0000,
0xFCFC, 0x4001,
0x0102, 0x0000,
0x2102, 0x0000,
0xFCFC, 0x4000,
0x8102, 0x0000,
0x0344, 0x0010,
0x0348, 0x3FCF,
0x0346, 0x0010,
0x034A, 0x300F,
0x034C, 0x0FF0,
0x034E, 0x0C00,
0x0340, 0x18C0,
0x0342, 0x28A0,
0x0900, 0x3244,
0x0380, 0x0004,
0x0382, 0x0004,
0x0384, 0x0004,
0x0386, 0x0004,
0x040C, 0x0000,
0x0400, 0x1010,
0x0408, 0x0100,
0x040A, 0x0100,
0x0350, 0x0000,
0x0352, 0x0000,
0x0136, 0x1800,
0x013E, 0x0000,
0x0304, 0x0003,
0x0306, 0x00FA,
0x030C, 0x0001,
0x030E, 0x0003,
0x0310, 0x00FC,
0x0312, 0x0001,
0x031A, 0x0003,
0x031C, 0x002D,
0x031E, 0x0002,
0x0B08, 0x0100,
0x0202, 0x0014,
0x022C, 0x0014,
0x0226, 0x0014,
0x0702, 0x0000,
0x0704, 0x0000,
0x0112, 0x0A0A,
0x0114, 0x0301,
0x0118, 0x0004,
0x011A, 0x0001,
0x011C, 0x0101,
0x0270, 0x2B2B,   
0x0272, 0x2B10,
0x0260, 0x0001,
0x0262, 0x0200,
0x0264, 0x0102,
0x0266, 0x0000,
0x0274, 0x3030,   
0x0720, 0x0001,
0x0724, 0x0000,   
0x0728, 0x07F8,
0x072A, 0x0300,
0x072C, 0x0000,   
0x072E, 0x0000,   
0xFCFC, 0x2001,
0x9000, 0x0200,
0x9082, 0x0100,     
0xFCFC, 0x2000,
0x14B8, 0x0000,
0x4294, 0xBA84,
0x4296, 0x0200,
0x4298, 0xBA86,
0x429A, 0x0400,
0x429C, 0xBA88,
0x429E, 0x0200,
0x42A0, 0xBA8A,
0x42A2, 0x0200,
0x42A4, 0x0000,
0x42A6, 0x0000,
0x42A8, 0x0000,
0x42AA, 0x0000,
0x42AC, 0x0000,
0x42AE, 0x0000,
0x42B0, 0x0000,
0x42B2, 0x0000,
0x42B4, 0x0000,
0x42B6, 0x0000,
0x42B8, 0x0000,
0x42BA, 0x0000,
0x42BC, 0xBA84,
0x42BE, 0x0200,
0x42C0, 0xBA86,
0x42C2, 0x0400,
0x42C4, 0xBA88,
0x42C6, 0x0200,
0x42C8, 0xBA8A,
0x42CA, 0x0200,
0x42CC, 0x0000,
0x42CE, 0x0000,
0x42D0, 0x0000,
0x42D2, 0x0000,
0x42D4, 0x0000,
0x42D6, 0x0000,
0x42D8, 0x0000,
0x42DA, 0x0000,
0x42DC, 0x0000,
0x42DE, 0x0000,
0x42E0, 0x0000,
0x42E2, 0x0000,
0x42E4, 0x0000,
0x42E6, 0x0000,
0x42E8, 0x0000,
0x42EA, 0x0000,
0x42EC, 0x0000,
0x42EE, 0x0000,
0x42F0, 0x0000,
0x42F2, 0x0000,
0x42F4, 0x0000,
0x42F6, 0x0000,
0x42F8, 0x0000,
0x42FA, 0x0000,
0x42FC, 0x0000,
0x42FE, 0x0000,
0x4300, 0x0000,
0x4302, 0x0000,
0x4304, 0x0000,
0x4306, 0x0000,
0x4308, 0x0000,
0x430A, 0x0000,
0x430C, 0x0000,
0x430E, 0x0000,
0x4310, 0x0000,
0x4312, 0x0000,
0x4320, 0x0000,
0x4322, 0x0000,
0x4324, 0x0000,
0x4326, 0x0000,
0x4328, 0x0000,
0x432A, 0x0000,
0x432C, 0x0000,
0x432E, 0x0000,
0x4330, 0x0000,
0x4332, 0x0000,
0x4334, 0x0000,
0x4336, 0x0000,
0x4338, 0x0000,
0x433A, 0x0000,
0x433C, 0x0000,
0x433E, 0x0000,
0x4340, 0x0000,
0x4342, 0x0000,
0x4348, 0x0000,
0x434A, 0x0000,
0x434C, 0x0000,
0x434E, 0x0000,
0x4350, 0x0000,
0x4352, 0x0000,
0x4354, 0x0000,
0x4356, 0x0000,
0x4358, 0x0000,
0x435A, 0x0000,
0x435C, 0x0000,
0x435E, 0x0000,
0x4360, 0x0000,
0x4362, 0x0000,
0x4364, 0x0000,
0x4366, 0x0000,
0x4368, 0x0000,
0x436A, 0x0000,
0x436C, 0x0000,
0x436E, 0x0000,
0x4378, 0x0000,
0x437A, 0x0000,
0x437C, 0x0000,
0x437E, 0x0000,
0x4380, 0x0000,
0x4382, 0x0000,
0x4384, 0x0000,
0x4386, 0x0000,
0x4388, 0x0000,
0x438A, 0x0000,
0x438C, 0x0000,
0x438E, 0x0000,
0x4390, 0x0000,
0x4392, 0x0000,
0x4394, 0x0000,
0x439A, 0x0000,
0x4398, 0x0000,
0x4396, 0x0000,
0x43AC, 0x0000,
0x43AE, 0x0000,
0x43B0, 0x0000,
0x43B2, 0x0000,
0x442A, 0x000A,
0x443A, 0x000E,
0x4428, 0x0000,
0x4438, 0x0004,
0x4424, 0x0014,
0x4434, 0x0014,
0x4432, 0x001F,
0x4442, 0x001F,
0x4430, 0x001A,
0x4440, 0x001A,
0x442C, 0x0024,
0x443C, 0x0024,
0xFCFC, 0x2001,
0x9270, 0x0000,
0x9306, 0x0400,
0x9308, 0x0400,
0x930A, 0x0400,
0x9D62, 0x0032,
0x9D64, 0x0032,
0x9D66, 0x0028,
0x9D68, 0x001E,
0x9D6A, 0x001E,
0x9D6C, 0x001E,
0x9D72, 0x0032,
0x9D74, 0x0032,
0x9D76, 0x0028,
0x9D78, 0x001E,
0x9D7A, 0x001E,
0x9D7C, 0x001E,
0x9D82, 0x0032,
0x9D84, 0x0032,
0x9D86, 0x0028,
0x9D88, 0x001E,
0x9D8A, 0x001E,
0x9D8C, 0x001E,
0x9D92, 0x0032,
0x9D94, 0x0032,
0x9D96, 0x0028,
0x9D98, 0x001E,
0x9D9A, 0x001E,
0x9D9C, 0x001E,
0x9DA2, 0x0050,
0x9DA4, 0x0032,
0x9DA6, 0x0032,
0x9DA8, 0x0028,
0x9DAA, 0x0028,
0x9DAC, 0x0028,
0x9DB2, 0x0001,
0x9DB4, 0x0001,
0x9DB6, 0x0001,
0x9DB8, 0x0001,
0x9DBA, 0x0001,
0x9DBC, 0x0001,
0x928C, 0x5C5C,
0x928E, 0x2F36,
0x9290, 0x6E68,
0x92A8, 0x0E00,
0x92B4, 0x303C,
0x9852, 0x070F,
0x9854, 0x070F,
0x9856, 0x0677,
0x9858, 0x05C3,
0x985A, 0x0534,
0x985C, 0x0534,
0x92D0, 0xFFFF,
0x92D2, 0xFFFF,
0x92D4, 0xFFFF,
0x92F4, 0xFFFF,
0x92F6, 0xFFFF,
0x92F8, 0xFFFF,
0x7DB2, 0x03FF,
0xFCFC, 0x4001,
0x246C, 0x0064,
0x246E, 0x0096,
0x2470, 0x0078,
0x2472, 0x0190,
0x2474, 0x0258,
0x2476, 0x0320,
0xFCFC, 0x2001,
0x94B6, 0x0258,
0x94B8, 0x0258,
0x94BA, 0x0258,
0x94BC, 0x0258,
0x94BE, 0x0258,
0x94C0, 0x0258,
0x94D2, 0x0091,
0x94D4, 0x0091,
0x94D6, 0x0091,
0x94D8, 0x0090,
0x94DA, 0x0090,
0x94DC, 0x0090,
0x94EE, 0x03FF,
0x94F0, 0x03FF,
0x94F2, 0x02ED,
0x94F4, 0x0300,
0x94F6, 0x0292,
0x94F8, 0x0292,
0x9276, 0x0101,
0x9278, 0x0101,
0x927A, 0x0109,
0x92E2, 0x00A3,
0x92E4, 0x00D2,
0x92E6, 0x012A,
0x92E8, 0x19E5,
0x92EA, 0x2073,
0x92EC, 0x200C,
0x988A, 0x0000,
0x988C, 0x0000,
0x988E, 0x0000,
0x9890, 0x0000,
0x9892, 0x0000,
0x9894, 0x0000,
0x9606, 0x0019,
0x9608, 0x0019,
0x960A, 0x001B,
0x960C, 0x001B,
0x960E, 0x001D,
0x9610, 0x001D,
0x9836, 0x0001,
0x9838, 0x0001,
0x983A, 0x0001,
0x983C, 0x0001,
0x983E, 0x0001,
0x9840, 0x0001,
0x1984, 0x0100,
0x19A2, 0x0100,
0x19F8, 0x0200,
0x19FA, 0x0800,
0x19E6, 0x0002,
0x19E8, 0x0008,
0x19EC, 0x0200,
0x19EE, 0x0400,
0x19F0, 0x0800,
0x235A, 0x0001,
0x235C, 0x0001,
0x2364, 0x0001,
0x2366, 0x0001,
0x2368, 0x0001,
0x236C, 0x0001,
0x236E, 0x0001,
0x231A, 0x0022,
0x2372, 0x000A,
0x2326, 0x0000,
0x2342, 0x0014,
0x232A, 0x0001,
0x2374, 0x0000,
0x238C, 0x0001,
0x2376, 0x0000,
0x238E, 0x0001,
0x2344, 0x0014,
0x232C, 0x0001,
0x237E, 0x0000,
0x2396, 0x0001,
0x234C, 0x0014,
0x2334, 0x0001,
0x23A4, 0x0000,
0x2380, 0x0042,
0x2398, 0x00D8,
0x234E, 0x0084,
0x2336, 0x00C0,
0x2382, 0x0000,
0x239A, 0x0001,
0x2350, 0x0014,
0x2338, 0x0001,
0x2354, 0x0014,
0x233C, 0x0001,
0x2386, 0x0000,
0x239E, 0x0001,
0x3B22, 0x0100,
0x3A9E, 0x0202,
0x3AA0, 0x0101,
0x3B2C, 0x0040,
0x3AD4, 0x0101,
0x3AE6, 0x0000,
0x3AF2, 0x0014,
0x8180, 0x0001,
0x818E, 0x0FF0,
0x8190, 0x0C00,
0x0AF2, 0x0C06,
0x0AF4, 0x0100,
0x0ACE, 0x0A28,
0x39B0, 0x0200,
0x399C, 0x0000,
0x399E, 0x0000,
0xBDC0, 0x0000,
0xBDC2, 0x0001,
0x2950, 0x0000,
0x3950, 0x8822,
0x3682, 0x0001,
0x3684, 0x0001,
0xB440, 0x0000,
0xA780, 0x0000,
0xA78C, 0x0020,
0xA790, 0x0010,
0xA7AA, 0x0000,
0xA8EC, 0x0000,
0xA922, 0x0009,
0xA924, 0x0000,
0xA926, 0x0000,
0xA936, 0x0000,
0xA938, 0x0000,
0xA940, 0x1020,
0xA942, 0x0000,
0xA944, 0x0000,
0xA948, 0x0000,
0x1310, 0x00E4,
0x3BB0, 0x0204,
0x9350, 0x0100,
0x8A24, 0x0001,
0x8A26, 0x0001,
0x8A12, 0x0101,
0x918C, 0xFFFF,
0x8A18, 0x0000,
0x8A1A, 0x0000,
0x9064, 0x0201,
0x9066, 0x0101,
0x9068, 0x0100,
0x9070, 0x0804,
0x9072, 0x0404,
0x9074, 0x0402,
0x26FC, 0x0000,
0x271C, 0x0002,
0x2754, 0x0000,
0x2756, 0x0000,
0x2758, 0x0000,
0x275A, 0x0000,
0x204A, 0x0B82,
0x2052, 0x0072,
0x2054, 0x003A,
0x2078, 0x0809,
0x2204, 0x0220,
0x0E74, 0x030F,
0x0E76, 0x030F,
0x2766, 0x0001,
0x2726, 0x0507,
0x3A78, 0xFF01,
0x3A50, 0x0100,
0x897A, 0x0040,
0x8986, 0x0100,
0x898A, 0x2100,
0x899C, 0x2000,
0x89EA, 0x0200,
0x89EC, 0x0400,
0x89EE, 0x0200,
0x89F0, 0x0200,
0x897E, 0x0005,
0x8980, 0x0503,
0x8974, 0x0101,
0x291E, 0x0103,
0x9062, 0x03FF,
0x906E, 0x03FF,
0x9046, 0x077E,
0x3BB2, 0x0100,
0x3C42, 0x01A0,
0x3C44, 0x415F,
0x3C46, 0x00C4,
0x3C48, 0x30C3,
0x9080, 0x0000,
0x92FC, 0x0101,
0x0AC2, 0x0514,
0x20B6, 0x0003,
0x20B8, 0x0003,
0x20BA, 0x0003,
0x20BC, 0x0003,
0x20BE, 0x0003,
0x20C0, 0x0003,
0x20C2, 0x0003,
0x20C4, 0x0003,
0x20C6, 0x0003,
0x20C8, 0x0003,
0x0BEC, 0x0381,
0x0C42, 0x03C0,
0x2690, 0x03C0,
0x12D6, 0x98EC,
0x12DC, 0x0189,
0x12D4, 0xA6FD,
0x0C50, 0x3CC7,
0x0C52, 0x7D3F,
0x0C5E, 0x0000,
0x26A8, 0x0022,
0x26A4, 0x0036,
0x26A6, 0x0036,
0x12DA, 0x2020,
0x0D14, 0x80F1,
0x0BDC, 0x0034,
0x0BE6, 0x8C40,
0x0BE8, 0xAC40,
0x0B52, 0x0E06,
0x0B56, 0x0E06,
0x0B58, 0x0606,
0x0B6A, 0x0206,
0x0B6E, 0x0206,
0x0B70, 0x0606,
0x0B82, 0x0202,
0x0B86, 0x0202,
0x0B88, 0x0202,
0x0BB2, 0x1313,
0x0BB8, 0x0A0B,
0x0BBA, 0x1313,
0x0BD0, 0x0A13,
0x0BD2, 0x1313,
0x7DD4, 0x0100,
0x9090, 0x0100,
0x90A2, 0x0100,
0x9100, 0x0211,
0x9140, 0x0200,
0x9110, 0x0200,
0x0CC0, 0x0101,
0x0CC2, 0x0100,
0x0CCE, 0x0028,
0x0CE4, 0x0028,
0x0CFA, 0x0028,
0x1AD4, 0x0101,
0x1AD6, 0x0001,
0x2866, 0x0002,
0x3B28, 0x0106,
0x3B2A, 0x0000,
0x1316, 0x0010,
0x131A, 0x000A,
0x6DB2, 0x0100,
0x6DB4, 0x0420,
0x6DB6, 0x2400,
0x6DB8, 0x0000,
0x6DBA, 0x0000,
0x6DBC, 0x0000,
0x6DBE, 0x0000,
0x6DC0, 0x0000,
0x6DC2, 0x0000,
0x6DF2, 0x0000,
0x6DF4, 0x0000,
0x6E74, 0x0000,
0x6E76, 0x0420,
0x6E78, 0x2400,
0x6EB4, 0x0009,
0x6EB6, 0x0D29,
0x6EB8, 0x2D00,
0x6D70, 0x0001,
0x6D72, 0x0004,
0x6D74, 0x2024,
0x6D76, 0x0000,
0x6D78, 0x0000,
0x6D7A, 0x0000,
0x6D7C, 0x0000,
0x6D7E, 0x0000,
0x6D80, 0x0000,
0x6DF6, 0x0420,
0x6DF8, 0x2400,
0x6E34, 0x0009,
0x6E36, 0x0D29,
0x6E38, 0x2D00,
0x7162, 0x0000,
0x7164, 0x0000,
0x7166, 0x0000,
0x7168, 0x0000,
0x7172, 0x0000,
0x7174, 0x0000,
0x7176, 0x0000,
0x7178, 0x0000,
0x7182, 0x0000,
0x7184, 0x0000,
0x7186, 0x0000,
0x7188, 0x0000,
0x7192, 0x0000,
0x7194, 0x0000,
0x7196, 0x0000,
0x7198, 0x0000,
0x716A, 0x0000,
0x716C, 0x0000,
0x716E, 0x0000,
0x7170, 0x0000,
0x717A, 0x0000,
0x717C, 0x0000,
0x717E, 0x0000,
0x7180, 0x0000,
0x718A, 0x0000,
0x718C, 0x0000,
0x718E, 0x0000,
0x7190, 0x0000,
0x719A, 0x0000,
0x719C, 0x0000,
0x719E, 0x0000,
0x71A0, 0x0000,
0x71A2, 0x0000,
0x71A4, 0x0000,
0x71A6, 0x0000,
0x71A8, 0x0000,
0x71B2, 0x0000,
0x71B4, 0x0000,
0x71B6, 0x0000,
0x71B8, 0x0000,
0x71C2, 0x0000,
0x71C4, 0x0000,
0x71C6, 0x0000,
0x71C8, 0x0000,
0x71D2, 0x0000,
0x71D4, 0x0000,
0x71D6, 0x0000,
0x71D8, 0x0000,
0x71AA, 0x0000,
0x71AC, 0x0000,
0x71AE, 0x0000,
0x71B0, 0x0000,
0x71BA, 0x0000,
0x71BC, 0x0000,
0x71BE, 0x0000,
0x71C0, 0x0000,
0x71CA, 0x0000,
0x71CC, 0x0000,
0x71CE, 0x0000,
0x71D0, 0x0000,
0x71DA, 0x0000,
0x71DC, 0x0000,
0x71DE, 0x0000,
0x71E0, 0x0000,
0xB2F8, 0x0000,
0xB2FA, 0x0320,
0xB2FE, 0x0000,
0xB300, 0x0001,
0xB302, 0x0002,
0xB304, 0x0004,
0xB306, 0x0006,
0xB308, 0x0008,
0xB30A, 0x000A,
0xB30C, 0x000C,
0xB30E, 0x000F,
0xB310, 0x0012,
0xB312, 0x0016,
0xB314, 0x0021,
0xB316, 0x005A,
0xB318, 0x00C0,
0xB31A, 0x00F0,
0xB31C, 0x011C,
0xB31E, 0x0120,
0xB320, 0x0130,
0xB322, 0x02C0,
0xB324, 0x0320,
0xB326, 0x08C0,
0xB328, 0x16C0,
0xB32A, 0x3200,
0xB32C, 0x3FF0,
0xB32E, 0xFFFF,
0xB330, 0xFFFF,
0xB332, 0xFFFF,
0xB334, 0xFFFF,
0xB336, 0xFFFF,
0xB338, 0xFFFF,
0xB33A, 0xFFFF,
0xB33C, 0xFFFF,
0xB33E, 0x1263,
0xB340, 0x1263,
0xB342, 0x1252,
0xB344, 0x1231,
0xB346, 0x1211,
0xB348, 0x11F0,
0xB34A, 0x11CF,
0xB34C, 0x11AF,
0xB34E, 0x1180,
0xB350, 0x1165,
0xB352, 0x1140,
0xB354, 0x10FB,
0xB356, 0x1091,
0xB358, 0x1071,
0xB35A, 0x1063,
0xB35C, 0x1056,
0xB35E, 0x1055,
0xB360, 0x1052,
0xB362, 0x102C,
0xB364, 0x1028,
0xB366, 0x1012,
0xB368, 0x1001,
0xB36A, 0x1000,
0xB36C, 0x1000,
0xB36E, 0x1000,
0xB370, 0x1000,
0xB372, 0x1000,
0xB374, 0x1000,
0xB376, 0x1000,
0xB378, 0x1000,
0xB37A, 0x1000,
0xB37C, 0x1000,
0xB37E, 0x0D00,
0xB390, 0x1301,
0xB3E8, 0x1301,
0xFCFC, 0x2002,
0xA03E, 0x002F,
0xA04A, 0x0000,
0xA08A, 0x0000,
0xA08C, 0x0000,
0xA08E, 0x007D,
0xA090, 0x007D,
0xA092, 0x007D,
0xA094, 0x007D,
0xA096, 0x007D,
0xA040, 0x0102,
0xFCFC, 0x2000,
0x4490, 0x0000,
0x4492, 0x0065,
0x5510, 0x0000,
0x5524, 0x0180,
0x5526, 0x0180,
0x428A, 0x00FF,
0x428C, 0xFFFF,
0x428E, 0xFFFF,
0x4290, 0xFFFF,
0x550A, 0x0102,
0x13A2, 0x0101,
0x5508, 0x4040,
0x14C4, 0x0001,
0x54AA, 0x0703,
0x54AC, 0x0508,
0x5426, 0x0100,
0x543E, 0x0000,
0x542A, 0x05DC,
0x538C, 0x0000,
0x538E, 0x0000,
0x538A, 0x0001,
0x4482, 0x0101,
0x4484, 0x0100,
0x12CA, 0x0002,
0x1320, 0x0101,
0x12EA, 0x0100,
0x12F0, 0x0100,
0x4486, 0x0001,
0x448A, 0x0100,
0x448C, 0x0101,
0x1348, 0x5000,
0x1352, 0x8300,
0x1366, 0x0100,
0x54BE, 0x0010,
0x54DC, 0x0144,
0x54C0, 0x0004,
0x54DE, 0x0036,
0x54C2, 0x0004,
0x54E0, 0x0010,
0x54C4, 0x0002,
0x54E2, 0x0010,
0x54C6, 0x0002,
0x54E4, 0x0010,
0x54C8, 0x0004,
0x54E6, 0x0006,
0x54CA, 0x0002,
0x54E8, 0x0006,
0x54CC, 0x0002,
0x54EA, 0x0006,
0x54CE, 0x0002,
0x54EC, 0x0010,
0x54D0, 0x0002,
0x54EE, 0x0006,
0x5556, 0x0010,
0x4BDC, 0x0000,
0x4BDE, 0x0001,
0x4BE6, 0x0200,
0x4BF8, 0x0200,
0x4BEA, 0x0400,
0x4BFC, 0x0401,
0x4BEC, 0x03FF,
0x4BFE, 0x0400,
0x4D74, 0x0000,
0x4D76, 0x0000,
0x4D78, 0x0000,
0x4D7A, 0x0000,
0x4BE8, 0x0200,
0x4BFA, 0x0200,
0x4E14, 0x0000,
0x4E16, 0x0000,
0x4E18, 0x0000,
0x4E1A, 0x0000,
0x4EB4, 0x0009,
0x4EB6, 0x000A,
0x4EB8, 0x4000,
0x4EBA, 0xEF56,
0x4F54, 0x049B,
0x4F56, 0x049B,
0x4F58, 0x4000,
0x4F5A, 0xF300,
0x56DA, 0x004B,
0x56F2, 0x004B,
0x570A, 0x004B,
0x57CA, 0x0008,
0x5AFA, 0x006B,
0x5B2A, 0x005E,
0x6622, 0x0093,
0x7CEA, 0x0047,
0x7E82, 0x0002,
0x68F2, 0x0010,
0x6922, 0x0030,
0x5AB2, 0x002D,
0x660A, 0x0019,
0x7D92, 0x014F,
0x582A, 0x0008,
0x57B4, 0x0008,
0x57CC, 0x0008,
0x57FC, 0x0008,
0x582C, 0x0008,
0x5994, 0x001E,
0x5A24, 0x001E,
0x5AB4, 0x002D,
0x5AFC, 0x006B,
0x5B14, 0x006B,
0x5B2C, 0x005E,
0x5B44, 0x005E,
0x660C, 0x0019,
0x6624, 0x0093,
0x6654, 0x0093,
0x7CEC, 0x0047,
0x7D7C, 0x00AF,
0x7D94, 0x00A0,
0x7E84, 0x0002,
0x57BC, 0x0008,
0x57D4, 0x0008,
0x5804, 0x0008,
0x5834, 0x0008,
0x599C, 0x001E,
0x5A2C, 0x001E,
0x5ABC, 0x002D,
0x5B04, 0x006B,
0x5B1C, 0x006B,
0x5B34, 0x005E,
0x5B4C, 0x005E,
0x6614, 0x0019,
0x662C, 0x0093,
0x665C, 0x0093,
0x7CF4, 0x0047,
0x7D84, 0x00AF,
0x7D9C, 0x00CB,
0x7E8C, 0x0002,
0x7EA4, 0x0047,
0x59FC, 0x0023,
0x59CC, 0x007D,
0x56E6, 0x0058,
0x56FE, 0x0058,
0x5716, 0x0058,
0x5836, 0x0028,
0x7CF6, 0x0067,
0x5B06, 0x009B,
0x5B1E, 0x009B,
0x5B36, 0x008E,
0x5B4E, 0x008E,
0x662E, 0x00B3,
0x665E, 0x00B3,
0x57D6, 0x0010,
0x5806, 0x0022,
0x599E, 0x02E4,
0x59FE, 0x0023,
0x68FE, 0x0017,
0x6916, 0x002E,
0x692E, 0x0035,
0x7D9E, 0x011B,
0x7D86, 0x00CF,
0x7EA6, 0x0067,
0x7EA8, 0x0047,
0x5838, 0x0008,
0x7CF8, 0x0047,
0x5B08, 0x006B,
0x5B20, 0x006B,
0x5B38, 0x005E,
0x5B50, 0x005E,
0x6630, 0x0093,
0x6660, 0x0093,
0x57D8, 0x0008,
0x5808, 0x0008,
0x5A00, 0x0023,
0x6900, 0x0010,
0x6918, 0x0029,
0x6930, 0x0030,
0x583C, 0x0008,
0x5A04, 0x0023,
0x5AC4, 0x0069,
0x5ADC, 0x0069,
0x661C, 0x0055,
0x6634, 0x0093,
0x664C, 0x0055,
0x6664, 0x0093,
0x5B0C, 0x006B,
0x5B24, 0x006B,
0x5B3C, 0x005E,
0x5B54, 0x005E,
0x6904, 0x0010,
0x691C, 0x0030,
0x6934, 0x0030,
0x7CFC, 0x0055,
0x7D14, 0x0055,
0x7D8C, 0x0118,
0x7DA4, 0x0131,
0x7DBC, 0x0131,
0x7EAC, 0x0055,
0x13A0, 0x0002,
0x5536, 0x1000,
0x1330, 0x29DE,
0x1334, 0x28FD,
0x137E, 0x20FF,
0x1464, 0x09C4,
0xFCFC, 0x2001,
0x26AA, 0x0000,
0x136A, 0x0043,
0x1372, 0x3308,
0x395A, 0x7F02,
0x3FD8, 0x0100,
0x4C3C, 0x0000,
0x3FEC, 0x0400,
0x3FFE, 0x070F,
0x4004, 0x0006,
0x3FE2, 0x00FF,
0x4010, 0x0100,
0x3FD0, 0x0010,
0x3FD2, 0x000C,
0x3FE8, 0x2009,
0x3FEA, 0x0901,
0x4012, 0xFFF6,
0x4014, 0xFFFE,
0x4016, 0xFFFE,
0x4018, 0xFFFE,
0x401A, 0x0000,
0x401C, 0x0000,
0x401E, 0xFFFE,
0x4020, 0xFFFF,
0x4022, 0xFFFD,
0x4024, 0x0000,
0x4026, 0xFFFF,
0x4028, 0x0002,
0x402A, 0x0002,
0x402C, 0x0001,
0x402E, 0x0001,
0x4030, 0xFFFC,
0x4032, 0xFFF4,
0x4034, 0xFFFB,
0x4036, 0xFFFB,
0x4038, 0xFFFD,
0x403A, 0xFFFC,
0x403C, 0xFFFC,
0x403E, 0xFFFD,
0x4040, 0xFFFD,
0x4042, 0xFFFB,
0x4044, 0xFFFC,
0x4046, 0xFFFD,
0x4048, 0xFFFF,
0x404A, 0x0001,
0x404C, 0x0000,
0x404E, 0x0000,
0x4050, 0xFFFC,
0x4052, 0xFFF6,
0x4054, 0xFFFE,
0x4056, 0xFFFF,
0x4058, 0xFFFE,
0x405A, 0xFFFE,
0x405C, 0x0000,
0x405E, 0x0000,
0x4060, 0x0000,
0x4062, 0xFFFE,
0x4064, 0xFFFF,
0x4066, 0x0000,
0x4068, 0x0002,
0x406A, 0x0002,
0x406C, 0x0004,
0x406E, 0x0002,
0x4070, 0xFFFE,
0x4072, 0xFFF7,
0x4074, 0xFFFF,
0x4076, 0x0000,
0x4078, 0x0002,
0x407A, 0x0002,
0x407C, 0x0002,
0x407E, 0x0001,
0x4080, 0x0002,
0x4082, 0xFFFF,
0x4084, 0x0000,
0x4086, 0x0002,
0x4088, 0x0003,
0x408A, 0x0004,
0x408C, 0x0006,
0x408E, 0x0004,
0x4090, 0x0000,
0x4092, 0xFFF5,
0x4094, 0xFFFB,
0x4096, 0xFFFD,
0x4098, 0xFFFE,
0x409A, 0xFFFE,
0x409C, 0xFFFF,
0x409E, 0x0001,
0x40A0, 0x0000,
0x40A2, 0xFFFF,
0x40A4, 0xFFFF,
0x40A6, 0x0000,
0x40A8, 0x0002,
0x40AA, 0x0001,
0x40AC, 0x0002,
0x40AE, 0x0002,
0x40B0, 0xFFFD,
0x40B2, 0xFFF6,
0x40B4, 0xFFFD,
0x40B6, 0x0000,
0x40B8, 0xFFFF,
0x40BA, 0x0001,
0x40BC, 0x0002,
0x40BE, 0x0001,
0x40C0, 0x0002,
0x40C2, 0x0001,
0x40C4, 0x0000,
0x40C6, 0x0001,
0x40C8, 0x0002,
0x40CA, 0x0003,
0x40CC, 0x0003,
0x40CE, 0x0003,
0x40D0, 0xFFFE,
0x40D2, 0xFFF4,
0x40D4, 0xFFFB,
0x40D6, 0xFFFD,
0x40D8, 0xFFFF,
0x40DA, 0x0000,
0x40DC, 0x0000,
0x40DE, 0x0002,
0x40E0, 0x0001,
0x40E2, 0xFFFF,
0x40E4, 0x0001,
0x40E6, 0x0000,
0x40E8, 0x0000,
0x40EA, 0x0001,
0x40EC, 0x0005,
0x40EE, 0x0003,
0x40F0, 0xFFFE,
0x40F2, 0xFFF3,
0x40F4, 0xFFFB,
0x40F6, 0xFFFC,
0x40F8, 0xFFFE,
0x40FA, 0xFFFD,
0x40FC, 0xFFFE,
0x40FE, 0x0000,
0x4100, 0x0000,
0x4102, 0xFFFF,
0x4104, 0x0000,
0x4106, 0x0001,
0x4108, 0x0000,
0x410A, 0x0003,
0x410C, 0x0007,
0x410E, 0x0005,
0x4110, 0xFFFF,
0x4112, 0xFFF3,
0x4114, 0xFFF7,
0x4116, 0xFFFB,
0x4118, 0xFFFB,
0x411A, 0xFFFC,
0x411C, 0xFFFC,
0x411E, 0xFFFE,
0x4120, 0xFFFF,
0x4122, 0xFFFF,
0x4124, 0x0000,
0x4126, 0xFFFE,
0x4128, 0x0000,
0x412A, 0x0002,
0x412C, 0x0006,
0x412E, 0x0005,
0x4130, 0x0003,
0x4132, 0xFFF1,
0x4134, 0xFFF9,
0x4136, 0xFFFB,
0x4138, 0xFFFC,
0x413A, 0xFFFE,
0x413C, 0xFFFD,
0x413E, 0xFFFD,
0x4140, 0xFFFE,
0x4142, 0xFFFE,
0x4144, 0xFFFF,
0x4146, 0x0000,
0x4148, 0x0000,
0x414A, 0x0002,
0x414C, 0x0007,
0x414E, 0x0004,
0x4150, 0x0000,
0x4152, 0xFFF3,
0x4154, 0xFFFC,
0x4156, 0xFFFF,
0x4158, 0xFFFF,
0x415A, 0x0000,
0x415C, 0x0001,
0x415E, 0x0003,
0x4160, 0x0003,
0x4162, 0x0004,
0x4164, 0x0004,
0x4166, 0x0005,
0x4168, 0x0005,
0x416A, 0x0008,
0x416C, 0x000A,
0x416E, 0x0008,
0x4170, 0x0005,
0x4172, 0xFFF8,
0x4174, 0x0001,
0x4176, 0x0003,
0x4178, 0x0006,
0x417A, 0x0007,
0x417C, 0x000A,
0x417E, 0x0007,
0x4180, 0x000B,
0x4182, 0x000B,
0x4184, 0x000C,
0x4186, 0x000F,
0x4188, 0x000F,
0x418A, 0x0010,
0x418C, 0x0016,
0x418E, 0x0014,
0x4190, 0x0010,
0xAACA, 0x0000,
0xB2E4, 0x0101,
0xB47A, 0x1000,
0xB47C, 0x0000,
0xB47E, 0x00F5,
0x1AD8, 0x0101,
0x1A4C, 0x0002,
0x1982, 0x0000,
0x7C30, 0x0000,
0x7C34, 0x0001,
0x7C36, 0xB308,
0x291A, 0x0000,
0x79F0, 0x0000,
0x9048, 0x0000,
0x904A, 0x0000,
0x904C, 0x0000,
0x904E, 0x0000,
0x9050, 0x0000,
0x9054, 0x0000,
0x9056, 0x0000,
0x9058, 0x0000,
0x905A, 0x0000,
0x0C14, 0x0000,
0x0C16, 0x0000,
0x0C18, 0x0000,
0x0C1A, 0x0000,
0xFCFC, 0x2000,
0x4BE2, 0x0000,
0x4BF4, 0x0200,
0x4C06, 0x0200,
0x51D4, 0x0000,
0x51D6, 0x0000,
0x51D8, 0x0000,
0x51DA, 0x0000,
0x51DC, 0x0000,
0x51DE, 0x0000,
0x51E0, 0x0000,
0x51E2, 0x0000,
0x4BE0, 0x0101,
0x4BEE, 0x01FF,
0x4C00, 0x0200,
0x4FF4, 0x0101,
0x4FF6, 0x0189,
0x4FF8, 0x4000,
0x4FFA, 0xFD1A,
0x4BF0, 0x003F,
0x4C02, 0x0040,
0x5094, 0x000B,
0x5096, 0x000C,
0x5098, 0x4000,
0x509A, 0xFD7C,
0x509C, 0x000B,
0x509E, 0x000C,
0x50A0, 0x4000,
0x50A2, 0xF33A,
0x50A4, 0x000B,
0x50A6, 0x000A,
0x50A8, 0x4000,
0x50AA, 0xFD8E,
0x50AC, 0x000A,
0x50AE, 0x0006,
0x50B0, 0x4000,
0x50B2, 0xE43E,
0xFCFC, 0x4000,
0x0B02, 0x0102,
0x0B04, 0x0011,
0x0BE2, 0x0000,
0x0BC2, 0x0000,
0x0BC4, 0x0000,
0x021E, 0x0000,
0x0228, 0x0100,
0x0722, 0x0800,
0xBA8C, 0x0000,
0xBA90, 0x0000,
0xFEFA, 0x0000,
0xFEFC, 0x0000,
0xF33A, 0x000C,
0xFD7C, 0x000C,
0xF338, 0x0022,
0xFD7A, 0x0022,
0xF31E, 0x001C,
0xF32A, 0x001C,
0xF320, 0x001C,
0xF32C, 0x001C,
0xFCFC, 0x2001,
0x0C04, 0x2E28,
0x0C0A, 0x2E28,
0x19E4, 0x0001,
0x2872, 0x0000,
0x26B2, 0xFDA2,
0x26B4, 0xFDA0,
0x26B6, 0x0040,
0x26C4, 0x001B,
0x26B8, 0x0080,
0x26C6, 0x001B,
0x26BA, 0x0100,
0x26C8, 0x0020,
0x26BC, 0x0200,
0x26CA, 0x001B,
0x26BE, 0x0400,
0x26CC, 0x0028,
0x26C0, 0x0800,
0x26CE, 0x002E,
0x26C2, 0x1000,
0x26D0, 0x0033,
0x26D2, 0x0033,
0x26B0, 0x0100,
0x2874, 0x0000,
0x2876, 0x0000,
0x2878, 0x0000,
0x2886, 0x0000,
0x2888, 0x0000,
0x288A, 0x0000,
0x2898, 0x0000,
0x289A, 0x0000,
0x289C, 0x0000,
0x28CE, 0x0000,
0x28D0, 0x0000,
0x28D2, 0x0000,
0x28AA, 0x0000,
0x28BC, 0x0000,
0x28AC, 0x0000,
0x28BE, 0x0000,
0x28AE, 0x0000,
0x28C0, 0x0000,
0xFCFC, 0x4001,
0x0606, 0x0024,
0x0608, 0x0014,
0x060A, 0x0034,
0xFCFC, 0x4000,
0x020C, 0x0000,
};

static u16 addr_data_pair_capture[] = {
0xFCFC, 0x4000,
0x6214, 0xFFFF,
0x6216, 0xFFFF,
0x6218, 0xFFFF,
0xA100, 0xFFFF,
0xFCFC, 0x4001,
0x0100, 0xFFFF,
0x2100, 0xFFFF,
0xFCFC, 0x4000,
0x8100, 0xFFFF,
0x621A, 0x0000,
0x621C, 0x0000,
0x6220, 0x0000,
0xA102, 0x0000,
0xFCFC, 0x4001,
0x0102, 0x0000,
0x2102, 0x0000,
0xFCFC, 0x4000,
0x8102, 0x0000,
0x0344, 0x0010,
0x0348, 0x3FCF,
0x0346, 0x0010,
0x034A, 0x300F,
0x034C, 0x0FF0,
0x034E, 0x0C00,
0x0340, 0x18C0,
0x0342, 0x28A0,
0x0900, 0x3244,
0x0380, 0x0004,
0x0382, 0x0004,
0x0384, 0x0004,
0x0386, 0x0004,
0x040C, 0x0000,
0x0400, 0x1010,
0x0408, 0x0100,
0x040A, 0x0100,
0x0350, 0x0000,
0x0352, 0x0000,
0x0136, 0x1800,
0x013E, 0x0000,
0x0304, 0x0003,
0x0306, 0x00FA,
0x030C, 0x0001,
0x030E, 0x0003,
0x0310, 0x00FC,
0x0312, 0x0001,
0x031A, 0x0003,
0x031C, 0x002D,
0x031E, 0x0002,
0x0B08, 0x0100,
0x0202, 0x0014,
0x022C, 0x0014,
0x0226, 0x0014,
0x0702, 0x0000,
0x0704, 0x0000,
0x0112, 0x0A0A,
0x0114, 0x0301,
0x0118, 0x0004,
0x011A, 0x0001,
0x011C, 0x0101,
0x0270, 0x2B2B,   
0x0272, 0x2B10,
0x0260, 0x0001,
0x0262, 0x0200,
0x0264, 0x0102,
0x0266, 0x0000,
0x0274, 0x3030,   
0x0720, 0x0001,
0x0724, 0x0000,   
0x0728, 0x07F8,
0x072A, 0x0300,
0x072C, 0x0000,   
0x072E, 0x0000,   
0xFCFC, 0x2001,
0x9000, 0x0200,
0x9082, 0x0100,     
0xFCFC, 0x2000,
0x14B8, 0x0000,
0x4294, 0xBA84,
0x4296, 0x0200,
0x4298, 0xBA86,
0x429A, 0x0400,
0x429C, 0xBA88,
0x429E, 0x0200,
0x42A0, 0xBA8A,
0x42A2, 0x0200,
0x42A4, 0x0000,
0x42A6, 0x0000,
0x42A8, 0x0000,
0x42AA, 0x0000,
0x42AC, 0x0000,
0x42AE, 0x0000,
0x42B0, 0x0000,
0x42B2, 0x0000,
0x42B4, 0x0000,
0x42B6, 0x0000,
0x42B8, 0x0000,
0x42BA, 0x0000,
0x42BC, 0xBA84,
0x42BE, 0x0200,
0x42C0, 0xBA86,
0x42C2, 0x0400,
0x42C4, 0xBA88,
0x42C6, 0x0200,
0x42C8, 0xBA8A,
0x42CA, 0x0200,
0x42CC, 0x0000,
0x42CE, 0x0000,
0x42D0, 0x0000,
0x42D2, 0x0000,
0x42D4, 0x0000,
0x42D6, 0x0000,
0x42D8, 0x0000,
0x42DA, 0x0000,
0x42DC, 0x0000,
0x42DE, 0x0000,
0x42E0, 0x0000,
0x42E2, 0x0000,
0x42E4, 0x0000,
0x42E6, 0x0000,
0x42E8, 0x0000,
0x42EA, 0x0000,
0x42EC, 0x0000,
0x42EE, 0x0000,
0x42F0, 0x0000,
0x42F2, 0x0000,
0x42F4, 0x0000,
0x42F6, 0x0000,
0x42F8, 0x0000,
0x42FA, 0x0000,
0x42FC, 0x0000,
0x42FE, 0x0000,
0x4300, 0x0000,
0x4302, 0x0000,
0x4304, 0x0000,
0x4306, 0x0000,
0x4308, 0x0000,
0x430A, 0x0000,
0x430C, 0x0000,
0x430E, 0x0000,
0x4310, 0x0000,
0x4312, 0x0000,
0x4320, 0x0000,
0x4322, 0x0000,
0x4324, 0x0000,
0x4326, 0x0000,
0x4328, 0x0000,
0x432A, 0x0000,
0x432C, 0x0000,
0x432E, 0x0000,
0x4330, 0x0000,
0x4332, 0x0000,
0x4334, 0x0000,
0x4336, 0x0000,
0x4338, 0x0000,
0x433A, 0x0000,
0x433C, 0x0000,
0x433E, 0x0000,
0x4340, 0x0000,
0x4342, 0x0000,
0x4348, 0x0000,
0x434A, 0x0000,
0x434C, 0x0000,
0x434E, 0x0000,
0x4350, 0x0000,
0x4352, 0x0000,
0x4354, 0x0000,
0x4356, 0x0000,
0x4358, 0x0000,
0x435A, 0x0000,
0x435C, 0x0000,
0x435E, 0x0000,
0x4360, 0x0000,
0x4362, 0x0000,
0x4364, 0x0000,
0x4366, 0x0000,
0x4368, 0x0000,
0x436A, 0x0000,
0x436C, 0x0000,
0x436E, 0x0000,
0x4378, 0x0000,
0x437A, 0x0000,
0x437C, 0x0000,
0x437E, 0x0000,
0x4380, 0x0000,
0x4382, 0x0000,
0x4384, 0x0000,
0x4386, 0x0000,
0x4388, 0x0000,
0x438A, 0x0000,
0x438C, 0x0000,
0x438E, 0x0000,
0x4390, 0x0000,
0x4392, 0x0000,
0x4394, 0x0000,
0x439A, 0x0000,
0x4398, 0x0000,
0x4396, 0x0000,
0x43AC, 0x0000,
0x43AE, 0x0000,
0x43B0, 0x0000,
0x43B2, 0x0000,
0x442A, 0x000A,
0x443A, 0x000E,
0x4428, 0x0000,
0x4438, 0x0004,
0x4424, 0x0014,
0x4434, 0x0014,
0x4432, 0x001F,
0x4442, 0x001F,
0x4430, 0x001A,
0x4440, 0x001A,
0x442C, 0x0024,
0x443C, 0x0024,
0xFCFC, 0x2001,
0x9270, 0x0000,
0x9306, 0x0400,
0x9308, 0x0400,
0x930A, 0x0400,
0x9D62, 0x0032,
0x9D64, 0x0032,
0x9D66, 0x0028,
0x9D68, 0x001E,
0x9D6A, 0x001E,
0x9D6C, 0x001E,
0x9D72, 0x0032,
0x9D74, 0x0032,
0x9D76, 0x0028,
0x9D78, 0x001E,
0x9D7A, 0x001E,
0x9D7C, 0x001E,
0x9D82, 0x0032,
0x9D84, 0x0032,
0x9D86, 0x0028,
0x9D88, 0x001E,
0x9D8A, 0x001E,
0x9D8C, 0x001E,
0x9D92, 0x0032,
0x9D94, 0x0032,
0x9D96, 0x0028,
0x9D98, 0x001E,
0x9D9A, 0x001E,
0x9D9C, 0x001E,
0x9DA2, 0x0050,
0x9DA4, 0x0032,
0x9DA6, 0x0032,
0x9DA8, 0x0028,
0x9DAA, 0x0028,
0x9DAC, 0x0028,
0x9DB2, 0x0001,
0x9DB4, 0x0001,
0x9DB6, 0x0001,
0x9DB8, 0x0001,
0x9DBA, 0x0001,
0x9DBC, 0x0001,
0x928C, 0x5C5C,
0x928E, 0x2F36,
0x9290, 0x6E68,
0x92A8, 0x0E00,
0x92B4, 0x303C,
0x9852, 0x070F,
0x9854, 0x070F,
0x9856, 0x0677,
0x9858, 0x05C3,
0x985A, 0x0534,
0x985C, 0x0534,
0x92D0, 0xFFFF,
0x92D2, 0xFFFF,
0x92D4, 0xFFFF,
0x92F4, 0xFFFF,
0x92F6, 0xFFFF,
0x92F8, 0xFFFF,
0x7DB2, 0x03FF,
0xFCFC, 0x4001,
0x246C, 0x0064,
0x246E, 0x0096,
0x2470, 0x0078,
0x2472, 0x0190,
0x2474, 0x0258,
0x2476, 0x0320,
0xFCFC, 0x2001,
0x94B6, 0x0258,
0x94B8, 0x0258,
0x94BA, 0x0258,
0x94BC, 0x0258,
0x94BE, 0x0258,
0x94C0, 0x0258,
0x94D2, 0x0091,
0x94D4, 0x0091,
0x94D6, 0x0091,
0x94D8, 0x0090,
0x94DA, 0x0090,
0x94DC, 0x0090,
0x94EE, 0x03FF,
0x94F0, 0x03FF,
0x94F2, 0x02ED,
0x94F4, 0x0300,
0x94F6, 0x0292,
0x94F8, 0x0292,
0x9276, 0x0101,
0x9278, 0x0101,
0x927A, 0x0109,
0x92E2, 0x00A3,
0x92E4, 0x00D2,
0x92E6, 0x012A,
0x92E8, 0x19E5,
0x92EA, 0x2073,
0x92EC, 0x200C,
0x988A, 0x0000,
0x988C, 0x0000,
0x988E, 0x0000,
0x9890, 0x0000,
0x9892, 0x0000,
0x9894, 0x0000,
0x9606, 0x0019,
0x9608, 0x0019,
0x960A, 0x001B,
0x960C, 0x001B,
0x960E, 0x001D,
0x9610, 0x001D,
0x9836, 0x0001,
0x9838, 0x0001,
0x983A, 0x0001,
0x983C, 0x0001,
0x983E, 0x0001,
0x9840, 0x0001,
0x1984, 0x0100,
0x19A2, 0x0100,
0x19F8, 0x0200,
0x19FA, 0x0800,
0x19E6, 0x0002,
0x19E8, 0x0008,
0x19EC, 0x0200,
0x19EE, 0x0400,
0x19F0, 0x0800,
0x235A, 0x0001,
0x235C, 0x0001,
0x2364, 0x0001,
0x2366, 0x0001,
0x2368, 0x0001,
0x236C, 0x0001,
0x236E, 0x0001,
0x231A, 0x0022,
0x2372, 0x000A,
0x2326, 0x0000,
0x2342, 0x0014,
0x232A, 0x0001,
0x2374, 0x0000,
0x238C, 0x0001,
0x2376, 0x0000,
0x238E, 0x0001,
0x2344, 0x0014,
0x232C, 0x0001,
0x237E, 0x0000,
0x2396, 0x0001,
0x234C, 0x0014,
0x2334, 0x0001,
0x23A4, 0x0000,
0x2380, 0x0042,
0x2398, 0x00D8,
0x234E, 0x0084,
0x2336, 0x00C0,
0x2382, 0x0000,
0x239A, 0x0001,
0x2350, 0x0014,
0x2338, 0x0001,
0x2354, 0x0014,
0x233C, 0x0001,
0x2386, 0x0000,
0x239E, 0x0001,
0x3B22, 0x0100,
0x3A9E, 0x0202,
0x3AA0, 0x0101,
0x3B2C, 0x0040,
0x3AD4, 0x0101,
0x3AE6, 0x0000,
0x3AF2, 0x0014,
0x8180, 0x0001,
0x818E, 0x0FF0,
0x8190, 0x0C00,
0x0AF2, 0x0C06,
0x0AF4, 0x0100,
0x0ACE, 0x0A28,
0x39B0, 0x0200,
0x399C, 0x0000,
0x399E, 0x0000,
0xBDC0, 0x0000,
0xBDC2, 0x0001,
0x2950, 0x0000,
0x3950, 0x8822,
0x3682, 0x0001,
0x3684, 0x0001,
0xB440, 0x0000,
0xA780, 0x0000,
0xA78C, 0x0020,
0xA790, 0x0010,
0xA7AA, 0x0000,
0xA8EC, 0x0000,
0xA922, 0x0009,
0xA924, 0x0000,
0xA926, 0x0000,
0xA936, 0x0000,
0xA938, 0x0000,
0xA940, 0x1020,
0xA942, 0x0000,
0xA944, 0x0000,
0xA948, 0x0000,
0x1310, 0x00E4,
0x3BB0, 0x0204,
0x9350, 0x0100,
0x8A24, 0x0001,
0x8A26, 0x0001,
0x8A12, 0x0101,
0x918C, 0xFFFF,
0x8A18, 0x0000,
0x8A1A, 0x0000,
0x9064, 0x0201,
0x9066, 0x0101,
0x9068, 0x0100,
0x9070, 0x0804,
0x9072, 0x0404,
0x9074, 0x0402,
0x26FC, 0x0000,
0x271C, 0x0002,
0x2754, 0x0000,
0x2756, 0x0000,
0x2758, 0x0000,
0x275A, 0x0000,
0x204A, 0x0B82,
0x2052, 0x0072,
0x2054, 0x003A,
0x2078, 0x0809,
0x2204, 0x0220,
0x0E74, 0x030F,
0x0E76, 0x030F,
0x2766, 0x0001,
0x2726, 0x0507,
0x3A78, 0xFF01,
0x3A50, 0x0100,
0x897A, 0x0040,
0x8986, 0x0100,
0x898A, 0x2100,
0x899C, 0x2000,
0x89EA, 0x0200,
0x89EC, 0x0400,
0x89EE, 0x0200,
0x89F0, 0x0200,
0x897E, 0x0005,
0x8980, 0x0503,
0x8974, 0x0101,
0x291E, 0x0103,
0x9062, 0x03FF,
0x906E, 0x03FF,
0x9046, 0x077E,
0x3BB2, 0x0100,
0x3C42, 0x01A0,
0x3C44, 0x415F,
0x3C46, 0x00C4,
0x3C48, 0x30C3,
0x9080, 0x0000,
0x92FC, 0x0101,
0x0AC2, 0x0514,
0x20B6, 0x0003,
0x20B8, 0x0003,
0x20BA, 0x0003,
0x20BC, 0x0003,
0x20BE, 0x0003,
0x20C0, 0x0003,
0x20C2, 0x0003,
0x20C4, 0x0003,
0x20C6, 0x0003,
0x20C8, 0x0003,
0x0BEC, 0x0381,
0x0C42, 0x03C0,
0x2690, 0x03C0,
0x12D6, 0x98EC,
0x12DC, 0x0189,
0x12D4, 0xA6FD,
0x0C50, 0x3CC7,
0x0C52, 0x7D3F,
0x0C5E, 0x0000,
0x26A8, 0x0022,
0x26A4, 0x0036,
0x26A6, 0x0036,
0x12DA, 0x2020,
0x0D14, 0x80F1,
0x0BDC, 0x0034,
0x0BE6, 0x8C40,
0x0BE8, 0xAC40,
0x0B52, 0x0E06,
0x0B56, 0x0E06,
0x0B58, 0x0606,
0x0B6A, 0x0206,
0x0B6E, 0x0206,
0x0B70, 0x0606,
0x0B82, 0x0202,
0x0B86, 0x0202,
0x0B88, 0x0202,
0x0BB2, 0x1313,
0x0BB8, 0x0A0B,
0x0BBA, 0x1313,
0x0BD0, 0x0A13,
0x0BD2, 0x1313,
0x7DD4, 0x0100,
0x9090, 0x0100,
0x90A2, 0x0100,
0x9100, 0x0211,
0x9140, 0x0200,
0x9110, 0x0200,
0x0CC0, 0x0101,
0x0CC2, 0x0100,
0x0CCE, 0x0028,
0x0CE4, 0x0028,
0x0CFA, 0x0028,
0x1AD4, 0x0101,
0x1AD6, 0x0001,
0x2866, 0x0002,
0x3B28, 0x0106,
0x3B2A, 0x0000,
0x1316, 0x0010,
0x131A, 0x000A,
0x6DB2, 0x0100,
0x6DB4, 0x0420,
0x6DB6, 0x2400,
0x6DB8, 0x0000,
0x6DBA, 0x0000,
0x6DBC, 0x0000,
0x6DBE, 0x0000,
0x6DC0, 0x0000,
0x6DC2, 0x0000,
0x6DF2, 0x0000,
0x6DF4, 0x0000,
0x6E74, 0x0000,
0x6E76, 0x0420,
0x6E78, 0x2400,
0x6EB4, 0x0009,
0x6EB6, 0x0D29,
0x6EB8, 0x2D00,
0x6D70, 0x0001,
0x6D72, 0x0004,
0x6D74, 0x2024,
0x6D76, 0x0000,
0x6D78, 0x0000,
0x6D7A, 0x0000,
0x6D7C, 0x0000,
0x6D7E, 0x0000,
0x6D80, 0x0000,
0x6DF6, 0x0420,
0x6DF8, 0x2400,
0x6E34, 0x0009,
0x6E36, 0x0D29,
0x6E38, 0x2D00,
0x7162, 0x0000,
0x7164, 0x0000,
0x7166, 0x0000,
0x7168, 0x0000,
0x7172, 0x0000,
0x7174, 0x0000,
0x7176, 0x0000,
0x7178, 0x0000,
0x7182, 0x0000,
0x7184, 0x0000,
0x7186, 0x0000,
0x7188, 0x0000,
0x7192, 0x0000,
0x7194, 0x0000,
0x7196, 0x0000,
0x7198, 0x0000,
0x716A, 0x0000,
0x716C, 0x0000,
0x716E, 0x0000,
0x7170, 0x0000,
0x717A, 0x0000,
0x717C, 0x0000,
0x717E, 0x0000,
0x7180, 0x0000,
0x718A, 0x0000,
0x718C, 0x0000,
0x718E, 0x0000,
0x7190, 0x0000,
0x719A, 0x0000,
0x719C, 0x0000,
0x719E, 0x0000,
0x71A0, 0x0000,
0x71A2, 0x0000,
0x71A4, 0x0000,
0x71A6, 0x0000,
0x71A8, 0x0000,
0x71B2, 0x0000,
0x71B4, 0x0000,
0x71B6, 0x0000,
0x71B8, 0x0000,
0x71C2, 0x0000,
0x71C4, 0x0000,
0x71C6, 0x0000,
0x71C8, 0x0000,
0x71D2, 0x0000,
0x71D4, 0x0000,
0x71D6, 0x0000,
0x71D8, 0x0000,
0x71AA, 0x0000,
0x71AC, 0x0000,
0x71AE, 0x0000,
0x71B0, 0x0000,
0x71BA, 0x0000,
0x71BC, 0x0000,
0x71BE, 0x0000,
0x71C0, 0x0000,
0x71CA, 0x0000,
0x71CC, 0x0000,
0x71CE, 0x0000,
0x71D0, 0x0000,
0x71DA, 0x0000,
0x71DC, 0x0000,
0x71DE, 0x0000,
0x71E0, 0x0000,
0xB2F8, 0x0000,
0xB2FA, 0x0320,
0xB2FE, 0x0000,
0xB300, 0x0001,
0xB302, 0x0002,
0xB304, 0x0004,
0xB306, 0x0006,
0xB308, 0x0008,
0xB30A, 0x000A,
0xB30C, 0x000C,
0xB30E, 0x000F,
0xB310, 0x0012,
0xB312, 0x0016,
0xB314, 0x0021,
0xB316, 0x005A,
0xB318, 0x00C0,
0xB31A, 0x00F0,
0xB31C, 0x011C,
0xB31E, 0x0120,
0xB320, 0x0130,
0xB322, 0x02C0,
0xB324, 0x0320,
0xB326, 0x08C0,
0xB328, 0x16C0,
0xB32A, 0x3200,
0xB32C, 0x3FF0,
0xB32E, 0xFFFF,
0xB330, 0xFFFF,
0xB332, 0xFFFF,
0xB334, 0xFFFF,
0xB336, 0xFFFF,
0xB338, 0xFFFF,
0xB33A, 0xFFFF,
0xB33C, 0xFFFF,
0xB33E, 0x1263,
0xB340, 0x1263,
0xB342, 0x1252,
0xB344, 0x1231,
0xB346, 0x1211,
0xB348, 0x11F0,
0xB34A, 0x11CF,
0xB34C, 0x11AF,
0xB34E, 0x1180,
0xB350, 0x1165,
0xB352, 0x1140,
0xB354, 0x10FB,
0xB356, 0x1091,
0xB358, 0x1071,
0xB35A, 0x1063,
0xB35C, 0x1056,
0xB35E, 0x1055,
0xB360, 0x1052,
0xB362, 0x102C,
0xB364, 0x1028,
0xB366, 0x1012,
0xB368, 0x1001,
0xB36A, 0x1000,
0xB36C, 0x1000,
0xB36E, 0x1000,
0xB370, 0x1000,
0xB372, 0x1000,
0xB374, 0x1000,
0xB376, 0x1000,
0xB378, 0x1000,
0xB37A, 0x1000,
0xB37C, 0x1000,
0xB37E, 0x0D00,
0xB390, 0x1301,
0xB3E8, 0x1301,
0xFCFC, 0x2002,
0xA03E, 0x002F,
0xA04A, 0x0000,
0xA08A, 0x0000,
0xA08C, 0x0000,
0xA08E, 0x007D,
0xA090, 0x007D,
0xA092, 0x007D,
0xA094, 0x007D,
0xA096, 0x007D,
0xA040, 0x0102,
0xFCFC, 0x2000,
0x4490, 0x0000,
0x4492, 0x0065,
0x5510, 0x0000,
0x5524, 0x0180,
0x5526, 0x0180,
0x428A, 0x00FF,
0x428C, 0xFFFF,
0x428E, 0xFFFF,
0x4290, 0xFFFF,
0x550A, 0x0102,
0x13A2, 0x0101,
0x5508, 0x4040,
0x14C4, 0x0001,
0x54AA, 0x0703,
0x54AC, 0x0508,
0x5426, 0x0100,
0x543E, 0x0000,
0x542A, 0x05DC,
0x538C, 0x0000,
0x538E, 0x0000,
0x538A, 0x0001,
0x4482, 0x0101,
0x4484, 0x0100,
0x12CA, 0x0002,
0x1320, 0x0101,
0x12EA, 0x0100,
0x12F0, 0x0100,
0x4486, 0x0001,
0x448A, 0x0100,
0x448C, 0x0101,
0x1348, 0x5000,
0x1352, 0x8300,
0x1366, 0x0100,
0x54BE, 0x0010,
0x54DC, 0x0144,
0x54C0, 0x0004,
0x54DE, 0x0036,
0x54C2, 0x0004,
0x54E0, 0x0010,
0x54C4, 0x0002,
0x54E2, 0x0010,
0x54C6, 0x0002,
0x54E4, 0x0010,
0x54C8, 0x0004,
0x54E6, 0x0006,
0x54CA, 0x0002,
0x54E8, 0x0006,
0x54CC, 0x0002,
0x54EA, 0x0006,
0x54CE, 0x0002,
0x54EC, 0x0010,
0x54D0, 0x0002,
0x54EE, 0x0006,
0x5556, 0x0010,
0x4BDC, 0x0000,
0x4BDE, 0x0001,
0x4BE6, 0x0200,
0x4BF8, 0x0200,
0x4BEA, 0x0400,
0x4BFC, 0x0401,
0x4BEC, 0x03FF,
0x4BFE, 0x0400,
0x4D74, 0x0000,
0x4D76, 0x0000,
0x4D78, 0x0000,
0x4D7A, 0x0000,
0x4BE8, 0x0200,
0x4BFA, 0x0200,
0x4E14, 0x0000,
0x4E16, 0x0000,
0x4E18, 0x0000,
0x4E1A, 0x0000,
0x4EB4, 0x0009,
0x4EB6, 0x000A,
0x4EB8, 0x4000,
0x4EBA, 0xEF56,
0x4F54, 0x049B,
0x4F56, 0x049B,
0x4F58, 0x4000,
0x4F5A, 0xF300,
0x56DA, 0x004B,
0x56F2, 0x004B,
0x570A, 0x004B,
0x57CA, 0x0008,
0x5AFA, 0x006B,
0x5B2A, 0x005E,
0x6622, 0x0093,
0x7CEA, 0x0047,
0x7E82, 0x0002,
0x68F2, 0x0010,
0x6922, 0x0030,
0x5AB2, 0x002D,
0x660A, 0x0019,
0x7D92, 0x014F,
0x582A, 0x0008,
0x57B4, 0x0008,
0x57CC, 0x0008,
0x57FC, 0x0008,
0x582C, 0x0008,
0x5994, 0x001E,
0x5A24, 0x001E,
0x5AB4, 0x002D,
0x5AFC, 0x006B,
0x5B14, 0x006B,
0x5B2C, 0x005E,
0x5B44, 0x005E,
0x660C, 0x0019,
0x6624, 0x0093,
0x6654, 0x0093,
0x7CEC, 0x0047,
0x7D7C, 0x00AF,
0x7D94, 0x00A0,
0x7E84, 0x0002,
0x57BC, 0x0008,
0x57D4, 0x0008,
0x5804, 0x0008,
0x5834, 0x0008,
0x599C, 0x001E,
0x5A2C, 0x001E,
0x5ABC, 0x002D,
0x5B04, 0x006B,
0x5B1C, 0x006B,
0x5B34, 0x005E,
0x5B4C, 0x005E,
0x6614, 0x0019,
0x662C, 0x0093,
0x665C, 0x0093,
0x7CF4, 0x0047,
0x7D84, 0x00AF,
0x7D9C, 0x00CB,
0x7E8C, 0x0002,
0x7EA4, 0x0047,
0x59FC, 0x0023,
0x59CC, 0x007D,
0x56E6, 0x0058,
0x56FE, 0x0058,
0x5716, 0x0058,
0x5836, 0x0028,
0x7CF6, 0x0067,
0x5B06, 0x009B,
0x5B1E, 0x009B,
0x5B36, 0x008E,
0x5B4E, 0x008E,
0x662E, 0x00B3,
0x665E, 0x00B3,
0x57D6, 0x0010,
0x5806, 0x0022,
0x599E, 0x02E4,
0x59FE, 0x0023,
0x68FE, 0x0017,
0x6916, 0x002E,
0x692E, 0x0035,
0x7D9E, 0x011B,
0x7D86, 0x00CF,
0x7EA6, 0x0067,
0x7EA8, 0x0047,
0x5838, 0x0008,
0x7CF8, 0x0047,
0x5B08, 0x006B,
0x5B20, 0x006B,
0x5B38, 0x005E,
0x5B50, 0x005E,
0x6630, 0x0093,
0x6660, 0x0093,
0x57D8, 0x0008,
0x5808, 0x0008,
0x5A00, 0x0023,
0x6900, 0x0010,
0x6918, 0x0029,
0x6930, 0x0030,
0x583C, 0x0008,
0x5A04, 0x0023,
0x5AC4, 0x0069,
0x5ADC, 0x0069,
0x661C, 0x0055,
0x6634, 0x0093,
0x664C, 0x0055,
0x6664, 0x0093,
0x5B0C, 0x006B,
0x5B24, 0x006B,
0x5B3C, 0x005E,
0x5B54, 0x005E,
0x6904, 0x0010,
0x691C, 0x0030,
0x6934, 0x0030,
0x7CFC, 0x0055,
0x7D14, 0x0055,
0x7D8C, 0x0118,
0x7DA4, 0x0131,
0x7DBC, 0x0131,
0x7EAC, 0x0055,
0x13A0, 0x0002,
0x5536, 0x1000,
0x1330, 0x29DE,
0x1334, 0x28FD,
0x137E, 0x20FF,
0x1464, 0x09C4,
0xFCFC, 0x2001,
0x26AA, 0x0000,
0x136A, 0x0043,
0x1372, 0x3308,
0x395A, 0x7F02,
0x3FD8, 0x0100,
0x4C3C, 0x0000,
0x3FEC, 0x0400,
0x3FFE, 0x070F,
0x4004, 0x0006,
0x3FE2, 0x00FF,
0x4010, 0x0100,
0x3FD0, 0x0010,
0x3FD2, 0x000C,
0x3FE8, 0x2009,
0x3FEA, 0x0901,
0x4012, 0xFFF6,
0x4014, 0xFFFE,
0x4016, 0xFFFE,
0x4018, 0xFFFE,
0x401A, 0x0000,
0x401C, 0x0000,
0x401E, 0xFFFE,
0x4020, 0xFFFF,
0x4022, 0xFFFD,
0x4024, 0x0000,
0x4026, 0xFFFF,
0x4028, 0x0002,
0x402A, 0x0002,
0x402C, 0x0001,
0x402E, 0x0001,
0x4030, 0xFFFC,
0x4032, 0xFFF4,
0x4034, 0xFFFB,
0x4036, 0xFFFB,
0x4038, 0xFFFD,
0x403A, 0xFFFC,
0x403C, 0xFFFC,
0x403E, 0xFFFD,
0x4040, 0xFFFD,
0x4042, 0xFFFB,
0x4044, 0xFFFC,
0x4046, 0xFFFD,
0x4048, 0xFFFF,
0x404A, 0x0001,
0x404C, 0x0000,
0x404E, 0x0000,
0x4050, 0xFFFC,
0x4052, 0xFFF6,
0x4054, 0xFFFE,
0x4056, 0xFFFF,
0x4058, 0xFFFE,
0x405A, 0xFFFE,
0x405C, 0x0000,
0x405E, 0x0000,
0x4060, 0x0000,
0x4062, 0xFFFE,
0x4064, 0xFFFF,
0x4066, 0x0000,
0x4068, 0x0002,
0x406A, 0x0002,
0x406C, 0x0004,
0x406E, 0x0002,
0x4070, 0xFFFE,
0x4072, 0xFFF7,
0x4074, 0xFFFF,
0x4076, 0x0000,
0x4078, 0x0002,
0x407A, 0x0002,
0x407C, 0x0002,
0x407E, 0x0001,
0x4080, 0x0002,
0x4082, 0xFFFF,
0x4084, 0x0000,
0x4086, 0x0002,
0x4088, 0x0003,
0x408A, 0x0004,
0x408C, 0x0006,
0x408E, 0x0004,
0x4090, 0x0000,
0x4092, 0xFFF5,
0x4094, 0xFFFB,
0x4096, 0xFFFD,
0x4098, 0xFFFE,
0x409A, 0xFFFE,
0x409C, 0xFFFF,
0x409E, 0x0001,
0x40A0, 0x0000,
0x40A2, 0xFFFF,
0x40A4, 0xFFFF,
0x40A6, 0x0000,
0x40A8, 0x0002,
0x40AA, 0x0001,
0x40AC, 0x0002,
0x40AE, 0x0002,
0x40B0, 0xFFFD,
0x40B2, 0xFFF6,
0x40B4, 0xFFFD,
0x40B6, 0x0000,
0x40B8, 0xFFFF,
0x40BA, 0x0001,
0x40BC, 0x0002,
0x40BE, 0x0001,
0x40C0, 0x0002,
0x40C2, 0x0001,
0x40C4, 0x0000,
0x40C6, 0x0001,
0x40C8, 0x0002,
0x40CA, 0x0003,
0x40CC, 0x0003,
0x40CE, 0x0003,
0x40D0, 0xFFFE,
0x40D2, 0xFFF4,
0x40D4, 0xFFFB,
0x40D6, 0xFFFD,
0x40D8, 0xFFFF,
0x40DA, 0x0000,
0x40DC, 0x0000,
0x40DE, 0x0002,
0x40E0, 0x0001,
0x40E2, 0xFFFF,
0x40E4, 0x0001,
0x40E6, 0x0000,
0x40E8, 0x0000,
0x40EA, 0x0001,
0x40EC, 0x0005,
0x40EE, 0x0003,
0x40F0, 0xFFFE,
0x40F2, 0xFFF3,
0x40F4, 0xFFFB,
0x40F6, 0xFFFC,
0x40F8, 0xFFFE,
0x40FA, 0xFFFD,
0x40FC, 0xFFFE,
0x40FE, 0x0000,
0x4100, 0x0000,
0x4102, 0xFFFF,
0x4104, 0x0000,
0x4106, 0x0001,
0x4108, 0x0000,
0x410A, 0x0003,
0x410C, 0x0007,
0x410E, 0x0005,
0x4110, 0xFFFF,
0x4112, 0xFFF3,
0x4114, 0xFFF7,
0x4116, 0xFFFB,
0x4118, 0xFFFB,
0x411A, 0xFFFC,
0x411C, 0xFFFC,
0x411E, 0xFFFE,
0x4120, 0xFFFF,
0x4122, 0xFFFF,
0x4124, 0x0000,
0x4126, 0xFFFE,
0x4128, 0x0000,
0x412A, 0x0002,
0x412C, 0x0006,
0x412E, 0x0005,
0x4130, 0x0003,
0x4132, 0xFFF1,
0x4134, 0xFFF9,
0x4136, 0xFFFB,
0x4138, 0xFFFC,
0x413A, 0xFFFE,
0x413C, 0xFFFD,
0x413E, 0xFFFD,
0x4140, 0xFFFE,
0x4142, 0xFFFE,
0x4144, 0xFFFF,
0x4146, 0x0000,
0x4148, 0x0000,
0x414A, 0x0002,
0x414C, 0x0007,
0x414E, 0x0004,
0x4150, 0x0000,
0x4152, 0xFFF3,
0x4154, 0xFFFC,
0x4156, 0xFFFF,
0x4158, 0xFFFF,
0x415A, 0x0000,
0x415C, 0x0001,
0x415E, 0x0003,
0x4160, 0x0003,
0x4162, 0x0004,
0x4164, 0x0004,
0x4166, 0x0005,
0x4168, 0x0005,
0x416A, 0x0008,
0x416C, 0x000A,
0x416E, 0x0008,
0x4170, 0x0005,
0x4172, 0xFFF8,
0x4174, 0x0001,
0x4176, 0x0003,
0x4178, 0x0006,
0x417A, 0x0007,
0x417C, 0x000A,
0x417E, 0x0007,
0x4180, 0x000B,
0x4182, 0x000B,
0x4184, 0x000C,
0x4186, 0x000F,
0x4188, 0x000F,
0x418A, 0x0010,
0x418C, 0x0016,
0x418E, 0x0014,
0x4190, 0x0010,
0xAACA, 0x0000,
0xB2E4, 0x0101,
0xB47A, 0x1000,
0xB47C, 0x0000,
0xB47E, 0x00F5,
0x1AD8, 0x0101,
0x1A4C, 0x0002,
0x1982, 0x0000,
0x7C30, 0x0000,
0x7C34, 0x0001,
0x7C36, 0xB308,
0x291A, 0x0000,
0x79F0, 0x0000,
0x9048, 0x0000,
0x904A, 0x0000,
0x904C, 0x0000,
0x904E, 0x0000,
0x9050, 0x0000,
0x9054, 0x0000,
0x9056, 0x0000,
0x9058, 0x0000,
0x905A, 0x0000,
0x0C14, 0x0000,
0x0C16, 0x0000,
0x0C18, 0x0000,
0x0C1A, 0x0000,
0xFCFC, 0x2000,
0x4BE2, 0x0000,
0x4BF4, 0x0200,
0x4C06, 0x0200,
0x51D4, 0x0000,
0x51D6, 0x0000,
0x51D8, 0x0000,
0x51DA, 0x0000,
0x51DC, 0x0000,
0x51DE, 0x0000,
0x51E0, 0x0000,
0x51E2, 0x0000,
0x4BE0, 0x0101,
0x4BEE, 0x01FF,
0x4C00, 0x0200,
0x4FF4, 0x0101,
0x4FF6, 0x0189,
0x4FF8, 0x4000,
0x4FFA, 0xFD1A,
0x4BF0, 0x003F,
0x4C02, 0x0040,
0x5094, 0x000B,
0x5096, 0x000C,
0x5098, 0x4000,
0x509A, 0xFD7C,
0x509C, 0x000B,
0x509E, 0x000C,
0x50A0, 0x4000,
0x50A2, 0xF33A,
0x50A4, 0x000B,
0x50A6, 0x000A,
0x50A8, 0x4000,
0x50AA, 0xFD8E,
0x50AC, 0x000A,
0x50AE, 0x0006,
0x50B0, 0x4000,
0x50B2, 0xE43E,
0xFCFC, 0x4000,
0x0B02, 0x0102,
0x0B04, 0x0011,
0x0BE2, 0x0000,
0x0BC2, 0x0000,
0x0BC4, 0x0000,
0x021E, 0x0000,
0x0228, 0x0100,
0x0722, 0x0800,
0xBA8C, 0x0000,
0xBA90, 0x0000,
0xFEFA, 0x0000,
0xFEFC, 0x0000,
0xF33A, 0x000C,
0xFD7C, 0x000C,
0xF338, 0x0022,
0xFD7A, 0x0022,
0xF31E, 0x001C,
0xF32A, 0x001C,
0xF320, 0x001C,
0xF32C, 0x001C,
0xFCFC, 0x2001,
0x0C04, 0x2E28,
0x0C0A, 0x2E28,
0x19E4, 0x0001,
0x2872, 0x0000,
0x26B2, 0xFDA2,
0x26B4, 0xFDA0,
0x26B6, 0x0040,
0x26C4, 0x001B,
0x26B8, 0x0080,
0x26C6, 0x001B,
0x26BA, 0x0100,
0x26C8, 0x0020,
0x26BC, 0x0200,
0x26CA, 0x001B,
0x26BE, 0x0400,
0x26CC, 0x0028,
0x26C0, 0x0800,
0x26CE, 0x002E,
0x26C2, 0x1000,
0x26D0, 0x0033,
0x26D2, 0x0033,
0x26B0, 0x0100,
0x2874, 0x0000,
0x2876, 0x0000,
0x2878, 0x0000,
0x2886, 0x0000,
0x2888, 0x0000,
0x288A, 0x0000,
0x2898, 0x0000,
0x289A, 0x0000,
0x289C, 0x0000,
0x28CE, 0x0000,
0x28D0, 0x0000,
0x28D2, 0x0000,
0x28AA, 0x0000,
0x28BC, 0x0000,
0x28AC, 0x0000,
0x28BE, 0x0000,
0x28AE, 0x0000,
0x28C0, 0x0000,
0xFCFC, 0x4001,
0x0606, 0x0024,
0x0608, 0x0014,
0x060A, 0x0034,
0xFCFC, 0x4000,
0x020C, 0x0000,
};                                                                                              
   
static u16 addr_data_pair_normal_video[] = {
0xFCFC, 0x4000,
0x6214, 0xFFFF,
0x6216, 0xFFFF,
0x6218, 0xFFFF,
0xA100, 0xFFFF,
0xFCFC, 0x4001,
0x0100, 0xFFFF,
0x2100, 0xFFFF,
0xFCFC, 0x4000,
0x8100, 0xFFFF,
0x621A, 0x0000,
0x621C, 0x0000,
0x6220, 0x0000,
0xA102, 0x0000,
0xFCFC, 0x4001,
0x0102, 0x0000,
0x2102, 0x0000,
0xFCFC, 0x4000,
0x8102, 0x0000,
0x0344, 0x0010,
0x0348, 0x3FCF,
0x0346, 0x0010,
0x034A, 0x300F,
0x034C, 0x0FF0,
0x034E, 0x0C00,
0x0340, 0x18C0,
0x0342, 0x28A0,
0x0900, 0x3244,
0x0380, 0x0004,
0x0382, 0x0004,
0x0384, 0x0004,
0x0386, 0x0004,
0x040C, 0x0000,
0x0400, 0x1010,
0x0408, 0x0100,
0x040A, 0x0100,
0x0350, 0x0000,
0x0352, 0x0000,
0x0136, 0x1800,
0x013E, 0x0000,
0x0304, 0x0003,
0x0306, 0x00FA,
0x030C, 0x0001,
0x030E, 0x0003,
0x0310, 0x00FC,
0x0312, 0x0001,
0x031A, 0x0003,
0x031C, 0x002D,
0x031E, 0x0002,
0x0B08, 0x0100,
0x0202, 0x0014,
0x022C, 0x0014,
0x0226, 0x0014,
0x0702, 0x0000,
0x0704, 0x0000,
0x0112, 0x0A0A,
0x0114, 0x0301,
0x0118, 0x0004,
0x011A, 0x0001,
0x011C, 0x0101,
0x0270, 0x2B2B,   
0x0272, 0x2B10,
0x0260, 0x0001,
0x0262, 0x0200,
0x0264, 0x0102,
0x0266, 0x0000,
0x0274, 0x3030,   
0x0720, 0x0001,
0x0724, 0x0000,   
0x0728, 0x07F8,
0x072A, 0x0300,
0x072C, 0x0000,   
0x072E, 0x0000,   
0xFCFC, 0x2001,
0x9000, 0x0200,
0x9082, 0x0100,     
0xFCFC, 0x2000,
0x14B8, 0x0000,
0x4294, 0xBA84,
0x4296, 0x0200,
0x4298, 0xBA86,
0x429A, 0x0400,
0x429C, 0xBA88,
0x429E, 0x0200,
0x42A0, 0xBA8A,
0x42A2, 0x0200,
0x42A4, 0x0000,
0x42A6, 0x0000,
0x42A8, 0x0000,
0x42AA, 0x0000,
0x42AC, 0x0000,
0x42AE, 0x0000,
0x42B0, 0x0000,
0x42B2, 0x0000,
0x42B4, 0x0000,
0x42B6, 0x0000,
0x42B8, 0x0000,
0x42BA, 0x0000,
0x42BC, 0xBA84,
0x42BE, 0x0200,
0x42C0, 0xBA86,
0x42C2, 0x0400,
0x42C4, 0xBA88,
0x42C6, 0x0200,
0x42C8, 0xBA8A,
0x42CA, 0x0200,
0x42CC, 0x0000,
0x42CE, 0x0000,
0x42D0, 0x0000,
0x42D2, 0x0000,
0x42D4, 0x0000,
0x42D6, 0x0000,
0x42D8, 0x0000,
0x42DA, 0x0000,
0x42DC, 0x0000,
0x42DE, 0x0000,
0x42E0, 0x0000,
0x42E2, 0x0000,
0x42E4, 0x0000,
0x42E6, 0x0000,
0x42E8, 0x0000,
0x42EA, 0x0000,
0x42EC, 0x0000,
0x42EE, 0x0000,
0x42F0, 0x0000,
0x42F2, 0x0000,
0x42F4, 0x0000,
0x42F6, 0x0000,
0x42F8, 0x0000,
0x42FA, 0x0000,
0x42FC, 0x0000,
0x42FE, 0x0000,
0x4300, 0x0000,
0x4302, 0x0000,
0x4304, 0x0000,
0x4306, 0x0000,
0x4308, 0x0000,
0x430A, 0x0000,
0x430C, 0x0000,
0x430E, 0x0000,
0x4310, 0x0000,
0x4312, 0x0000,
0x4320, 0x0000,
0x4322, 0x0000,
0x4324, 0x0000,
0x4326, 0x0000,
0x4328, 0x0000,
0x432A, 0x0000,
0x432C, 0x0000,
0x432E, 0x0000,
0x4330, 0x0000,
0x4332, 0x0000,
0x4334, 0x0000,
0x4336, 0x0000,
0x4338, 0x0000,
0x433A, 0x0000,
0x433C, 0x0000,
0x433E, 0x0000,
0x4340, 0x0000,
0x4342, 0x0000,
0x4348, 0x0000,
0x434A, 0x0000,
0x434C, 0x0000,
0x434E, 0x0000,
0x4350, 0x0000,
0x4352, 0x0000,
0x4354, 0x0000,
0x4356, 0x0000,
0x4358, 0x0000,
0x435A, 0x0000,
0x435C, 0x0000,
0x435E, 0x0000,
0x4360, 0x0000,
0x4362, 0x0000,
0x4364, 0x0000,
0x4366, 0x0000,
0x4368, 0x0000,
0x436A, 0x0000,
0x436C, 0x0000,
0x436E, 0x0000,
0x4378, 0x0000,
0x437A, 0x0000,
0x437C, 0x0000,
0x437E, 0x0000,
0x4380, 0x0000,
0x4382, 0x0000,
0x4384, 0x0000,
0x4386, 0x0000,
0x4388, 0x0000,
0x438A, 0x0000,
0x438C, 0x0000,
0x438E, 0x0000,
0x4390, 0x0000,
0x4392, 0x0000,
0x4394, 0x0000,
0x439A, 0x0000,
0x4398, 0x0000,
0x4396, 0x0000,
0x43AC, 0x0000,
0x43AE, 0x0000,
0x43B0, 0x0000,
0x43B2, 0x0000,
0x442A, 0x000A,
0x443A, 0x000E,
0x4428, 0x0000,
0x4438, 0x0004,
0x4424, 0x0014,
0x4434, 0x0014,
0x4432, 0x001F,
0x4442, 0x001F,
0x4430, 0x001A,
0x4440, 0x001A,
0x442C, 0x0024,
0x443C, 0x0024,
0xFCFC, 0x2001,
0x9270, 0x0000,
0x9306, 0x0400,
0x9308, 0x0400,
0x930A, 0x0400,
0x9D62, 0x0032,
0x9D64, 0x0032,
0x9D66, 0x0028,
0x9D68, 0x001E,
0x9D6A, 0x001E,
0x9D6C, 0x001E,
0x9D72, 0x0032,
0x9D74, 0x0032,
0x9D76, 0x0028,
0x9D78, 0x001E,
0x9D7A, 0x001E,
0x9D7C, 0x001E,
0x9D82, 0x0032,
0x9D84, 0x0032,
0x9D86, 0x0028,
0x9D88, 0x001E,
0x9D8A, 0x001E,
0x9D8C, 0x001E,
0x9D92, 0x0032,
0x9D94, 0x0032,
0x9D96, 0x0028,
0x9D98, 0x001E,
0x9D9A, 0x001E,
0x9D9C, 0x001E,
0x9DA2, 0x0050,
0x9DA4, 0x0032,
0x9DA6, 0x0032,
0x9DA8, 0x0028,
0x9DAA, 0x0028,
0x9DAC, 0x0028,
0x9DB2, 0x0001,
0x9DB4, 0x0001,
0x9DB6, 0x0001,
0x9DB8, 0x0001,
0x9DBA, 0x0001,
0x9DBC, 0x0001,
0x928C, 0x5C5C,
0x928E, 0x2F36,
0x9290, 0x6E68,
0x92A8, 0x0E00,
0x92B4, 0x303C,
0x9852, 0x070F,
0x9854, 0x070F,
0x9856, 0x0677,
0x9858, 0x05C3,
0x985A, 0x0534,
0x985C, 0x0534,
0x92D0, 0xFFFF,
0x92D2, 0xFFFF,
0x92D4, 0xFFFF,
0x92F4, 0xFFFF,
0x92F6, 0xFFFF,
0x92F8, 0xFFFF,
0x7DB2, 0x03FF,
0xFCFC, 0x4001,
0x246C, 0x0064,
0x246E, 0x0096,
0x2470, 0x0078,
0x2472, 0x0190,
0x2474, 0x0258,
0x2476, 0x0320,
0xFCFC, 0x2001,
0x94B6, 0x0258,
0x94B8, 0x0258,
0x94BA, 0x0258,
0x94BC, 0x0258,
0x94BE, 0x0258,
0x94C0, 0x0258,
0x94D2, 0x0091,
0x94D4, 0x0091,
0x94D6, 0x0091,
0x94D8, 0x0090,
0x94DA, 0x0090,
0x94DC, 0x0090,
0x94EE, 0x03FF,
0x94F0, 0x03FF,
0x94F2, 0x02ED,
0x94F4, 0x0300,
0x94F6, 0x0292,
0x94F8, 0x0292,
0x9276, 0x0101,
0x9278, 0x0101,
0x927A, 0x0109,
0x92E2, 0x00A3,
0x92E4, 0x00D2,
0x92E6, 0x012A,
0x92E8, 0x19E5,
0x92EA, 0x2073,
0x92EC, 0x200C,
0x988A, 0x0000,
0x988C, 0x0000,
0x988E, 0x0000,
0x9890, 0x0000,
0x9892, 0x0000,
0x9894, 0x0000,
0x9606, 0x0019,
0x9608, 0x0019,
0x960A, 0x001B,
0x960C, 0x001B,
0x960E, 0x001D,
0x9610, 0x001D,
0x9836, 0x0001,
0x9838, 0x0001,
0x983A, 0x0001,
0x983C, 0x0001,
0x983E, 0x0001,
0x9840, 0x0001,
0x1984, 0x0100,
0x19A2, 0x0100,
0x19F8, 0x0200,
0x19FA, 0x0800,
0x19E6, 0x0002,
0x19E8, 0x0008,
0x19EC, 0x0200,
0x19EE, 0x0400,
0x19F0, 0x0800,
0x235A, 0x0001,
0x235C, 0x0001,
0x2364, 0x0001,
0x2366, 0x0001,
0x2368, 0x0001,
0x236C, 0x0001,
0x236E, 0x0001,
0x231A, 0x0022,
0x2372, 0x000A,
0x2326, 0x0000,
0x2342, 0x0014,
0x232A, 0x0001,
0x2374, 0x0000,
0x238C, 0x0001,
0x2376, 0x0000,
0x238E, 0x0001,
0x2344, 0x0014,
0x232C, 0x0001,
0x237E, 0x0000,
0x2396, 0x0001,
0x234C, 0x0014,
0x2334, 0x0001,
0x23A4, 0x0000,
0x2380, 0x0042,
0x2398, 0x00D8,
0x234E, 0x0084,
0x2336, 0x00C0,
0x2382, 0x0000,
0x239A, 0x0001,
0x2350, 0x0014,
0x2338, 0x0001,
0x2354, 0x0014,
0x233C, 0x0001,
0x2386, 0x0000,
0x239E, 0x0001,
0x3B22, 0x0100,
0x3A9E, 0x0202,
0x3AA0, 0x0101,
0x3B2C, 0x0040,
0x3AD4, 0x0101,
0x3AE6, 0x0000,
0x3AF2, 0x0014,
0x8180, 0x0001,
0x818E, 0x0FF0,
0x8190, 0x0C00,
0x0AF2, 0x0C06,
0x0AF4, 0x0100,
0x0ACE, 0x0A28,
0x39B0, 0x0200,
0x399C, 0x0000,
0x399E, 0x0000,
0xBDC0, 0x0000,
0xBDC2, 0x0001,
0x2950, 0x0000,
0x3950, 0x8822,
0x3682, 0x0001,
0x3684, 0x0001,
0xB440, 0x0000,
0xA780, 0x0000,
0xA78C, 0x0020,
0xA790, 0x0010,
0xA7AA, 0x0000,
0xA8EC, 0x0000,
0xA922, 0x0009,
0xA924, 0x0000,
0xA926, 0x0000,
0xA936, 0x0000,
0xA938, 0x0000,
0xA940, 0x1020,
0xA942, 0x0000,
0xA944, 0x0000,
0xA948, 0x0000,
0x1310, 0x00E4,
0x3BB0, 0x0204,
0x9350, 0x0100,
0x8A24, 0x0001,
0x8A26, 0x0001,
0x8A12, 0x0101,
0x918C, 0xFFFF,
0x8A18, 0x0000,
0x8A1A, 0x0000,
0x9064, 0x0201,
0x9066, 0x0101,
0x9068, 0x0100,
0x9070, 0x0804,
0x9072, 0x0404,
0x9074, 0x0402,
0x26FC, 0x0000,
0x271C, 0x0002,
0x2754, 0x0000,
0x2756, 0x0000,
0x2758, 0x0000,
0x275A, 0x0000,
0x204A, 0x0B82,
0x2052, 0x0072,
0x2054, 0x003A,
0x2078, 0x0809,
0x2204, 0x0220,
0x0E74, 0x030F,
0x0E76, 0x030F,
0x2766, 0x0001,
0x2726, 0x0507,
0x3A78, 0xFF01,
0x3A50, 0x0100,
0x897A, 0x0040,
0x8986, 0x0100,
0x898A, 0x2100,
0x899C, 0x2000,
0x89EA, 0x0200,
0x89EC, 0x0400,
0x89EE, 0x0200,
0x89F0, 0x0200,
0x897E, 0x0005,
0x8980, 0x0503,
0x8974, 0x0101,
0x291E, 0x0103,
0x9062, 0x03FF,
0x906E, 0x03FF,
0x9046, 0x077E,
0x3BB2, 0x0100,
0x3C42, 0x01A0,
0x3C44, 0x415F,
0x3C46, 0x00C4,
0x3C48, 0x30C3,
0x9080, 0x0000,
0x92FC, 0x0101,
0x0AC2, 0x0514,
0x20B6, 0x0003,
0x20B8, 0x0003,
0x20BA, 0x0003,
0x20BC, 0x0003,
0x20BE, 0x0003,
0x20C0, 0x0003,
0x20C2, 0x0003,
0x20C4, 0x0003,
0x20C6, 0x0003,
0x20C8, 0x0003,
0x0BEC, 0x0381,
0x0C42, 0x03C0,
0x2690, 0x03C0,
0x12D6, 0x98EC,
0x12DC, 0x0189,
0x12D4, 0xA6FD,
0x0C50, 0x3CC7,
0x0C52, 0x7D3F,
0x0C5E, 0x0000,
0x26A8, 0x0022,
0x26A4, 0x0036,
0x26A6, 0x0036,
0x12DA, 0x2020,
0x0D14, 0x80F1,
0x0BDC, 0x0034,
0x0BE6, 0x8C40,
0x0BE8, 0xAC40,
0x0B52, 0x0E06,
0x0B56, 0x0E06,
0x0B58, 0x0606,
0x0B6A, 0x0206,
0x0B6E, 0x0206,
0x0B70, 0x0606,
0x0B82, 0x0202,
0x0B86, 0x0202,
0x0B88, 0x0202,
0x0BB2, 0x1313,
0x0BB8, 0x0A0B,
0x0BBA, 0x1313,
0x0BD0, 0x0A13,
0x0BD2, 0x1313,
0x7DD4, 0x0100,
0x9090, 0x0100,
0x90A2, 0x0100,
0x9100, 0x0211,
0x9140, 0x0200,
0x9110, 0x0200,
0x0CC0, 0x0101,
0x0CC2, 0x0100,
0x0CCE, 0x0028,
0x0CE4, 0x0028,
0x0CFA, 0x0028,
0x1AD4, 0x0101,
0x1AD6, 0x0001,
0x2866, 0x0002,
0x3B28, 0x0106,
0x3B2A, 0x0000,
0x1316, 0x0010,
0x131A, 0x000A,
0x6DB2, 0x0100,
0x6DB4, 0x0420,
0x6DB6, 0x2400,
0x6DB8, 0x0000,
0x6DBA, 0x0000,
0x6DBC, 0x0000,
0x6DBE, 0x0000,
0x6DC0, 0x0000,
0x6DC2, 0x0000,
0x6DF2, 0x0000,
0x6DF4, 0x0000,
0x6E74, 0x0000,
0x6E76, 0x0420,
0x6E78, 0x2400,
0x6EB4, 0x0009,
0x6EB6, 0x0D29,
0x6EB8, 0x2D00,
0x6D70, 0x0001,
0x6D72, 0x0004,
0x6D74, 0x2024,
0x6D76, 0x0000,
0x6D78, 0x0000,
0x6D7A, 0x0000,
0x6D7C, 0x0000,
0x6D7E, 0x0000,
0x6D80, 0x0000,
0x6DF6, 0x0420,
0x6DF8, 0x2400,
0x6E34, 0x0009,
0x6E36, 0x0D29,
0x6E38, 0x2D00,
0x7162, 0x0000,
0x7164, 0x0000,
0x7166, 0x0000,
0x7168, 0x0000,
0x7172, 0x0000,
0x7174, 0x0000,
0x7176, 0x0000,
0x7178, 0x0000,
0x7182, 0x0000,
0x7184, 0x0000,
0x7186, 0x0000,
0x7188, 0x0000,
0x7192, 0x0000,
0x7194, 0x0000,
0x7196, 0x0000,
0x7198, 0x0000,
0x716A, 0x0000,
0x716C, 0x0000,
0x716E, 0x0000,
0x7170, 0x0000,
0x717A, 0x0000,
0x717C, 0x0000,
0x717E, 0x0000,
0x7180, 0x0000,
0x718A, 0x0000,
0x718C, 0x0000,
0x718E, 0x0000,
0x7190, 0x0000,
0x719A, 0x0000,
0x719C, 0x0000,
0x719E, 0x0000,
0x71A0, 0x0000,
0x71A2, 0x0000,
0x71A4, 0x0000,
0x71A6, 0x0000,
0x71A8, 0x0000,
0x71B2, 0x0000,
0x71B4, 0x0000,
0x71B6, 0x0000,
0x71B8, 0x0000,
0x71C2, 0x0000,
0x71C4, 0x0000,
0x71C6, 0x0000,
0x71C8, 0x0000,
0x71D2, 0x0000,
0x71D4, 0x0000,
0x71D6, 0x0000,
0x71D8, 0x0000,
0x71AA, 0x0000,
0x71AC, 0x0000,
0x71AE, 0x0000,
0x71B0, 0x0000,
0x71BA, 0x0000,
0x71BC, 0x0000,
0x71BE, 0x0000,
0x71C0, 0x0000,
0x71CA, 0x0000,
0x71CC, 0x0000,
0x71CE, 0x0000,
0x71D0, 0x0000,
0x71DA, 0x0000,
0x71DC, 0x0000,
0x71DE, 0x0000,
0x71E0, 0x0000,
0xB2F8, 0x0000,
0xB2FA, 0x0320,
0xB2FE, 0x0000,
0xB300, 0x0001,
0xB302, 0x0002,
0xB304, 0x0004,
0xB306, 0x0006,
0xB308, 0x0008,
0xB30A, 0x000A,
0xB30C, 0x000C,
0xB30E, 0x000F,
0xB310, 0x0012,
0xB312, 0x0016,
0xB314, 0x0021,
0xB316, 0x005A,
0xB318, 0x00C0,
0xB31A, 0x00F0,
0xB31C, 0x011C,
0xB31E, 0x0120,
0xB320, 0x0130,
0xB322, 0x02C0,
0xB324, 0x0320,
0xB326, 0x08C0,
0xB328, 0x16C0,
0xB32A, 0x3200,
0xB32C, 0x3FF0,
0xB32E, 0xFFFF,
0xB330, 0xFFFF,
0xB332, 0xFFFF,
0xB334, 0xFFFF,
0xB336, 0xFFFF,
0xB338, 0xFFFF,
0xB33A, 0xFFFF,
0xB33C, 0xFFFF,
0xB33E, 0x1263,
0xB340, 0x1263,
0xB342, 0x1252,
0xB344, 0x1231,
0xB346, 0x1211,
0xB348, 0x11F0,
0xB34A, 0x11CF,
0xB34C, 0x11AF,
0xB34E, 0x1180,
0xB350, 0x1165,
0xB352, 0x1140,
0xB354, 0x10FB,
0xB356, 0x1091,
0xB358, 0x1071,
0xB35A, 0x1063,
0xB35C, 0x1056,
0xB35E, 0x1055,
0xB360, 0x1052,
0xB362, 0x102C,
0xB364, 0x1028,
0xB366, 0x1012,
0xB368, 0x1001,
0xB36A, 0x1000,
0xB36C, 0x1000,
0xB36E, 0x1000,
0xB370, 0x1000,
0xB372, 0x1000,
0xB374, 0x1000,
0xB376, 0x1000,
0xB378, 0x1000,
0xB37A, 0x1000,
0xB37C, 0x1000,
0xB37E, 0x0D00,
0xB390, 0x1301,
0xB3E8, 0x1301,
0xFCFC, 0x2002,
0xA03E, 0x002F,
0xA04A, 0x0000,
0xA08A, 0x0000,
0xA08C, 0x0000,
0xA08E, 0x007D,
0xA090, 0x007D,
0xA092, 0x007D,
0xA094, 0x007D,
0xA096, 0x007D,
0xA040, 0x0102,
0xFCFC, 0x2000,
0x4490, 0x0000,
0x4492, 0x0065,
0x5510, 0x0000,
0x5524, 0x0180,
0x5526, 0x0180,
0x428A, 0x00FF,
0x428C, 0xFFFF,
0x428E, 0xFFFF,
0x4290, 0xFFFF,
0x550A, 0x0102,
0x13A2, 0x0101,
0x5508, 0x4040,
0x14C4, 0x0001,
0x54AA, 0x0703,
0x54AC, 0x0508,
0x5426, 0x0100,
0x543E, 0x0000,
0x542A, 0x05DC,
0x538C, 0x0000,
0x538E, 0x0000,
0x538A, 0x0001,
0x4482, 0x0101,
0x4484, 0x0100,
0x12CA, 0x0002,
0x1320, 0x0101,
0x12EA, 0x0100,
0x12F0, 0x0100,
0x4486, 0x0001,
0x448A, 0x0100,
0x448C, 0x0101,
0x1348, 0x5000,
0x1352, 0x8300,
0x1366, 0x0100,
0x54BE, 0x0010,
0x54DC, 0x0144,
0x54C0, 0x0004,
0x54DE, 0x0036,
0x54C2, 0x0004,
0x54E0, 0x0010,
0x54C4, 0x0002,
0x54E2, 0x0010,
0x54C6, 0x0002,
0x54E4, 0x0010,
0x54C8, 0x0004,
0x54E6, 0x0006,
0x54CA, 0x0002,
0x54E8, 0x0006,
0x54CC, 0x0002,
0x54EA, 0x0006,
0x54CE, 0x0002,
0x54EC, 0x0010,
0x54D0, 0x0002,
0x54EE, 0x0006,
0x5556, 0x0010,
0x4BDC, 0x0000,
0x4BDE, 0x0001,
0x4BE6, 0x0200,
0x4BF8, 0x0200,
0x4BEA, 0x0400,
0x4BFC, 0x0401,
0x4BEC, 0x03FF,
0x4BFE, 0x0400,
0x4D74, 0x0000,
0x4D76, 0x0000,
0x4D78, 0x0000,
0x4D7A, 0x0000,
0x4BE8, 0x0200,
0x4BFA, 0x0200,
0x4E14, 0x0000,
0x4E16, 0x0000,
0x4E18, 0x0000,
0x4E1A, 0x0000,
0x4EB4, 0x0009,
0x4EB6, 0x000A,
0x4EB8, 0x4000,
0x4EBA, 0xEF56,
0x4F54, 0x049B,
0x4F56, 0x049B,
0x4F58, 0x4000,
0x4F5A, 0xF300,
0x56DA, 0x004B,
0x56F2, 0x004B,
0x570A, 0x004B,
0x57CA, 0x0008,
0x5AFA, 0x006B,
0x5B2A, 0x005E,
0x6622, 0x0093,
0x7CEA, 0x0047,
0x7E82, 0x0002,
0x68F2, 0x0010,
0x6922, 0x0030,
0x5AB2, 0x002D,
0x660A, 0x0019,
0x7D92, 0x014F,
0x582A, 0x0008,
0x57B4, 0x0008,
0x57CC, 0x0008,
0x57FC, 0x0008,
0x582C, 0x0008,
0x5994, 0x001E,
0x5A24, 0x001E,
0x5AB4, 0x002D,
0x5AFC, 0x006B,
0x5B14, 0x006B,
0x5B2C, 0x005E,
0x5B44, 0x005E,
0x660C, 0x0019,
0x6624, 0x0093,
0x6654, 0x0093,
0x7CEC, 0x0047,
0x7D7C, 0x00AF,
0x7D94, 0x00A0,
0x7E84, 0x0002,
0x57BC, 0x0008,
0x57D4, 0x0008,
0x5804, 0x0008,
0x5834, 0x0008,
0x599C, 0x001E,
0x5A2C, 0x001E,
0x5ABC, 0x002D,
0x5B04, 0x006B,
0x5B1C, 0x006B,
0x5B34, 0x005E,
0x5B4C, 0x005E,
0x6614, 0x0019,
0x662C, 0x0093,
0x665C, 0x0093,
0x7CF4, 0x0047,
0x7D84, 0x00AF,
0x7D9C, 0x00CB,
0x7E8C, 0x0002,
0x7EA4, 0x0047,
0x59FC, 0x0023,
0x59CC, 0x007D,
0x56E6, 0x0058,
0x56FE, 0x0058,
0x5716, 0x0058,
0x5836, 0x0028,
0x7CF6, 0x0067,
0x5B06, 0x009B,
0x5B1E, 0x009B,
0x5B36, 0x008E,
0x5B4E, 0x008E,
0x662E, 0x00B3,
0x665E, 0x00B3,
0x57D6, 0x0010,
0x5806, 0x0022,
0x599E, 0x02E4,
0x59FE, 0x0023,
0x68FE, 0x0017,
0x6916, 0x002E,
0x692E, 0x0035,
0x7D9E, 0x011B,
0x7D86, 0x00CF,
0x7EA6, 0x0067,
0x7EA8, 0x0047,
0x5838, 0x0008,
0x7CF8, 0x0047,
0x5B08, 0x006B,
0x5B20, 0x006B,
0x5B38, 0x005E,
0x5B50, 0x005E,
0x6630, 0x0093,
0x6660, 0x0093,
0x57D8, 0x0008,
0x5808, 0x0008,
0x5A00, 0x0023,
0x6900, 0x0010,
0x6918, 0x0029,
0x6930, 0x0030,
0x583C, 0x0008,
0x5A04, 0x0023,
0x5AC4, 0x0069,
0x5ADC, 0x0069,
0x661C, 0x0055,
0x6634, 0x0093,
0x664C, 0x0055,
0x6664, 0x0093,
0x5B0C, 0x006B,
0x5B24, 0x006B,
0x5B3C, 0x005E,
0x5B54, 0x005E,
0x6904, 0x0010,
0x691C, 0x0030,
0x6934, 0x0030,
0x7CFC, 0x0055,
0x7D14, 0x0055,
0x7D8C, 0x0118,
0x7DA4, 0x0131,
0x7DBC, 0x0131,
0x7EAC, 0x0055,
0x13A0, 0x0002,
0x5536, 0x1000,
0x1330, 0x29DE,
0x1334, 0x28FD,
0x137E, 0x20FF,
0x1464, 0x09C4,
0xFCFC, 0x2001,
0x26AA, 0x0000,
0x136A, 0x0043,
0x1372, 0x3308,
0x395A, 0x7F02,
0x3FD8, 0x0100,
0x4C3C, 0x0000,
0x3FEC, 0x0400,
0x3FFE, 0x070F,
0x4004, 0x0006,
0x3FE2, 0x00FF,
0x4010, 0x0100,
0x3FD0, 0x0010,
0x3FD2, 0x000C,
0x3FE8, 0x2009,
0x3FEA, 0x0901,
0x4012, 0xFFF6,
0x4014, 0xFFFE,
0x4016, 0xFFFE,
0x4018, 0xFFFE,
0x401A, 0x0000,
0x401C, 0x0000,
0x401E, 0xFFFE,
0x4020, 0xFFFF,
0x4022, 0xFFFD,
0x4024, 0x0000,
0x4026, 0xFFFF,
0x4028, 0x0002,
0x402A, 0x0002,
0x402C, 0x0001,
0x402E, 0x0001,
0x4030, 0xFFFC,
0x4032, 0xFFF4,
0x4034, 0xFFFB,
0x4036, 0xFFFB,
0x4038, 0xFFFD,
0x403A, 0xFFFC,
0x403C, 0xFFFC,
0x403E, 0xFFFD,
0x4040, 0xFFFD,
0x4042, 0xFFFB,
0x4044, 0xFFFC,
0x4046, 0xFFFD,
0x4048, 0xFFFF,
0x404A, 0x0001,
0x404C, 0x0000,
0x404E, 0x0000,
0x4050, 0xFFFC,
0x4052, 0xFFF6,
0x4054, 0xFFFE,
0x4056, 0xFFFF,
0x4058, 0xFFFE,
0x405A, 0xFFFE,
0x405C, 0x0000,
0x405E, 0x0000,
0x4060, 0x0000,
0x4062, 0xFFFE,
0x4064, 0xFFFF,
0x4066, 0x0000,
0x4068, 0x0002,
0x406A, 0x0002,
0x406C, 0x0004,
0x406E, 0x0002,
0x4070, 0xFFFE,
0x4072, 0xFFF7,
0x4074, 0xFFFF,
0x4076, 0x0000,
0x4078, 0x0002,
0x407A, 0x0002,
0x407C, 0x0002,
0x407E, 0x0001,
0x4080, 0x0002,
0x4082, 0xFFFF,
0x4084, 0x0000,
0x4086, 0x0002,
0x4088, 0x0003,
0x408A, 0x0004,
0x408C, 0x0006,
0x408E, 0x0004,
0x4090, 0x0000,
0x4092, 0xFFF5,
0x4094, 0xFFFB,
0x4096, 0xFFFD,
0x4098, 0xFFFE,
0x409A, 0xFFFE,
0x409C, 0xFFFF,
0x409E, 0x0001,
0x40A0, 0x0000,
0x40A2, 0xFFFF,
0x40A4, 0xFFFF,
0x40A6, 0x0000,
0x40A8, 0x0002,
0x40AA, 0x0001,
0x40AC, 0x0002,
0x40AE, 0x0002,
0x40B0, 0xFFFD,
0x40B2, 0xFFF6,
0x40B4, 0xFFFD,
0x40B6, 0x0000,
0x40B8, 0xFFFF,
0x40BA, 0x0001,
0x40BC, 0x0002,
0x40BE, 0x0001,
0x40C0, 0x0002,
0x40C2, 0x0001,
0x40C4, 0x0000,
0x40C6, 0x0001,
0x40C8, 0x0002,
0x40CA, 0x0003,
0x40CC, 0x0003,
0x40CE, 0x0003,
0x40D0, 0xFFFE,
0x40D2, 0xFFF4,
0x40D4, 0xFFFB,
0x40D6, 0xFFFD,
0x40D8, 0xFFFF,
0x40DA, 0x0000,
0x40DC, 0x0000,
0x40DE, 0x0002,
0x40E0, 0x0001,
0x40E2, 0xFFFF,
0x40E4, 0x0001,
0x40E6, 0x0000,
0x40E8, 0x0000,
0x40EA, 0x0001,
0x40EC, 0x0005,
0x40EE, 0x0003,
0x40F0, 0xFFFE,
0x40F2, 0xFFF3,
0x40F4, 0xFFFB,
0x40F6, 0xFFFC,
0x40F8, 0xFFFE,
0x40FA, 0xFFFD,
0x40FC, 0xFFFE,
0x40FE, 0x0000,
0x4100, 0x0000,
0x4102, 0xFFFF,
0x4104, 0x0000,
0x4106, 0x0001,
0x4108, 0x0000,
0x410A, 0x0003,
0x410C, 0x0007,
0x410E, 0x0005,
0x4110, 0xFFFF,
0x4112, 0xFFF3,
0x4114, 0xFFF7,
0x4116, 0xFFFB,
0x4118, 0xFFFB,
0x411A, 0xFFFC,
0x411C, 0xFFFC,
0x411E, 0xFFFE,
0x4120, 0xFFFF,
0x4122, 0xFFFF,
0x4124, 0x0000,
0x4126, 0xFFFE,
0x4128, 0x0000,
0x412A, 0x0002,
0x412C, 0x0006,
0x412E, 0x0005,
0x4130, 0x0003,
0x4132, 0xFFF1,
0x4134, 0xFFF9,
0x4136, 0xFFFB,
0x4138, 0xFFFC,
0x413A, 0xFFFE,
0x413C, 0xFFFD,
0x413E, 0xFFFD,
0x4140, 0xFFFE,
0x4142, 0xFFFE,
0x4144, 0xFFFF,
0x4146, 0x0000,
0x4148, 0x0000,
0x414A, 0x0002,
0x414C, 0x0007,
0x414E, 0x0004,
0x4150, 0x0000,
0x4152, 0xFFF3,
0x4154, 0xFFFC,
0x4156, 0xFFFF,
0x4158, 0xFFFF,
0x415A, 0x0000,
0x415C, 0x0001,
0x415E, 0x0003,
0x4160, 0x0003,
0x4162, 0x0004,
0x4164, 0x0004,
0x4166, 0x0005,
0x4168, 0x0005,
0x416A, 0x0008,
0x416C, 0x000A,
0x416E, 0x0008,
0x4170, 0x0005,
0x4172, 0xFFF8,
0x4174, 0x0001,
0x4176, 0x0003,
0x4178, 0x0006,
0x417A, 0x0007,
0x417C, 0x000A,
0x417E, 0x0007,
0x4180, 0x000B,
0x4182, 0x000B,
0x4184, 0x000C,
0x4186, 0x000F,
0x4188, 0x000F,
0x418A, 0x0010,
0x418C, 0x0016,
0x418E, 0x0014,
0x4190, 0x0010,
0xAACA, 0x0000,
0xB2E4, 0x0101,
0xB47A, 0x1000,
0xB47C, 0x0000,
0xB47E, 0x00F5,
0x1AD8, 0x0101,
0x1A4C, 0x0002,
0x1982, 0x0000,
0x7C30, 0x0000,
0x7C34, 0x0001,
0x7C36, 0xB308,
0x291A, 0x0000,
0x79F0, 0x0000,
0x9048, 0x0000,
0x904A, 0x0000,
0x904C, 0x0000,
0x904E, 0x0000,
0x9050, 0x0000,
0x9054, 0x0000,
0x9056, 0x0000,
0x9058, 0x0000,
0x905A, 0x0000,
0x0C14, 0x0000,
0x0C16, 0x0000,
0x0C18, 0x0000,
0x0C1A, 0x0000,
0xFCFC, 0x2000,
0x4BE2, 0x0000,
0x4BF4, 0x0200,
0x4C06, 0x0200,
0x51D4, 0x0000,
0x51D6, 0x0000,
0x51D8, 0x0000,
0x51DA, 0x0000,
0x51DC, 0x0000,
0x51DE, 0x0000,
0x51E0, 0x0000,
0x51E2, 0x0000,
0x4BE0, 0x0101,
0x4BEE, 0x01FF,
0x4C00, 0x0200,
0x4FF4, 0x0101,
0x4FF6, 0x0189,
0x4FF8, 0x4000,
0x4FFA, 0xFD1A,
0x4BF0, 0x003F,
0x4C02, 0x0040,
0x5094, 0x000B,
0x5096, 0x000C,
0x5098, 0x4000,
0x509A, 0xFD7C,
0x509C, 0x000B,
0x509E, 0x000C,
0x50A0, 0x4000,
0x50A2, 0xF33A,
0x50A4, 0x000B,
0x50A6, 0x000A,
0x50A8, 0x4000,
0x50AA, 0xFD8E,
0x50AC, 0x000A,
0x50AE, 0x0006,
0x50B0, 0x4000,
0x50B2, 0xE43E,
0xFCFC, 0x4000,
0x0B02, 0x0102,
0x0B04, 0x0011,
0x0BE2, 0x0000,
0x0BC2, 0x0000,
0x0BC4, 0x0000,
0x021E, 0x0000,
0x0228, 0x0100,
0x0722, 0x0800,
0xBA8C, 0x0000,
0xBA90, 0x0000,
0xFEFA, 0x0000,
0xFEFC, 0x0000,
0xF33A, 0x000C,
0xFD7C, 0x000C,
0xF338, 0x0022,
0xFD7A, 0x0022,
0xF31E, 0x001C,
0xF32A, 0x001C,
0xF320, 0x001C,
0xF32C, 0x001C,
0xFCFC, 0x2001,
0x0C04, 0x2E28,
0x0C0A, 0x2E28,
0x19E4, 0x0001,
0x2872, 0x0000,
0x26B2, 0xFDA2,
0x26B4, 0xFDA0,
0x26B6, 0x0040,
0x26C4, 0x001B,
0x26B8, 0x0080,
0x26C6, 0x001B,
0x26BA, 0x0100,
0x26C8, 0x0020,
0x26BC, 0x0200,
0x26CA, 0x001B,
0x26BE, 0x0400,
0x26CC, 0x0028,
0x26C0, 0x0800,
0x26CE, 0x002E,
0x26C2, 0x1000,
0x26D0, 0x0033,
0x26D2, 0x0033,
0x26B0, 0x0100,
0x2874, 0x0000,
0x2876, 0x0000,
0x2878, 0x0000,
0x2886, 0x0000,
0x2888, 0x0000,
0x288A, 0x0000,
0x2898, 0x0000,
0x289A, 0x0000,
0x289C, 0x0000,
0x28CE, 0x0000,
0x28D0, 0x0000,
0x28D2, 0x0000,
0x28AA, 0x0000,
0x28BC, 0x0000,
0x28AC, 0x0000,
0x28BE, 0x0000,
0x28AE, 0x0000,
0x28C0, 0x0000,
0xFCFC, 0x4001,
0x0606, 0x0024,
0x0608, 0x0014,
0x060A, 0x0034,
0xFCFC, 0x4000,
0x020C, 0x0000,
};                                                                                              
   
static u16 addr_data_pair_hs_video[] = {
0xFCFC, 0x4000,
0x6214, 0xFFFF,
0x6216, 0xFFFF,
0x6218, 0xFFFF,
0xA100, 0xFFFF,
0xFCFC, 0x4001,
0x0100, 0xFFFF,
0x2100, 0xFFFF,
0xFCFC, 0x4000,
0x8100, 0xFFFF,
0x621A, 0x0000,
0x621C, 0x0000,
0x6220, 0x0000,
0xA102, 0x0000,
0xFCFC, 0x4001,
0x0102, 0x0000,
0x2102, 0x0000,
0xFCFC, 0x4000,
0x8102, 0x0000,
0x0344, 0x01F0,
0x0348, 0x3DEF,
0x0346, 0x0710,
0x034A, 0x290F,
0x034C, 0x0780,
0x034E, 0x0438,
0x0340, 0x0578,
0x0342, 0x1740,
0x0900, 0x3388,
0x0380, 0x0008,
0x0382, 0x0008,
0x0384, 0x0008,
0x0386, 0x0008,
0x040C, 0x0000,
0x0400, 0x1010,
0x0408, 0x0100,
0x040A, 0x0100,
0x0350, 0x0000,
0x0352, 0x0004,
0x0136, 0x1800,
0x013E, 0x0000,
0x0304, 0x0003,
0x0306, 0x00FA,
0x030C, 0x0001,
0x030E, 0x0003,
0x0310, 0x00A0,
0x0312, 0x0000,
0x031A, 0x0003,
0x031C, 0x002D,
0x031E, 0x0002,
0x0B08, 0x0100,
0x0202, 0x0014,
0x022C, 0x0014,
0x0226, 0x0014,
0x0702, 0x0000,
0x0704, 0x0000,
0x0112, 0x0A0A,
0x0114, 0x0301,
0x0118, 0x0004,
0x011A, 0x0001,
0x011C, 0x0101,
0x0270, 0x2B2B,
0x0272, 0x2B10,
0x0260, 0x0001,
0x0262, 0x0200,
0x0264, 0x0102,
0x0266, 0x0000,
0x0274, 0x3030,       
0x0720, 0x0001,
0x0724, 0x0000,    
0x0728, 0x03C0,
0x072A, 0x010C, 
0x072C, 0x0000,    
0x072E, 0x0000,    
0xFCFC, 0x2001,
0x9000, 0x0200,
0x9082, 0x0100,   
0xFCFC, 0x2000,
0x14B8, 0x0000,
0x4294, 0xBA84,
0x4296, 0x0200,
0x4298, 0xBA86,
0x429A, 0x0400,
0x429C, 0xBA88,
0x429E, 0x0200,
0x42A0, 0xBA8A,
0x42A2, 0x0200,
0x42A4, 0x0000,
0x42A6, 0x0000,
0x42A8, 0x0000,
0x42AA, 0x0000,
0x42AC, 0x0000,
0x42AE, 0x0000,
0x42B0, 0x0000,
0x42B2, 0x0000,
0x42B4, 0x0000,
0x42B6, 0x0000,
0x42B8, 0x0000,
0x42BA, 0x0000,
0x42BC, 0xBA84,
0x42BE, 0x0200,
0x42C0, 0xBA86,
0x42C2, 0x0400,
0x42C4, 0xBA88,
0x42C6, 0x0200,
0x42C8, 0xBA8A,
0x42CA, 0x0200,
0x42CC, 0x0000,
0x42CE, 0x0000,
0x42D0, 0x0000,
0x42D2, 0x0000,
0x42D4, 0x0000,
0x42D6, 0x0000,
0x42D8, 0x0000,
0x42DA, 0x0000,
0x42DC, 0x0000,
0x42DE, 0x0000,
0x42E0, 0x0000,
0x42E2, 0x0000,
0x42E4, 0x0000,
0x42E6, 0x0000,
0x42E8, 0x0000,
0x42EA, 0x0000,
0x42EC, 0x0000,
0x42EE, 0x0000,
0x42F0, 0x0000,
0x42F2, 0x0000,
0x42F4, 0x0000,
0x42F6, 0x0000,
0x42F8, 0x0000,
0x42FA, 0x0000,
0x42FC, 0x0000,
0x42FE, 0x0000,
0x4300, 0x0000,
0x4302, 0x0000,
0x4304, 0x0000,
0x4306, 0x0000,
0x4308, 0x0000,
0x430A, 0x0000,
0x430C, 0x0000,
0x430E, 0x0000,
0x4310, 0x0000,
0x4312, 0x0000,
0x4320, 0x0000,
0x4322, 0x0000,
0x4324, 0x0000,
0x4326, 0x0000,
0x4328, 0x0000,
0x432A, 0x0000,
0x432C, 0x0000,
0x432E, 0x0000,
0x4330, 0x0000,
0x4332, 0x0000,
0x4334, 0x0000,
0x4336, 0x0000,
0x4338, 0x0000,
0x433A, 0x0000,
0x433C, 0x0000,
0x433E, 0x0000,
0x4340, 0x0000,
0x4342, 0x0000,
0x4348, 0x0000,
0x434A, 0x0000,
0x434C, 0x0000,
0x434E, 0x0000,
0x4350, 0x0000,
0x4352, 0x0000,
0x4354, 0x0000,
0x4356, 0x0000,
0x4358, 0x0000,
0x435A, 0x0000,
0x435C, 0x0000,
0x435E, 0x0000,
0x4360, 0x0000,
0x4362, 0x0000,
0x4364, 0x0000,
0x4366, 0x0000,
0x4368, 0x0000,
0x436A, 0x0000,
0x436C, 0x0000,
0x436E, 0x0000,
0x4378, 0x0000,
0x437A, 0x0000,
0x437C, 0x0000,
0x437E, 0x0000,
0x4380, 0x0000,
0x4382, 0x0000,
0x4384, 0x0000,
0x4386, 0x0000,
0x4388, 0x0000,
0x438A, 0x0000,
0x438C, 0x0000,
0x438E, 0x0000,
0x4390, 0x0000,
0x4392, 0x0000,
0x4394, 0x0000,
0x439A, 0x0000,
0x4398, 0x0000,
0x4396, 0x0000,
0x43AC, 0x0000,
0x43AE, 0x0000,
0x43B0, 0x0000,
0x43B2, 0x0000,
0x442A, 0x000A,
0x443A, 0x000E,
0x4428, 0x0000,
0x4438, 0x0004,
0x4424, 0x0014,
0x4434, 0x0014,
0x4432, 0x001F,
0x4442, 0x001F,
0x4430, 0x001A,
0x4440, 0x001A,
0x442C, 0x0024,
0x443C, 0x0024,
0xFCFC, 0x2001,
0x9270, 0x0000,
0x9306, 0x0400,
0x9308, 0x0400,
0x930A, 0x0400,
0x9D62, 0x0032,
0x9D64, 0x0032,
0x9D66, 0x0028,
0x9D68, 0x001E,
0x9D6A, 0x001E,
0x9D6C, 0x001E,
0x9D72, 0x0032,
0x9D74, 0x0032,
0x9D76, 0x0028,
0x9D78, 0x001E,
0x9D7A, 0x001E,
0x9D7C, 0x001E,
0x9D82, 0x0032,
0x9D84, 0x0032,
0x9D86, 0x0028,
0x9D88, 0x001E,
0x9D8A, 0x001E,
0x9D8C, 0x001E,
0x9D92, 0x0032,
0x9D94, 0x0032,
0x9D96, 0x0028,
0x9D98, 0x001E,
0x9D9A, 0x001E,
0x9D9C, 0x001E,
0x9DA2, 0x0050,
0x9DA4, 0x0032,
0x9DA6, 0x0032,
0x9DA8, 0x0028,
0x9DAA, 0x0028,
0x9DAC, 0x0028,
0x9DB2, 0x0001,
0x9DB4, 0x0001,
0x9DB6, 0x0001,
0x9DB8, 0x0001,
0x9DBA, 0x0001,
0x9DBC, 0x0001,
0x928C, 0x5C5C,
0x928E, 0x2F36,
0x9290, 0x6E68,
0x92A8, 0x0E00,
0x92B4, 0x303C,
0x9852, 0x070F,
0x9854, 0x070F,
0x9856, 0x0677,
0x9858, 0x05C3,
0x985A, 0x0534,
0x985C, 0x0534,
0x92D0, 0xFFFF,
0x92D2, 0xFFFF,
0x92D4, 0xFFFF,
0x92F4, 0xFFFF,
0x92F6, 0xFFFF,
0x92F8, 0xFFFF,
0x7DB2, 0x03FF,
0xFCFC, 0x4001,
0x246C, 0x0064,
0x246E, 0x0096,
0x2470, 0x0078,
0x2472, 0x0190,
0x2474, 0x0258,
0x2476, 0x0320,
0xFCFC, 0x2001,
0x94B6, 0x0258,
0x94B8, 0x0258,
0x94BA, 0x0258,
0x94BC, 0x0258,
0x94BE, 0x0258,
0x94C0, 0x0258,
0x94D2, 0x0091,
0x94D4, 0x0091,
0x94D6, 0x0091,
0x94D8, 0x0090,
0x94DA, 0x0090,
0x94DC, 0x0090,
0x94EE, 0x03FF,
0x94F0, 0x03FF,
0x94F2, 0x02ED,
0x94F4, 0x0300,
0x94F6, 0x0292,
0x94F8, 0x0292,
0x9276, 0x0101,
0x9278, 0x0101,
0x927A, 0x0109,
0x92E2, 0x00A3,
0x92E4, 0x00D2,
0x92E6, 0x012A,
0x92E8, 0x19E5,
0x92EA, 0x2073,
0x92EC, 0x200C,
0x988A, 0x0000,
0x988C, 0x0000,
0x988E, 0x0000,
0x9890, 0x0000,
0x9892, 0x0000,
0x9894, 0x0000,
0x9606, 0x0019,
0x9608, 0x0019,
0x960A, 0x001B,
0x960C, 0x001B,
0x960E, 0x001D,
0x9610, 0x001D,
0x9836, 0x0001,
0x9838, 0x0001,
0x983A, 0x0001,
0x983C, 0x0001,
0x983E, 0x0001,
0x9840, 0x0001,
0x1984, 0x0100,
0x19A2, 0x0100,
0x19F8, 0x0200,
0x19FA, 0x0800,
0x19E6, 0x0002,
0x19E8, 0x0008,
0x19EC, 0x0200,
0x19EE, 0x0400,
0x19F0, 0x0800,
0x235A, 0x0001,
0x235C, 0x0001,
0x2364, 0x0001,
0x2366, 0x0001,
0x2368, 0x0001,
0x236C, 0x0001,
0x236E, 0x0001,
0x231A, 0x0022,
0x2372, 0x0007,
0x2326, 0x0000,
0x2342, 0x0014,
0x232A, 0x0001,
0x2374, 0x0000,
0x238C, 0x0001,
0x2376, 0x0000,
0x238E, 0x0001,
0x2344, 0x0014,
0x232C, 0x0001,
0x237E, 0x0032,
0x2396, 0x008D,
0x234C, 0x0090,
0x2334, 0x02D0,
0x23A4, 0x0001,
0x2380, 0x0000,
0x2398, 0x0001,
0x234E, 0x0014,
0x2336, 0x0001,
0x2382, 0x0000,
0x239A, 0x0001,
0x2350, 0x0014,
0x2338, 0x0001,
0x2354, 0x0014,
0x233C, 0x0001,
0x2386, 0x0000,
0x239E, 0x0001,
0x3B22, 0x0100,
0x3A9E, 0x0202,
0x3AA0, 0x0101,
0x3B2C, 0x0040,
0x3AD4, 0x0101,
0x3AE6, 0x0000,
0x3AF2, 0x0014,
0x8180, 0x0001,
0x818E, 0x0780,
0x8190, 0x0438,
0x0AF2, 0x0C05,
0x0AF4, 0x0000,
0x0ACE, 0x0A28,
0x39B0, 0x0200,
0x399C, 0x0000,
0x399E, 0x0000,
0xBDC0, 0x0000,
0xBDC2, 0x0001,
0x2950, 0x0000,
0x3950, 0x8822,
0x3682, 0x0001,
0x3684, 0x0001,
0xB440, 0x0000,
0xA780, 0x0000,
0xA78C, 0x0C20,
0xA790, 0x0010,
0xA7AA, 0x0000,
0xA8EC, 0x0100,
0xA922, 0x0000,
0xA924, 0x0000,
0xA926, 0x0000,
0xA936, 0x0080,
0xA938, 0x0080,
0xA940, 0x0080,
0xA942, 0x0000,
0xA944, 0x0000,
0xA948, 0x0001,
0x1310, 0x00E4,
0x3BB0, 0x0204,
0x9350, 0x0100,
0x8A24, 0x0004,
0x8A26, 0x0004,
0x8A12, 0x0000,
0x918C, 0xFFFF,
0x8A18, 0x0000,
0x8A1A, 0x0000,
0x9064, 0x0201,
0x9066, 0x0101,
0x9068, 0x0100,
0x9070, 0x0804,
0x9072, 0x0404,
0x9074, 0x0402,
0x26FC, 0x0000,
0x271C, 0x0002,
0x2754, 0x0000,
0x2756, 0x0000,
0x2758, 0x0000,
0x275A, 0x0000,
0x204A, 0x0B82,
0x2052, 0x0072,
0x2054, 0x003A,
0x2078, 0x0809,
0x2204, 0x0220,
0x0E74, 0x030F,
0x0E76, 0x030F,
0x2766, 0x0001,
0x2726, 0x0507,
0x3A78, 0xFF01,
0x3A50, 0x0100,
0x897A, 0x0040,
0x8986, 0x0100,
0x898A, 0x2100,
0x899C, 0x2000,
0x89EA, 0x0200,
0x89EC, 0x0400,
0x89EE, 0x0200,
0x89F0, 0x0200,
0x897E, 0x0005,
0x8980, 0x0503,
0x8974, 0x0101,
0x291E, 0x0103,
0x9062, 0x03FF,
0x906E, 0x03FF,
0x9046, 0x077E,
0x3BB2, 0x0100,
0x3C42, 0x01A0,
0x3C44, 0x415F,
0x3C46, 0x00C4,
0x3C48, 0x30C3,
0x9080, 0x0004,
0x92FC, 0x0101,
0x0AC2, 0x0514,
0x20B6, 0x0003,
0x20B8, 0x0003,
0x20BA, 0x0003,
0x20BC, 0x0003,
0x20BE, 0x0003,
0x20C0, 0x0003,
0x20C2, 0x0003,
0x20C4, 0x0003,
0x20C6, 0x0003,
0x20C8, 0x0003,
0x0BEC, 0x0381,
0x0C42, 0x02C0,
0x2690, 0x02C0,
0x12D6, 0x996C,
0x12DC, 0x0100,
0x12D4, 0xA6FD,
0x0C50, 0x3CC7,
0x0C52, 0x7D3F,
0x0C5E, 0x0000,
0x26A8, 0x0022,
0x26A4, 0x0036,
0x26A6, 0x0036,
0x12DA, 0x2020,
0x0D14, 0x80F1,
0x0BDC, 0x0036,
0x0BE6, 0x8C40,
0x0BE8, 0xAC40,
0x0B52, 0x0E06,
0x0B56, 0x0E06,
0x0B58, 0x0606,
0x0B6A, 0x0206,
0x0B6E, 0x0206,
0x0B70, 0x0606,
0x0B82, 0x0202,
0x0B86, 0x0202,
0x0B88, 0x0202,
0x0BB2, 0x1313,
0x0BB8, 0x130B,
0x0BBA, 0x1313,
0x0BD0, 0x1313,
0x0BD2, 0x1313,
0x7DD4, 0x0100,
0x9090, 0x0100,
0x90A2, 0x0100,
0x9100, 0x0211,
0x9140, 0x0200,
0x9110, 0x0200,
0x0CC0, 0x0000,
0x0CC2, 0x0000,
0x0CCE, 0x0000,
0x0CE4, 0x0000,
0x0CFA, 0x0000,
0x1AD4, 0x0101,
0x1AD6, 0x0001,
0x2866, 0x0002,
0x3B28, 0x0105,
0x3B2A, 0x0000,
0x1316, 0x0010,
0x131A, 0x000A,
0x6DB2, 0x0100,
0x6DB4, 0x0420,
0x6DB6, 0x2400,
0x6DB8, 0x0000,
0x6DBA, 0x0000,
0x6DBC, 0x0000,
0x6DBE, 0x0000,
0x6DC0, 0x0000,
0x6DC2, 0x0000,
0x6DF2, 0x0000,
0x6DF4, 0x0000,
0x6E74, 0x0000,
0x6E76, 0x0420,
0x6E78, 0x2400,
0x6EB4, 0x0009,
0x6EB6, 0x0D29,
0x6EB8, 0x2D00,
0x6D70, 0x0001,
0x6D72, 0x0004,
0x6D74, 0x2024,
0x6D76, 0x0000,
0x6D78, 0x0000,
0x6D7A, 0x0000,
0x6D7C, 0x0000,
0x6D7E, 0x0000,
0x6D80, 0x0000,
0x6DF6, 0x0420,
0x6DF8, 0x2400,
0x6E34, 0x0009,
0x6E36, 0x0D29,
0x6E38, 0x2D00,
0x7162, 0x0000,
0x7164, 0x0000,
0x7166, 0x0000,
0x7168, 0x0000,
0x7172, 0x0000,
0x7174, 0x0000,
0x7176, 0x0000,
0x7178, 0x0000,
0x7182, 0x0000,
0x7184, 0x0000,
0x7186, 0x0000,
0x7188, 0x0000,
0x7192, 0x0000,
0x7194, 0x0000,
0x7196, 0x0000,
0x7198, 0x0000,
0x716A, 0x0000,
0x716C, 0x0000,
0x716E, 0x0000,
0x7170, 0x0000,
0x717A, 0x0000,
0x717C, 0x0000,
0x717E, 0x0000,
0x7180, 0x0000,
0x718A, 0x0000,
0x718C, 0x0000,
0x718E, 0x0000,
0x7190, 0x0000,
0x719A, 0x0000,
0x719C, 0x0000,
0x719E, 0x0000,
0x71A0, 0x0000,
0x71A2, 0x0000,
0x71A4, 0x0000,
0x71A6, 0x0000,
0x71A8, 0x0000,
0x71B2, 0x0000,
0x71B4, 0x0000,
0x71B6, 0x0000,
0x71B8, 0x0000,
0x71C2, 0x0000,
0x71C4, 0x0000,
0x71C6, 0x0000,
0x71C8, 0x0000,
0x71D2, 0x0000,
0x71D4, 0x0000,
0x71D6, 0x0000,
0x71D8, 0x0000,
0x71AA, 0x0000,
0x71AC, 0x0000,
0x71AE, 0x0000,
0x71B0, 0x0000,
0x71BA, 0x0000,
0x71BC, 0x0000,
0x71BE, 0x0000,
0x71C0, 0x0000,
0x71CA, 0x0000,
0x71CC, 0x0000,
0x71CE, 0x0000,
0x71D0, 0x0000,
0x71DA, 0x0000,
0x71DC, 0x0000,
0x71DE, 0x0000,
0x71E0, 0x0000,
0xB2F8, 0x0000,
0xB2FA, 0x0320,
0xB2FE, 0x0000,
0xB300, 0x0001,
0xB302, 0x0002,
0xB304, 0x0004,
0xB306, 0x0006,
0xB308, 0x0008,
0xB30A, 0x000A,
0xB30C, 0x000C,
0xB30E, 0x000F,
0xB310, 0x0012,
0xB312, 0x0016,
0xB314, 0x0021,
0xB316, 0x005A,
0xB318, 0x00C0,
0xB31A, 0x00F0,
0xB31C, 0x011C,
0xB31E, 0x0120,
0xB320, 0x0130,
0xB322, 0x02C0,
0xB324, 0x0320,
0xB326, 0x08C0,
0xB328, 0x16C0,
0xB32A, 0x3200,
0xB32C, 0x3FF0,
0xB32E, 0xFFFF,
0xB330, 0xFFFF,
0xB332, 0xFFFF,
0xB334, 0xFFFF,
0xB336, 0xFFFF,
0xB338, 0xFFFF,
0xB33A, 0xFFFF,
0xB33C, 0xFFFF,
0xB33E, 0x1263,
0xB340, 0x1263,
0xB342, 0x1252,
0xB344, 0x1231,
0xB346, 0x1211,
0xB348, 0x11F0,
0xB34A, 0x11CF,
0xB34C, 0x11AF,
0xB34E, 0x1180,
0xB350, 0x1165,
0xB352, 0x1140,
0xB354, 0x10FB,
0xB356, 0x1091,
0xB358, 0x1071,
0xB35A, 0x1063,
0xB35C, 0x1056,
0xB35E, 0x1055,
0xB360, 0x1052,
0xB362, 0x102C,
0xB364, 0x1028,
0xB366, 0x1012,
0xB368, 0x1001,
0xB36A, 0x1000,
0xB36C, 0x1000,
0xB36E, 0x1000,
0xB370, 0x1000,
0xB372, 0x1000,
0xB374, 0x1000,
0xB376, 0x1000,
0xB378, 0x1000,
0xB37A, 0x1000,
0xB37C, 0x1000,
0xB37E, 0x0D00,
0xB390, 0x1301,
0xB3E8, 0x1301,
0xFCFC, 0x2002,
0xA03E, 0x03FF,
0xA04A, 0x0000,
0xA08A, 0x0000,
0xA08C, 0x0000,
0xA08E, 0x007D,
0xA090, 0x007D,
0xA092, 0x007D,
0xA094, 0x007D,
0xA096, 0x007D,
0xA040, 0x0102,
0xFCFC, 0x2000,
0x4490, 0x0000,
0x4492, 0x0065,
0x5510, 0x0000,
0x5524, 0x0180,
0x5526, 0x0180,
0x428A, 0x00FF,
0x428C, 0xFFFF,
0x428E, 0xFFFF,
0x4290, 0xFFFF,
0x550A, 0x0102,
0x13A2, 0x0001,
0x5508, 0x4040,
0x14C4, 0x0001,
0x54AA, 0x0703,
0x54AC, 0x0508,
0x5426, 0x0100,
0x543E, 0x0000,
0x542A, 0x05DC,
0x538C, 0x0000,
0x538E, 0x0000,
0x538A, 0x0001,
0x4482, 0x0101,
0x4484, 0x0100,
0x12CA, 0x0002,
0x1320, 0x0101,
0x12EA, 0x0100,
0x12F0, 0x0100,
0x4486, 0x0001,
0x448A, 0x0100,
0x448C, 0x0101,
0x1348, 0x5000,
0x1352, 0x2008,
0x1366, 0x0100,
0x54BE, 0x0010,
0x54DC, 0x0144,
0x54C0, 0x0006,
0x54DE, 0x0036,
0x54C2, 0x0008,
0x54E0, 0x0010,
0x54C4, 0x0004,
0x54E2, 0x0010,
0x54C6, 0x0004,
0x54E4, 0x0010,
0x54C8, 0x0008,
0x54E6, 0x0006,
0x54CA, 0x0004,
0x54E8, 0x0006,
0x54CC, 0x0004,
0x54EA, 0x0006,
0x54CE, 0x0002,
0x54EC, 0x0010,
0x54D0, 0x0002,
0x54EE, 0x0006,
0x5556, 0x0010,
0x4BDC, 0x0100,
0x4BDE, 0x0001,
0x4BE6, 0x0200,
0x4BF8, 0x0201,
0x4BEA, 0x0020,
0x4BFC, 0x0020,
0x4BEC, 0x03FF,
0x4BFE, 0x0400,
0x4D74, 0x000F,
0x4D76, 0x0013,
0x4D78, 0x4000,
0x4D7A, 0xFD8E,
0x4BE8, 0x0200,
0x4BFA, 0x0200,
0x4E14, 0x0000,
0x4E16, 0x0000,
0x4E18, 0x0000,
0x4E1A, 0x0000,
0x4EB4, 0x0000,
0x4EB6, 0x0000,
0x4EB8, 0x0000,
0x4EBA, 0x0000,
0x4F54, 0x049B,
0x4F56, 0x0489,
0x4F58, 0x4000,
0x4F5A, 0xF300,
0x56DA, 0x004B,
0x56F2, 0x004B,
0x570A, 0x004B,
0x57CA, 0x0008,
0x5AFA, 0x006B,
0x5B2A, 0x005E,
0x6622, 0x0093,
0x7CEA, 0x0047,
0x7E82, 0x0002,
0x68F2, 0x0010,
0x6922, 0x0030,
0x5AB2, 0x002D,
0x660A, 0x0019,
0x7D92, 0x014F,
0x582A, 0x0008,
0x57B4, 0x0008,
0x57CC, 0x0008,
0x57FC, 0x0008,
0x582C, 0x0008,
0x5994, 0x001E,
0x5A24, 0x001E,
0x5AB4, 0x002D,
0x5AFC, 0x006B,
0x5B14, 0x006B,
0x5B2C, 0x005E,
0x5B44, 0x005E,
0x660C, 0x0019,
0x6624, 0x0093,
0x6654, 0x0093,
0x7CEC, 0x0047,
0x7D7C, 0x00AF,
0x7D94, 0x00A0,
0x7E84, 0x0002,
0x57BC, 0x0008,
0x57D4, 0x0010,
0x5804, 0x0022,
0x5834, 0x0028,
0x599C, 0x0190,
0x5A2C, 0x0190,
0x5ABC, 0x002D,
0x5B04, 0x009B,
0x5B1C, 0x009B,
0x5B34, 0x008E,
0x5B4C, 0x008E,
0x6614, 0x0019,
0x662C, 0x00B3,
0x665C, 0x00B3,
0x7CF4, 0x0057,
0x7D84, 0x00CF,
0x7D9C, 0x010B,
0x7E8C, 0x0002,
0x7EA4, 0x0057,
0x59FC, 0x0023,
0x59CC, 0x007D,
0x56E6, 0x004B,
0x56FE, 0x004B,
0x5716, 0x004B,
0x5836, 0x0008,
0x7CF6, 0x0047,
0x5B06, 0x006B,
0x5B1E, 0x006B,
0x5B36, 0x005E,
0x5B4E, 0x005E,
0x662E, 0x0093,
0x665E, 0x0093,
0x57D6, 0x0008,
0x5806, 0x0008,
0x599E, 0x001E,
0x59FE, 0x0023,
0x68FE, 0x0010,
0x6916, 0x0029,
0x692E, 0x0030,
0x7D9E, 0x00CB,
0x7D86, 0x00AF,
0x7EA6, 0x0047,
0x7EA8, 0x0047,
0x5838, 0x0008,
0x7CF8, 0x0047,
0x5B08, 0x006B,
0x5B20, 0x006B,
0x5B38, 0x005E,
0x5B50, 0x005E,
0x6630, 0x0093,
0x6660, 0x0093,
0x57D8, 0x0008,
0x5808, 0x0008,
0x5A00, 0x0023,
0x6900, 0x0010,
0x6918, 0x0029,
0x6930, 0x0030,
0x583C, 0x0008,
0x5A04, 0x0023,
0x5AC4, 0x0069,
0x5ADC, 0x0069,
0x661C, 0x0055,
0x6634, 0x0093,
0x664C, 0x0055,
0x6664, 0x0093,
0x5B0C, 0x006B,
0x5B24, 0x006B,
0x5B3C, 0x005E,
0x5B54, 0x005E,
0x6904, 0x0010,
0x691C, 0x0030,
0x6934, 0x0030,
0x7CFC, 0x0055,
0x7D14, 0x0055,
0x7D8C, 0x0118,
0x7DA4, 0x0131,
0x7DBC, 0x0131,
0x7EAC, 0x0055,
0x13A0, 0x0002,
0x5536, 0x1000,
0x1330, 0x29DE,
0x1334, 0x28FD,
0x137E, 0x14FF,
0x1464, 0x09C4,
0xFCFC, 0x2001,
0x26AA, 0x0000,
0x136A, 0x0043,
0x1372, 0x3308,
0x395A, 0x7F7F,
0x3FD8, 0x0100,
0x4C3C, 0x0000,
0x3FEC, 0x0400,
0x3FFE, 0x0608,
0x4004, 0x0006,
0x3FE2, 0x00FF,
0x4010, 0x0000,
0x3FD0, 0x0010,
0x3FD2, 0x000C,
0x3FE8, 0x20FF,
0x3FEA, 0xFF00,
0x4012, 0x0000,
0x4014, 0x0000,
0x4016, 0x0000,
0x4018, 0x0000,
0x401A, 0x0000,
0x401C, 0x0000,
0x401E, 0x0000,
0x4020, 0x0000,
0x4022, 0x0000,
0x4024, 0x0000,
0x4026, 0x0000,
0x4028, 0x0000,
0x402A, 0x0000,
0x402C, 0x0000,
0x402E, 0x0000,
0x4030, 0x0000,
0x4032, 0x0000,
0x4034, 0x0000,
0x4036, 0x0000,
0x4038, 0x0000,
0x403A, 0x0000,
0x403C, 0x0000,
0x403E, 0x0000,
0x4040, 0x0000,
0x4042, 0x0000,
0x4044, 0x0000,
0x4046, 0x0000,
0x4048, 0x0000,
0x404A, 0x0000,
0x404C, 0x0000,
0x404E, 0x0000,
0x4050, 0x0000,
0x4052, 0x0000,
0x4054, 0x0000,
0x4056, 0x0000,
0x4058, 0x0000,
0x405A, 0x0000,
0x405C, 0x0000,
0x405E, 0x0000,
0x4060, 0x0000,
0x4062, 0x0000,
0x4064, 0x0000,
0x4066, 0x0000,
0x4068, 0x0000,
0x406A, 0x0000,
0x406C, 0x0000,
0x406E, 0x0000,
0x4070, 0x0000,
0x4072, 0x0000,
0x4074, 0x0000,
0x4076, 0x0000,
0x4078, 0x0000,
0x407A, 0x0000,
0x407C, 0x0000,
0x407E, 0x0000,
0x4080, 0x0000,
0x4082, 0x0000,
0x4084, 0x0000,
0x4086, 0x0000,
0x4088, 0x0000,
0x408A, 0x0000,
0x408C, 0x0000,
0x408E, 0x0000,
0x4090, 0x0000,
0x4092, 0x0000,
0x4094, 0x0000,
0x4096, 0x0000,
0x4098, 0x0000,
0x409A, 0x0000,
0x409C, 0x0000,
0x409E, 0x0000,
0x40A0, 0x0000,
0x40A2, 0x0000,
0x40A4, 0x0000,
0x40A6, 0x0000,
0x40A8, 0x0000,
0x40AA, 0x0000,
0x40AC, 0x0000,
0x40AE, 0x0000,
0x40B0, 0x0000,
0x40B2, 0x0000,
0x40B4, 0x0000,
0x40B6, 0x0000,
0x40B8, 0x0000,
0x40BA, 0x0000,
0x40BC, 0x0000,
0x40BE, 0x0000,
0x40C0, 0x0000,
0x40C2, 0x0000,
0x40C4, 0x0000,
0x40C6, 0x0000,
0x40C8, 0x0000,
0x40CA, 0x0000,
0x40CC, 0x0000,
0x40CE, 0x0000,
0x40D0, 0x0000,
0x40D2, 0x0000,
0x40D4, 0x0000,
0x40D6, 0x0000,
0x40D8, 0x0000,
0x40DA, 0x0000,
0x40DC, 0x0000,
0x40DE, 0x0000,
0x40E0, 0x0000,
0x40E2, 0x0000,
0x40E4, 0x0000,
0x40E6, 0x0000,
0x40E8, 0x0000,
0x40EA, 0x0000,
0x40EC, 0x0000,
0x40EE, 0x0000,
0x40F0, 0x0000,
0x40F2, 0x0000,
0x40F4, 0x0000,
0x40F6, 0x0000,
0x40F8, 0x0000,
0x40FA, 0x0000,
0x40FC, 0x0000,
0x40FE, 0x0000,
0x4100, 0x0000,
0x4102, 0x0000,
0x4104, 0x0000,
0x4106, 0x0000,
0x4108, 0x0000,
0x410A, 0x0000,
0x410C, 0x0000,
0x410E, 0x0000,
0x4110, 0x0000,
0x4112, 0x0000,
0x4114, 0x0000,
0x4116, 0x0000,
0x4118, 0x0000,
0x411A, 0x0000,
0x411C, 0x0000,
0x411E, 0x0000,
0x4120, 0x0000,
0x4122, 0x0000,
0x4124, 0x0000,
0x4126, 0x0000,
0x4128, 0x0000,
0x412A, 0x0000,
0x412C, 0x0000,
0x412E, 0x0000,
0x4130, 0x0000,
0x4132, 0x0000,
0x4134, 0x0000,
0x4136, 0x0000,
0x4138, 0x0000,
0x413A, 0x0000,
0x413C, 0x0000,
0x413E, 0x0000,
0x4140, 0x0000,
0x4142, 0x0000,
0x4144, 0x0000,
0x4146, 0x0000,
0x4148, 0x0000,
0x414A, 0x0000,
0x414C, 0x0000,
0x414E, 0x0000,
0x4150, 0x0000,
0x4152, 0x0000,
0x4154, 0x0000,
0x4156, 0x0000,
0x4158, 0x0000,
0x415A, 0x0000,
0x415C, 0x0000,
0x415E, 0x0000,
0x4160, 0x0000,
0x4162, 0x0000,
0x4164, 0x0000,
0x4166, 0x0000,
0x4168, 0x0000,
0x416A, 0x0000,
0x416C, 0x0000,
0x416E, 0x0000,
0x4170, 0x0000,
0x4172, 0x0000,
0x4174, 0x0000,
0x4176, 0x0000,
0x4178, 0x0000,
0x417A, 0x0000,
0x417C, 0x0000,
0x417E, 0x0000,
0x4180, 0x0000,
0x4182, 0x0000,
0x4184, 0x0000,
0x4186, 0x0000,
0x4188, 0x0000,
0x418A, 0x0000,
0x418C, 0x0000,
0x418E, 0x0000,
0x4190, 0x0000,
0xAACA, 0x0000,
0xB2E4, 0x0101,
0xB47A, 0x1000,
0xB47C, 0x0000,
0xB47E, 0x00F5,
0x1AD8, 0x0101,
0x1A4C, 0x0002,
0x1982, 0x0000,
0x7C30, 0x0000,
0x7C34, 0x0001,
0x7C36, 0xB308,
0x291A, 0x0000,
0x79F0, 0x0000,
0x9048, 0x0000,
0x904A, 0x0000,
0x904C, 0x0000,
0x904E, 0x0000,
0x9050, 0x0000,
0x9054, 0x0000,
0x9056, 0x0000,
0x9058, 0x0000,
0x905A, 0x0000,
0x0C14, 0x0000,
0x0C16, 0x0000,
0x0C18, 0x0000,
0x0C1A, 0x0000,
0xFCFC, 0x2000,
0x4BE2, 0x0000,
0x4BF4, 0x0200,
0x4C06, 0x0200,
0x51D4, 0x0000,
0x51D6, 0x0000,
0x51D8, 0x0000,
0x51DA, 0x0000,
0x51DC, 0x0000,
0x51DE, 0x0000,
0x51E0, 0x0000,
0x51E2, 0x0000,
0x4BE0, 0x0000,
0x4BEE, 0x0000,
0x4C00, 0x0000,
0x4FF4, 0x0000,
0x4FF6, 0x0000,
0x4FF8, 0x0000,
0x4FFA, 0x0000,
0x4BF0, 0x0000,
0x4C02, 0x0000,
0x5094, 0x0000,
0x5096, 0x0000,
0x5098, 0x0000,
0x509A, 0x0000,
0x509C, 0x0000,
0x509E, 0x0000,
0x50A0, 0x0000,
0x50A2, 0x0000,
0x50A4, 0x0000,
0x50A6, 0x0000,
0x50A8, 0x0000,
0x50AA, 0x0000,
0x50AC, 0x0000,
0x50AE, 0x0000,
0x50B0, 0x0000,
0x50B2, 0x0000,
0xFCFC, 0x4000,
0x0B02, 0x0102,
0x0B04, 0x0011,
0x0BE2, 0x0000,
0x0BC2, 0x0000,
0x0BC4, 0x0000,
0x021E, 0x0000,
0x0228, 0x0100,
0x0722, 0x0800,
0xBA8C, 0x0000,
0xBA90, 0x0000,
0xFEFA, 0x0000,
0xFEFC, 0x0000,
0xF33A, 0x0008,
0xFD7C, 0x0008,
0xF338, 0x0022,
0xFD7A, 0x0022,
0xF31E, 0x0020,
0xF32A, 0x0020,
0xF320, 0x0020,
0xF32C, 0x0020,
0xFCFC, 0x2001,
0x0C04, 0x2E28,
0x0C0A, 0x2E28,
0x19E4, 0x0001,
0x2872, 0x0000,
0x26B2, 0xFDA2,
0x26B4, 0xFDA0,
0x26B6, 0x0040,
0x26C4, 0x001B,
0x26B8, 0x0080,
0x26C6, 0x001B,
0x26BA, 0x0100,
0x26C8, 0x0020,
0x26BC, 0x0200,
0x26CA, 0x001B,
0x26BE, 0x0400,
0x26CC, 0x0020,
0x26C0, 0x0800,
0x26CE, 0x002A,
0x26C2, 0x1000,
0x26D0, 0x002D,
0x26D2, 0x002D,
0x26B0, 0x0100,
0x2874, 0x0000,
0x2876, 0x0000,
0x2878, 0x0000,
0x2886, 0x0000,
0x2888, 0x0000,
0x288A, 0x0000,
0x2898, 0x0020,
0x289A, 0x0020,
0x289C, 0x0020,
0x28CE, 0x0000,
0x28D0, 0x0000,
0x28D2, 0x0000,
0x28AA, 0x0000,
0x28BC, 0x0000,
0x28AC, 0x0000,
0x28BE, 0x0000,
0x28AE, 0x0000,
0x28C0, 0x0000,
0xFCFC, 0x4001,
0x0606, 0x0024,
0x0608, 0x0014,
0x060A, 0x0034,
0xFCFC, 0x4000,
0x020C, 0x0000,
};


static u16 addr_data_pair_slim_video[] = {
0xFCFC, 0x4000,
0x6214, 0xFFFF,
0x6216, 0xFFFF,
0x6218, 0xFFFF,
0xA100, 0xFFFF,
0xFCFC, 0x4001,
0x0100, 0xFFFF,
0x2100, 0xFFFF,
0xFCFC, 0x4000,
0x8100, 0xFFFF,
0x621A, 0x0000,
0x621C, 0x0000,
0x6220, 0x0000,
0xA102, 0x0000,
0xFCFC, 0x4001,
0x0102, 0x0000,
0x2102, 0x0000,
0xFCFC, 0x4000,
0x8102, 0x0000,
0x0344, 0x0010,
0x0348, 0x3FCF,
0x0346, 0x0010,
0x034A, 0x300F,
0x034C, 0x0FF0,
0x034E, 0x0C00,
0x0340, 0x18C0,
0x0342, 0x28A0,
0x0900, 0x3244,
0x0380, 0x0004,
0x0382, 0x0004,
0x0384, 0x0004,
0x0386, 0x0004,
0x040C, 0x0000,
0x0400, 0x1010,
0x0408, 0x0100,
0x040A, 0x0100,
0x0350, 0x0000,
0x0352, 0x0000,
0x0136, 0x1800,
0x013E, 0x0000,
0x0304, 0x0003,
0x0306, 0x00FA,
0x030C, 0x0001,
0x030E, 0x0003,
0x0310, 0x00FC,
0x0312, 0x0001,
0x031A, 0x0003,
0x031C, 0x002D,
0x031E, 0x0002,
0x0B08, 0x0100,
0x0202, 0x0014,
0x022C, 0x0014,
0x0226, 0x0014,
0x0702, 0x0000,
0x0704, 0x0000,
0x0112, 0x0A0A,
0x0114, 0x0301,
0x0118, 0x0004,
0x011A, 0x0001,
0x011C, 0x0101,
0x0270, 0x2B2B,   
0x0272, 0x2B10,
0x0260, 0x0001,
0x0262, 0x0200,
0x0264, 0x0102,
0x0266, 0x0000,
0x0274, 0x3030,   
0x0720, 0x0001,
0x0724, 0x0000,   
0x0728, 0x07F8,
0x072A, 0x0300,
0x072C, 0x0000,   
0x072E, 0x0000,   
0xFCFC, 0x2001,
0x9000, 0x0200,
0x9082, 0x0100,     
0xFCFC, 0x2000,
0x14B8, 0x0000,
0x4294, 0xBA84,
0x4296, 0x0200,
0x4298, 0xBA86,
0x429A, 0x0400,
0x429C, 0xBA88,
0x429E, 0x0200,
0x42A0, 0xBA8A,
0x42A2, 0x0200,
0x42A4, 0x0000,
0x42A6, 0x0000,
0x42A8, 0x0000,
0x42AA, 0x0000,
0x42AC, 0x0000,
0x42AE, 0x0000,
0x42B0, 0x0000,
0x42B2, 0x0000,
0x42B4, 0x0000,
0x42B6, 0x0000,
0x42B8, 0x0000,
0x42BA, 0x0000,
0x42BC, 0xBA84,
0x42BE, 0x0200,
0x42C0, 0xBA86,
0x42C2, 0x0400,
0x42C4, 0xBA88,
0x42C6, 0x0200,
0x42C8, 0xBA8A,
0x42CA, 0x0200,
0x42CC, 0x0000,
0x42CE, 0x0000,
0x42D0, 0x0000,
0x42D2, 0x0000,
0x42D4, 0x0000,
0x42D6, 0x0000,
0x42D8, 0x0000,
0x42DA, 0x0000,
0x42DC, 0x0000,
0x42DE, 0x0000,
0x42E0, 0x0000,
0x42E2, 0x0000,
0x42E4, 0x0000,
0x42E6, 0x0000,
0x42E8, 0x0000,
0x42EA, 0x0000,
0x42EC, 0x0000,
0x42EE, 0x0000,
0x42F0, 0x0000,
0x42F2, 0x0000,
0x42F4, 0x0000,
0x42F6, 0x0000,
0x42F8, 0x0000,
0x42FA, 0x0000,
0x42FC, 0x0000,
0x42FE, 0x0000,
0x4300, 0x0000,
0x4302, 0x0000,
0x4304, 0x0000,
0x4306, 0x0000,
0x4308, 0x0000,
0x430A, 0x0000,
0x430C, 0x0000,
0x430E, 0x0000,
0x4310, 0x0000,
0x4312, 0x0000,
0x4320, 0x0000,
0x4322, 0x0000,
0x4324, 0x0000,
0x4326, 0x0000,
0x4328, 0x0000,
0x432A, 0x0000,
0x432C, 0x0000,
0x432E, 0x0000,
0x4330, 0x0000,
0x4332, 0x0000,
0x4334, 0x0000,
0x4336, 0x0000,
0x4338, 0x0000,
0x433A, 0x0000,
0x433C, 0x0000,
0x433E, 0x0000,
0x4340, 0x0000,
0x4342, 0x0000,
0x4348, 0x0000,
0x434A, 0x0000,
0x434C, 0x0000,
0x434E, 0x0000,
0x4350, 0x0000,
0x4352, 0x0000,
0x4354, 0x0000,
0x4356, 0x0000,
0x4358, 0x0000,
0x435A, 0x0000,
0x435C, 0x0000,
0x435E, 0x0000,
0x4360, 0x0000,
0x4362, 0x0000,
0x4364, 0x0000,
0x4366, 0x0000,
0x4368, 0x0000,
0x436A, 0x0000,
0x436C, 0x0000,
0x436E, 0x0000,
0x4378, 0x0000,
0x437A, 0x0000,
0x437C, 0x0000,
0x437E, 0x0000,
0x4380, 0x0000,
0x4382, 0x0000,
0x4384, 0x0000,
0x4386, 0x0000,
0x4388, 0x0000,
0x438A, 0x0000,
0x438C, 0x0000,
0x438E, 0x0000,
0x4390, 0x0000,
0x4392, 0x0000,
0x4394, 0x0000,
0x439A, 0x0000,
0x4398, 0x0000,
0x4396, 0x0000,
0x43AC, 0x0000,
0x43AE, 0x0000,
0x43B0, 0x0000,
0x43B2, 0x0000,
0x442A, 0x000A,
0x443A, 0x000E,
0x4428, 0x0000,
0x4438, 0x0004,
0x4424, 0x0014,
0x4434, 0x0014,
0x4432, 0x001F,
0x4442, 0x001F,
0x4430, 0x001A,
0x4440, 0x001A,
0x442C, 0x0024,
0x443C, 0x0024,
0xFCFC, 0x2001,
0x9270, 0x0000,
0x9306, 0x0400,
0x9308, 0x0400,
0x930A, 0x0400,
0x9D62, 0x0032,
0x9D64, 0x0032,
0x9D66, 0x0028,
0x9D68, 0x001E,
0x9D6A, 0x001E,
0x9D6C, 0x001E,
0x9D72, 0x0032,
0x9D74, 0x0032,
0x9D76, 0x0028,
0x9D78, 0x001E,
0x9D7A, 0x001E,
0x9D7C, 0x001E,
0x9D82, 0x0032,
0x9D84, 0x0032,
0x9D86, 0x0028,
0x9D88, 0x001E,
0x9D8A, 0x001E,
0x9D8C, 0x001E,
0x9D92, 0x0032,
0x9D94, 0x0032,
0x9D96, 0x0028,
0x9D98, 0x001E,
0x9D9A, 0x001E,
0x9D9C, 0x001E,
0x9DA2, 0x0050,
0x9DA4, 0x0032,
0x9DA6, 0x0032,
0x9DA8, 0x0028,
0x9DAA, 0x0028,
0x9DAC, 0x0028,
0x9DB2, 0x0001,
0x9DB4, 0x0001,
0x9DB6, 0x0001,
0x9DB8, 0x0001,
0x9DBA, 0x0001,
0x9DBC, 0x0001,
0x928C, 0x5C5C,
0x928E, 0x2F36,
0x9290, 0x6E68,
0x92A8, 0x0E00,
0x92B4, 0x303C,
0x9852, 0x070F,
0x9854, 0x070F,
0x9856, 0x0677,
0x9858, 0x05C3,
0x985A, 0x0534,
0x985C, 0x0534,
0x92D0, 0xFFFF,
0x92D2, 0xFFFF,
0x92D4, 0xFFFF,
0x92F4, 0xFFFF,
0x92F6, 0xFFFF,
0x92F8, 0xFFFF,
0x7DB2, 0x03FF,
0xFCFC, 0x4001,
0x246C, 0x0064,
0x246E, 0x0096,
0x2470, 0x0078,
0x2472, 0x0190,
0x2474, 0x0258,
0x2476, 0x0320,
0xFCFC, 0x2001,
0x94B6, 0x0258,
0x94B8, 0x0258,
0x94BA, 0x0258,
0x94BC, 0x0258,
0x94BE, 0x0258,
0x94C0, 0x0258,
0x94D2, 0x0091,
0x94D4, 0x0091,
0x94D6, 0x0091,
0x94D8, 0x0090,
0x94DA, 0x0090,
0x94DC, 0x0090,
0x94EE, 0x03FF,
0x94F0, 0x03FF,
0x94F2, 0x02ED,
0x94F4, 0x0300,
0x94F6, 0x0292,
0x94F8, 0x0292,
0x9276, 0x0101,
0x9278, 0x0101,
0x927A, 0x0109,
0x92E2, 0x00A3,
0x92E4, 0x00D2,
0x92E6, 0x012A,
0x92E8, 0x19E5,
0x92EA, 0x2073,
0x92EC, 0x200C,
0x988A, 0x0000,
0x988C, 0x0000,
0x988E, 0x0000,
0x9890, 0x0000,
0x9892, 0x0000,
0x9894, 0x0000,
0x9606, 0x0019,
0x9608, 0x0019,
0x960A, 0x001B,
0x960C, 0x001B,
0x960E, 0x001D,
0x9610, 0x001D,
0x9836, 0x0001,
0x9838, 0x0001,
0x983A, 0x0001,
0x983C, 0x0001,
0x983E, 0x0001,
0x9840, 0x0001,
0x1984, 0x0100,
0x19A2, 0x0100,
0x19F8, 0x0200,
0x19FA, 0x0800,
0x19E6, 0x0002,
0x19E8, 0x0008,
0x19EC, 0x0200,
0x19EE, 0x0400,
0x19F0, 0x0800,
0x235A, 0x0001,
0x235C, 0x0001,
0x2364, 0x0001,
0x2366, 0x0001,
0x2368, 0x0001,
0x236C, 0x0001,
0x236E, 0x0001,
0x231A, 0x0022,
0x2372, 0x000A,
0x2326, 0x0000,
0x2342, 0x0014,
0x232A, 0x0001,
0x2374, 0x0000,
0x238C, 0x0001,
0x2376, 0x0000,
0x238E, 0x0001,
0x2344, 0x0014,
0x232C, 0x0001,
0x237E, 0x0000,
0x2396, 0x0001,
0x234C, 0x0014,
0x2334, 0x0001,
0x23A4, 0x0000,
0x2380, 0x0042,
0x2398, 0x00D8,
0x234E, 0x0084,
0x2336, 0x00C0,
0x2382, 0x0000,
0x239A, 0x0001,
0x2350, 0x0014,
0x2338, 0x0001,
0x2354, 0x0014,
0x233C, 0x0001,
0x2386, 0x0000,
0x239E, 0x0001,
0x3B22, 0x0100,
0x3A9E, 0x0202,
0x3AA0, 0x0101,
0x3B2C, 0x0040,
0x3AD4, 0x0101,
0x3AE6, 0x0000,
0x3AF2, 0x0014,
0x8180, 0x0001,
0x818E, 0x0FF0,
0x8190, 0x0C00,
0x0AF2, 0x0C06,
0x0AF4, 0x0100,
0x0ACE, 0x0A28,
0x39B0, 0x0200,
0x399C, 0x0000,
0x399E, 0x0000,
0xBDC0, 0x0000,
0xBDC2, 0x0001,
0x2950, 0x0000,
0x3950, 0x8822,
0x3682, 0x0001,
0x3684, 0x0001,
0xB440, 0x0000,
0xA780, 0x0000,
0xA78C, 0x0020,
0xA790, 0x0010,
0xA7AA, 0x0000,
0xA8EC, 0x0000,
0xA922, 0x0009,
0xA924, 0x0000,
0xA926, 0x0000,
0xA936, 0x0000,
0xA938, 0x0000,
0xA940, 0x1020,
0xA942, 0x0000,
0xA944, 0x0000,
0xA948, 0x0000,
0x1310, 0x00E4,
0x3BB0, 0x0204,
0x9350, 0x0100,
0x8A24, 0x0001,
0x8A26, 0x0001,
0x8A12, 0x0101,
0x918C, 0xFFFF,
0x8A18, 0x0000,
0x8A1A, 0x0000,
0x9064, 0x0201,
0x9066, 0x0101,
0x9068, 0x0100,
0x9070, 0x0804,
0x9072, 0x0404,
0x9074, 0x0402,
0x26FC, 0x0000,
0x271C, 0x0002,
0x2754, 0x0000,
0x2756, 0x0000,
0x2758, 0x0000,
0x275A, 0x0000,
0x204A, 0x0B82,
0x2052, 0x0072,
0x2054, 0x003A,
0x2078, 0x0809,
0x2204, 0x0220,
0x0E74, 0x030F,
0x0E76, 0x030F,
0x2766, 0x0001,
0x2726, 0x0507,
0x3A78, 0xFF01,
0x3A50, 0x0100,
0x897A, 0x0040,
0x8986, 0x0100,
0x898A, 0x2100,
0x899C, 0x2000,
0x89EA, 0x0200,
0x89EC, 0x0400,
0x89EE, 0x0200,
0x89F0, 0x0200,
0x897E, 0x0005,
0x8980, 0x0503,
0x8974, 0x0101,
0x291E, 0x0103,
0x9062, 0x03FF,
0x906E, 0x03FF,
0x9046, 0x077E,
0x3BB2, 0x0100,
0x3C42, 0x01A0,
0x3C44, 0x415F,
0x3C46, 0x00C4,
0x3C48, 0x30C3,
0x9080, 0x0000,
0x92FC, 0x0101,
0x0AC2, 0x0514,
0x20B6, 0x0003,
0x20B8, 0x0003,
0x20BA, 0x0003,
0x20BC, 0x0003,
0x20BE, 0x0003,
0x20C0, 0x0003,
0x20C2, 0x0003,
0x20C4, 0x0003,
0x20C6, 0x0003,
0x20C8, 0x0003,
0x0BEC, 0x0381,
0x0C42, 0x03C0,
0x2690, 0x03C0,
0x12D6, 0x98EC,
0x12DC, 0x0189,
0x12D4, 0xA6FD,
0x0C50, 0x3CC7,
0x0C52, 0x7D3F,
0x0C5E, 0x0000,
0x26A8, 0x0022,
0x26A4, 0x0036,
0x26A6, 0x0036,
0x12DA, 0x2020,
0x0D14, 0x80F1,
0x0BDC, 0x0034,
0x0BE6, 0x8C40,
0x0BE8, 0xAC40,
0x0B52, 0x0E06,
0x0B56, 0x0E06,
0x0B58, 0x0606,
0x0B6A, 0x0206,
0x0B6E, 0x0206,
0x0B70, 0x0606,
0x0B82, 0x0202,
0x0B86, 0x0202,
0x0B88, 0x0202,
0x0BB2, 0x1313,
0x0BB8, 0x0A0B,
0x0BBA, 0x1313,
0x0BD0, 0x0A13,
0x0BD2, 0x1313,
0x7DD4, 0x0100,
0x9090, 0x0100,
0x90A2, 0x0100,
0x9100, 0x0211,
0x9140, 0x0200,
0x9110, 0x0200,
0x0CC0, 0x0101,
0x0CC2, 0x0100,
0x0CCE, 0x0028,
0x0CE4, 0x0028,
0x0CFA, 0x0028,
0x1AD4, 0x0101,
0x1AD6, 0x0001,
0x2866, 0x0002,
0x3B28, 0x0106,
0x3B2A, 0x0000,
0x1316, 0x0010,
0x131A, 0x000A,
0x6DB2, 0x0100,
0x6DB4, 0x0420,
0x6DB6, 0x2400,
0x6DB8, 0x0000,
0x6DBA, 0x0000,
0x6DBC, 0x0000,
0x6DBE, 0x0000,
0x6DC0, 0x0000,
0x6DC2, 0x0000,
0x6DF2, 0x0000,
0x6DF4, 0x0000,
0x6E74, 0x0000,
0x6E76, 0x0420,
0x6E78, 0x2400,
0x6EB4, 0x0009,
0x6EB6, 0x0D29,
0x6EB8, 0x2D00,
0x6D70, 0x0001,
0x6D72, 0x0004,
0x6D74, 0x2024,
0x6D76, 0x0000,
0x6D78, 0x0000,
0x6D7A, 0x0000,
0x6D7C, 0x0000,
0x6D7E, 0x0000,
0x6D80, 0x0000,
0x6DF6, 0x0420,
0x6DF8, 0x2400,
0x6E34, 0x0009,
0x6E36, 0x0D29,
0x6E38, 0x2D00,
0x7162, 0x0000,
0x7164, 0x0000,
0x7166, 0x0000,
0x7168, 0x0000,
0x7172, 0x0000,
0x7174, 0x0000,
0x7176, 0x0000,
0x7178, 0x0000,
0x7182, 0x0000,
0x7184, 0x0000,
0x7186, 0x0000,
0x7188, 0x0000,
0x7192, 0x0000,
0x7194, 0x0000,
0x7196, 0x0000,
0x7198, 0x0000,
0x716A, 0x0000,
0x716C, 0x0000,
0x716E, 0x0000,
0x7170, 0x0000,
0x717A, 0x0000,
0x717C, 0x0000,
0x717E, 0x0000,
0x7180, 0x0000,
0x718A, 0x0000,
0x718C, 0x0000,
0x718E, 0x0000,
0x7190, 0x0000,
0x719A, 0x0000,
0x719C, 0x0000,
0x719E, 0x0000,
0x71A0, 0x0000,
0x71A2, 0x0000,
0x71A4, 0x0000,
0x71A6, 0x0000,
0x71A8, 0x0000,
0x71B2, 0x0000,
0x71B4, 0x0000,
0x71B6, 0x0000,
0x71B8, 0x0000,
0x71C2, 0x0000,
0x71C4, 0x0000,
0x71C6, 0x0000,
0x71C8, 0x0000,
0x71D2, 0x0000,
0x71D4, 0x0000,
0x71D6, 0x0000,
0x71D8, 0x0000,
0x71AA, 0x0000,
0x71AC, 0x0000,
0x71AE, 0x0000,
0x71B0, 0x0000,
0x71BA, 0x0000,
0x71BC, 0x0000,
0x71BE, 0x0000,
0x71C0, 0x0000,
0x71CA, 0x0000,
0x71CC, 0x0000,
0x71CE, 0x0000,
0x71D0, 0x0000,
0x71DA, 0x0000,
0x71DC, 0x0000,
0x71DE, 0x0000,
0x71E0, 0x0000,
0xB2F8, 0x0000,
0xB2FA, 0x0320,
0xB2FE, 0x0000,
0xB300, 0x0001,
0xB302, 0x0002,
0xB304, 0x0004,
0xB306, 0x0006,
0xB308, 0x0008,
0xB30A, 0x000A,
0xB30C, 0x000C,
0xB30E, 0x000F,
0xB310, 0x0012,
0xB312, 0x0016,
0xB314, 0x0021,
0xB316, 0x005A,
0xB318, 0x00C0,
0xB31A, 0x00F0,
0xB31C, 0x011C,
0xB31E, 0x0120,
0xB320, 0x0130,
0xB322, 0x02C0,
0xB324, 0x0320,
0xB326, 0x08C0,
0xB328, 0x16C0,
0xB32A, 0x3200,
0xB32C, 0x3FF0,
0xB32E, 0xFFFF,
0xB330, 0xFFFF,
0xB332, 0xFFFF,
0xB334, 0xFFFF,
0xB336, 0xFFFF,
0xB338, 0xFFFF,
0xB33A, 0xFFFF,
0xB33C, 0xFFFF,
0xB33E, 0x1263,
0xB340, 0x1263,
0xB342, 0x1252,
0xB344, 0x1231,
0xB346, 0x1211,
0xB348, 0x11F0,
0xB34A, 0x11CF,
0xB34C, 0x11AF,
0xB34E, 0x1180,
0xB350, 0x1165,
0xB352, 0x1140,
0xB354, 0x10FB,
0xB356, 0x1091,
0xB358, 0x1071,
0xB35A, 0x1063,
0xB35C, 0x1056,
0xB35E, 0x1055,
0xB360, 0x1052,
0xB362, 0x102C,
0xB364, 0x1028,
0xB366, 0x1012,
0xB368, 0x1001,
0xB36A, 0x1000,
0xB36C, 0x1000,
0xB36E, 0x1000,
0xB370, 0x1000,
0xB372, 0x1000,
0xB374, 0x1000,
0xB376, 0x1000,
0xB378, 0x1000,
0xB37A, 0x1000,
0xB37C, 0x1000,
0xB37E, 0x0D00,
0xB390, 0x1301,
0xB3E8, 0x1301,
0xFCFC, 0x2002,
0xA03E, 0x002F,
0xA04A, 0x0000,
0xA08A, 0x0000,
0xA08C, 0x0000,
0xA08E, 0x007D,
0xA090, 0x007D,
0xA092, 0x007D,
0xA094, 0x007D,
0xA096, 0x007D,
0xA040, 0x0102,
0xFCFC, 0x2000,
0x4490, 0x0000,
0x4492, 0x0065,
0x5510, 0x0000,
0x5524, 0x0180,
0x5526, 0x0180,
0x428A, 0x00FF,
0x428C, 0xFFFF,
0x428E, 0xFFFF,
0x4290, 0xFFFF,
0x550A, 0x0102,
0x13A2, 0x0101,
0x5508, 0x4040,
0x14C4, 0x0001,
0x54AA, 0x0703,
0x54AC, 0x0508,
0x5426, 0x0100,
0x543E, 0x0000,
0x542A, 0x05DC,
0x538C, 0x0000,
0x538E, 0x0000,
0x538A, 0x0001,
0x4482, 0x0101,
0x4484, 0x0100,
0x12CA, 0x0002,
0x1320, 0x0101,
0x12EA, 0x0100,
0x12F0, 0x0100,
0x4486, 0x0001,
0x448A, 0x0100,
0x448C, 0x0101,
0x1348, 0x5000,
0x1352, 0x8300,
0x1366, 0x0100,
0x54BE, 0x0010,
0x54DC, 0x0144,
0x54C0, 0x0004,
0x54DE, 0x0036,
0x54C2, 0x0004,
0x54E0, 0x0010,
0x54C4, 0x0002,
0x54E2, 0x0010,
0x54C6, 0x0002,
0x54E4, 0x0010,
0x54C8, 0x0004,
0x54E6, 0x0006,
0x54CA, 0x0002,
0x54E8, 0x0006,
0x54CC, 0x0002,
0x54EA, 0x0006,
0x54CE, 0x0002,
0x54EC, 0x0010,
0x54D0, 0x0002,
0x54EE, 0x0006,
0x5556, 0x0010,
0x4BDC, 0x0000,
0x4BDE, 0x0001,
0x4BE6, 0x0200,
0x4BF8, 0x0200,
0x4BEA, 0x0400,
0x4BFC, 0x0401,
0x4BEC, 0x03FF,
0x4BFE, 0x0400,
0x4D74, 0x0000,
0x4D76, 0x0000,
0x4D78, 0x0000,
0x4D7A, 0x0000,
0x4BE8, 0x0200,
0x4BFA, 0x0200,
0x4E14, 0x0000,
0x4E16, 0x0000,
0x4E18, 0x0000,
0x4E1A, 0x0000,
0x4EB4, 0x0009,
0x4EB6, 0x000A,
0x4EB8, 0x4000,
0x4EBA, 0xEF56,
0x4F54, 0x049B,
0x4F56, 0x049B,
0x4F58, 0x4000,
0x4F5A, 0xF300,
0x56DA, 0x004B,
0x56F2, 0x004B,
0x570A, 0x004B,
0x57CA, 0x0008,
0x5AFA, 0x006B,
0x5B2A, 0x005E,
0x6622, 0x0093,
0x7CEA, 0x0047,
0x7E82, 0x0002,
0x68F2, 0x0010,
0x6922, 0x0030,
0x5AB2, 0x002D,
0x660A, 0x0019,
0x7D92, 0x014F,
0x582A, 0x0008,
0x57B4, 0x0008,
0x57CC, 0x0008,
0x57FC, 0x0008,
0x582C, 0x0008,
0x5994, 0x001E,
0x5A24, 0x001E,
0x5AB4, 0x002D,
0x5AFC, 0x006B,
0x5B14, 0x006B,
0x5B2C, 0x005E,
0x5B44, 0x005E,
0x660C, 0x0019,
0x6624, 0x0093,
0x6654, 0x0093,
0x7CEC, 0x0047,
0x7D7C, 0x00AF,
0x7D94, 0x00A0,
0x7E84, 0x0002,
0x57BC, 0x0008,
0x57D4, 0x0008,
0x5804, 0x0008,
0x5834, 0x0008,
0x599C, 0x001E,
0x5A2C, 0x001E,
0x5ABC, 0x002D,
0x5B04, 0x006B,
0x5B1C, 0x006B,
0x5B34, 0x005E,
0x5B4C, 0x005E,
0x6614, 0x0019,
0x662C, 0x0093,
0x665C, 0x0093,
0x7CF4, 0x0047,
0x7D84, 0x00AF,
0x7D9C, 0x00CB,
0x7E8C, 0x0002,
0x7EA4, 0x0047,
0x59FC, 0x0023,
0x59CC, 0x007D,
0x56E6, 0x0058,
0x56FE, 0x0058,
0x5716, 0x0058,
0x5836, 0x0028,
0x7CF6, 0x0067,
0x5B06, 0x009B,
0x5B1E, 0x009B,
0x5B36, 0x008E,
0x5B4E, 0x008E,
0x662E, 0x00B3,
0x665E, 0x00B3,
0x57D6, 0x0010,
0x5806, 0x0022,
0x599E, 0x02E4,
0x59FE, 0x0023,
0x68FE, 0x0017,
0x6916, 0x002E,
0x692E, 0x0035,
0x7D9E, 0x011B,
0x7D86, 0x00CF,
0x7EA6, 0x0067,
0x7EA8, 0x0047,
0x5838, 0x0008,
0x7CF8, 0x0047,
0x5B08, 0x006B,
0x5B20, 0x006B,
0x5B38, 0x005E,
0x5B50, 0x005E,
0x6630, 0x0093,
0x6660, 0x0093,
0x57D8, 0x0008,
0x5808, 0x0008,
0x5A00, 0x0023,
0x6900, 0x0010,
0x6918, 0x0029,
0x6930, 0x0030,
0x583C, 0x0008,
0x5A04, 0x0023,
0x5AC4, 0x0069,
0x5ADC, 0x0069,
0x661C, 0x0055,
0x6634, 0x0093,
0x664C, 0x0055,
0x6664, 0x0093,
0x5B0C, 0x006B,
0x5B24, 0x006B,
0x5B3C, 0x005E,
0x5B54, 0x005E,
0x6904, 0x0010,
0x691C, 0x0030,
0x6934, 0x0030,
0x7CFC, 0x0055,
0x7D14, 0x0055,
0x7D8C, 0x0118,
0x7DA4, 0x0131,
0x7DBC, 0x0131,
0x7EAC, 0x0055,
0x13A0, 0x0002,
0x5536, 0x1000,
0x1330, 0x29DE,
0x1334, 0x28FD,
0x137E, 0x20FF,
0x1464, 0x09C4,
0xFCFC, 0x2001,
0x26AA, 0x0000,
0x136A, 0x0043,
0x1372, 0x3308,
0x395A, 0x7F02,
0x3FD8, 0x0100,
0x4C3C, 0x0000,
0x3FEC, 0x0400,
0x3FFE, 0x070F,
0x4004, 0x0006,
0x3FE2, 0x00FF,
0x4010, 0x0100,
0x3FD0, 0x0010,
0x3FD2, 0x000C,
0x3FE8, 0x2009,
0x3FEA, 0x0901,
0x4012, 0xFFF6,
0x4014, 0xFFFE,
0x4016, 0xFFFE,
0x4018, 0xFFFE,
0x401A, 0x0000,
0x401C, 0x0000,
0x401E, 0xFFFE,
0x4020, 0xFFFF,
0x4022, 0xFFFD,
0x4024, 0x0000,
0x4026, 0xFFFF,
0x4028, 0x0002,
0x402A, 0x0002,
0x402C, 0x0001,
0x402E, 0x0001,
0x4030, 0xFFFC,
0x4032, 0xFFF4,
0x4034, 0xFFFB,
0x4036, 0xFFFB,
0x4038, 0xFFFD,
0x403A, 0xFFFC,
0x403C, 0xFFFC,
0x403E, 0xFFFD,
0x4040, 0xFFFD,
0x4042, 0xFFFB,
0x4044, 0xFFFC,
0x4046, 0xFFFD,
0x4048, 0xFFFF,
0x404A, 0x0001,
0x404C, 0x0000,
0x404E, 0x0000,
0x4050, 0xFFFC,
0x4052, 0xFFF6,
0x4054, 0xFFFE,
0x4056, 0xFFFF,
0x4058, 0xFFFE,
0x405A, 0xFFFE,
0x405C, 0x0000,
0x405E, 0x0000,
0x4060, 0x0000,
0x4062, 0xFFFE,
0x4064, 0xFFFF,
0x4066, 0x0000,
0x4068, 0x0002,
0x406A, 0x0002,
0x406C, 0x0004,
0x406E, 0x0002,
0x4070, 0xFFFE,
0x4072, 0xFFF7,
0x4074, 0xFFFF,
0x4076, 0x0000,
0x4078, 0x0002,
0x407A, 0x0002,
0x407C, 0x0002,
0x407E, 0x0001,
0x4080, 0x0002,
0x4082, 0xFFFF,
0x4084, 0x0000,
0x4086, 0x0002,
0x4088, 0x0003,
0x408A, 0x0004,
0x408C, 0x0006,
0x408E, 0x0004,
0x4090, 0x0000,
0x4092, 0xFFF5,
0x4094, 0xFFFB,
0x4096, 0xFFFD,
0x4098, 0xFFFE,
0x409A, 0xFFFE,
0x409C, 0xFFFF,
0x409E, 0x0001,
0x40A0, 0x0000,
0x40A2, 0xFFFF,
0x40A4, 0xFFFF,
0x40A6, 0x0000,
0x40A8, 0x0002,
0x40AA, 0x0001,
0x40AC, 0x0002,
0x40AE, 0x0002,
0x40B0, 0xFFFD,
0x40B2, 0xFFF6,
0x40B4, 0xFFFD,
0x40B6, 0x0000,
0x40B8, 0xFFFF,
0x40BA, 0x0001,
0x40BC, 0x0002,
0x40BE, 0x0001,
0x40C0, 0x0002,
0x40C2, 0x0001,
0x40C4, 0x0000,
0x40C6, 0x0001,
0x40C8, 0x0002,
0x40CA, 0x0003,
0x40CC, 0x0003,
0x40CE, 0x0003,
0x40D0, 0xFFFE,
0x40D2, 0xFFF4,
0x40D4, 0xFFFB,
0x40D6, 0xFFFD,
0x40D8, 0xFFFF,
0x40DA, 0x0000,
0x40DC, 0x0000,
0x40DE, 0x0002,
0x40E0, 0x0001,
0x40E2, 0xFFFF,
0x40E4, 0x0001,
0x40E6, 0x0000,
0x40E8, 0x0000,
0x40EA, 0x0001,
0x40EC, 0x0005,
0x40EE, 0x0003,
0x40F0, 0xFFFE,
0x40F2, 0xFFF3,
0x40F4, 0xFFFB,
0x40F6, 0xFFFC,
0x40F8, 0xFFFE,
0x40FA, 0xFFFD,
0x40FC, 0xFFFE,
0x40FE, 0x0000,
0x4100, 0x0000,
0x4102, 0xFFFF,
0x4104, 0x0000,
0x4106, 0x0001,
0x4108, 0x0000,
0x410A, 0x0003,
0x410C, 0x0007,
0x410E, 0x0005,
0x4110, 0xFFFF,
0x4112, 0xFFF3,
0x4114, 0xFFF7,
0x4116, 0xFFFB,
0x4118, 0xFFFB,
0x411A, 0xFFFC,
0x411C, 0xFFFC,
0x411E, 0xFFFE,
0x4120, 0xFFFF,
0x4122, 0xFFFF,
0x4124, 0x0000,
0x4126, 0xFFFE,
0x4128, 0x0000,
0x412A, 0x0002,
0x412C, 0x0006,
0x412E, 0x0005,
0x4130, 0x0003,
0x4132, 0xFFF1,
0x4134, 0xFFF9,
0x4136, 0xFFFB,
0x4138, 0xFFFC,
0x413A, 0xFFFE,
0x413C, 0xFFFD,
0x413E, 0xFFFD,
0x4140, 0xFFFE,
0x4142, 0xFFFE,
0x4144, 0xFFFF,
0x4146, 0x0000,
0x4148, 0x0000,
0x414A, 0x0002,
0x414C, 0x0007,
0x414E, 0x0004,
0x4150, 0x0000,
0x4152, 0xFFF3,
0x4154, 0xFFFC,
0x4156, 0xFFFF,
0x4158, 0xFFFF,
0x415A, 0x0000,
0x415C, 0x0001,
0x415E, 0x0003,
0x4160, 0x0003,
0x4162, 0x0004,
0x4164, 0x0004,
0x4166, 0x0005,
0x4168, 0x0005,
0x416A, 0x0008,
0x416C, 0x000A,
0x416E, 0x0008,
0x4170, 0x0005,
0x4172, 0xFFF8,
0x4174, 0x0001,
0x4176, 0x0003,
0x4178, 0x0006,
0x417A, 0x0007,
0x417C, 0x000A,
0x417E, 0x0007,
0x4180, 0x000B,
0x4182, 0x000B,
0x4184, 0x000C,
0x4186, 0x000F,
0x4188, 0x000F,
0x418A, 0x0010,
0x418C, 0x0016,
0x418E, 0x0014,
0x4190, 0x0010,
0xAACA, 0x0000,
0xB2E4, 0x0101,
0xB47A, 0x1000,
0xB47C, 0x0000,
0xB47E, 0x00F5,
0x1AD8, 0x0101,
0x1A4C, 0x0002,
0x1982, 0x0000,
0x7C30, 0x0000,
0x7C34, 0x0001,
0x7C36, 0xB308,
0x291A, 0x0000,
0x79F0, 0x0000,
0x9048, 0x0000,
0x904A, 0x0000,
0x904C, 0x0000,
0x904E, 0x0000,
0x9050, 0x0000,
0x9054, 0x0000,
0x9056, 0x0000,
0x9058, 0x0000,
0x905A, 0x0000,
0x0C14, 0x0000,
0x0C16, 0x0000,
0x0C18, 0x0000,
0x0C1A, 0x0000,
0xFCFC, 0x2000,
0x4BE2, 0x0000,
0x4BF4, 0x0200,
0x4C06, 0x0200,
0x51D4, 0x0000,
0x51D6, 0x0000,
0x51D8, 0x0000,
0x51DA, 0x0000,
0x51DC, 0x0000,
0x51DE, 0x0000,
0x51E0, 0x0000,
0x51E2, 0x0000,
0x4BE0, 0x0101,
0x4BEE, 0x01FF,
0x4C00, 0x0200,
0x4FF4, 0x0101,
0x4FF6, 0x0189,
0x4FF8, 0x4000,
0x4FFA, 0xFD1A,
0x4BF0, 0x003F,
0x4C02, 0x0040,
0x5094, 0x000B,
0x5096, 0x000C,
0x5098, 0x4000,
0x509A, 0xFD7C,
0x509C, 0x000B,
0x509E, 0x000C,
0x50A0, 0x4000,
0x50A2, 0xF33A,
0x50A4, 0x000B,
0x50A6, 0x000A,
0x50A8, 0x4000,
0x50AA, 0xFD8E,
0x50AC, 0x000A,
0x50AE, 0x0006,
0x50B0, 0x4000,
0x50B2, 0xE43E,
0xFCFC, 0x4000,
0x0B02, 0x0102,
0x0B04, 0x0011,
0x0BE2, 0x0000,
0x0BC2, 0x0000,
0x0BC4, 0x0000,
0x021E, 0x0000,
0x0228, 0x0100,
0x0722, 0x0800,
0xBA8C, 0x0000,
0xBA90, 0x0000,
0xFEFA, 0x0000,
0xFEFC, 0x0000,
0xF33A, 0x000C,
0xFD7C, 0x000C,
0xF338, 0x0022,
0xFD7A, 0x0022,
0xF31E, 0x001C,
0xF32A, 0x001C,
0xF320, 0x001C,
0xF32C, 0x001C,
0xFCFC, 0x2001,
0x0C04, 0x2E28,
0x0C0A, 0x2E28,
0x19E4, 0x0001,
0x2872, 0x0000,
0x26B2, 0xFDA2,
0x26B4, 0xFDA0,
0x26B6, 0x0040,
0x26C4, 0x001B,
0x26B8, 0x0080,
0x26C6, 0x001B,
0x26BA, 0x0100,
0x26C8, 0x0020,
0x26BC, 0x0200,
0x26CA, 0x001B,
0x26BE, 0x0400,
0x26CC, 0x0028,
0x26C0, 0x0800,
0x26CE, 0x002E,
0x26C2, 0x1000,
0x26D0, 0x0033,
0x26D2, 0x0033,
0x26B0, 0x0100,
0x2874, 0x0000,
0x2876, 0x0000,
0x2878, 0x0000,
0x2886, 0x0000,
0x2888, 0x0000,
0x288A, 0x0000,
0x2898, 0x0000,
0x289A, 0x0000,
0x289C, 0x0000,
0x28CE, 0x0000,
0x28D0, 0x0000,
0x28D2, 0x0000,
0x28AA, 0x0000,
0x28BC, 0x0000,
0x28AC, 0x0000,
0x28BE, 0x0000,
0x28AE, 0x0000,
0x28C0, 0x0000,
0xFCFC, 0x4001,
0x0606, 0x0024,
0x0608, 0x0014,
0x060A, 0x0034,
0xFCFC, 0x4000,
0x020C, 0x0000,
};                                                                                              
  
static u16 addr_data_pair_custom1[] = {
0xFCFC,	0x4000,
0x0B30,	0x0000,
0xFCFC,	0x4000,
0x6214,	0xFFFF,
0x6216,	0xFFFF,
0x6218,	0xFFFF,
0xA100,	0xFFFF,
0xFCFC,	0x4001,
0x0100,	0xFFFF,
0x2100,	0xFFFF,
0xFCFC,	0x4000,
0x8100,	0xFFFF,
0x621A,	0x0000,
0x621C,	0x0000,
0x6220,	0x0000,
0xA102,	0x0000,
0xFCFC,	0x4001,
0x0102,	0x0000,
0x2102,	0x0000,
0xFCFC,	0x4000,
0x8102,	0x0000,
0x0344,	0x0010,
0x0348,	0x3FCF,
0x0346,	0x03D0,
0x034A,	0x2C4F,
0x034C,	0x07F8,
0x034E,	0x0510,
0x0340,	0x0724,
0x0342,	0x2398,
0x0900,	0x3388,
0x0380,	0x0008,
0x0382,	0x0008,
0x0384,	0x0008,
0x0386,	0x0008,
0x040C,	0x0000,
0x0400,	0x1010,
0x0408,	0x0100,
0x040A,	0x0100,
0x0350,	0x0000,
0x0352,	0x0000,
0x0136,	0x1800,
0x013E,	0x0000,
0x0304,	0x0003,
0x0306,	0x00FA,
0x030C,	0x0001,
0x030E,	0x0003,
0x0310,	0x00AA,
0x0312,	0x0001,
0x031A,	0x0002,
0x031C,	0x0026,
0x031E,	0x0002,
0x0B08,	0x0100,
0x0202,	0x0014,
0x022C,	0x0014,
0x0226,	0x0014,
0x0702,	0x0000,
0x0704,	0x0000,
0x0B02,	0x0102,
0x0B04,	0x0011,
0x0BE2,	0x0000,
0x0BC2,	0x0000,
0x0BC4,	0x0000,
0x021E,	0x0000,
0x0228,	0x0100,
0x0722,	0x0800,
0x0112,	0x0A0A,
0x0114,	0x0301,
0x0118,	0x0004,
0x011A,	0x0001,
0x011C,	0x0101,
0x0270,	0x2B2B,
0x0272,	0x2B10,
0x0260,	0x0001,
0x0262,	0x0200,
0x0264,	0x0102,
0x0266,	0x0000,
0x0274,	0x3030,
0x0720,	0x0001,
0x0724,	0x0001,
0x0728,	0x03FC,
0x072A,	0x0144,
0x072C,	0x00FC,
0x072E,	0x0144,
0xFCFC,	0x2001,
0x9000,	0x0200,
0x9082,	0x0100,
0xFCFC,	0x2000,
0x14B8,	0x0000,
0x4294,	0xBA84,
0x4296,	0x0200,
0x4298,	0xBA86,
0x429A,	0x0400,
0x429C,	0xBA88,
0x429E,	0x0200,
0x42A0,	0xBA8A,
0x42A2,	0x0200,
0x42A4,	0x0000,
0x42A6,	0x0000,
0x42BC,	0xBA84,
0x42BE,	0x0200,
0x42C0,	0xBA86,
0x42C2,	0x0400,
0x42C4,	0xBA88,
0x42C6,	0x0200,
0x42C8,	0xBA8A,
0x42CA,	0x0200,
0x42CC,	0x0000,
0x42CE,	0x0000,
0x42E4,	0x0000,
0x42E6,	0x0000,
0x442A,	0x000A,
0x443A,	0x000E,
0x4428,	0x0000,
0x4438,	0x0004,
0x4424,	0x0014,
0x4434,	0x0014,
0x4432,	0x001F,
0x4442,	0x001F,
0x4430,	0x001A,
0x4440,	0x001A,
0x442C,	0x0024,
0x443C,	0x0024,
0xFCFC,	0x2001,
0x9270,	0x0000,
0x9306,	0x0400,
0x9308,	0x0400,
0x930A,	0x0400,
0x9D62,	0x0032,
0x9D64,	0x0032,
0x9D66,	0x0028,
0x9D68,	0x001E,
0x9D6A,	0x001E,
0x9D6C,	0x001E,
0x9D72,	0x0032,
0x9D74,	0x0032,
0x9D76,	0x0028,
0x9D78,	0x001E,
0x9D7A,	0x001E,
0x9D7C,	0x001E,
0x9D82,	0x0032,
0x9D84,	0x0032,
0x9D86,	0x0028,
0x9D88,	0x001E,
0x9D8A,	0x001E,
0x9D8C,	0x001E,
0x9D92,	0x0032,
0x9D94,	0x0032,
0x9D96,	0x0028,
0x9D98,	0x001E,
0x9D9A,	0x001E,
0x9D9C,	0x001E,
0x9DA2,	0x0050,
0x9DA4,	0x0032,
0x9DA6,	0x0032,
0x9DA8,	0x0028,
0x9DAA,	0x0028,
0x9DAC,	0x0028,
0x9DB2,	0x0001,
0x9DB4,	0x0001,
0x9DB6,	0x0001,
0x9DB8,	0x0001,
0x9DBA,	0x0001,
0x9DBC,	0x0001,
0x928C,	0x5C5C,
0x928E,	0x2F36,
0x9290,	0x6E68,
0x92A8,	0x0E00,
0x92B4,	0x303C,
0x9852,	0x070F,
0x9854,	0x070F,
0x9856,	0x0677,
0x9858,	0x05C3,
0x985A,	0x0534,
0x985C,	0x0534,
0x92D0,	0xFFFF,
0x92D2,	0xFFFF,
0x92D4,	0xFFFF,
0x92F4,	0xFFFF,
0x92F6,	0xFFFF,
0x92F8,	0xFFFF,
0x7DB2,	0x03FF,
0xFCFC,	0x2001,
0x94B6,	0x0258,
0x94B8,	0x0258,
0x94BA,	0x0258,
0x94BC,	0x0258,
0x94BE,	0x0258,
0x94C0,	0x0258,
0x94D2,	0x0190,
0x94D4,	0x0190,
0x94D6,	0x0190,
0x94D8,	0x0190,
0x94DA,	0x0190,
0x94DC,	0x0190,
0x94EE,	0x01F4,
0x94F0,	0x01F4,
0x94F2,	0x01F4,
0x94F4,	0x01F4,
0x94F6,	0x01F4,
0x94F8,	0x01F4,
0x9276,	0x0101,
0x9278,	0x0101,
0x927A,	0x0109,
0x92E2,	0x00BE,
0x92E4,	0x00BE,
0x92E6,	0x00BE,
0x92E8,	0x27D8,
0x92EA,	0x27D8,
0x92EC,	0x27D8,
0x988A,	0x0001,
0x988C,	0x0001,
0x988E,	0x0001,
0x9890,	0x0001,
0x9892,	0x0001,
0x9894,	0x0001,
0x9606,	0x001E,
0x9608,	0x001E,
0x960A,	0x001E,
0x960C,	0x001E,
0x960E,	0x001E,
0x9610,	0x001E,
0x9836,	0x0000,
0x9838,	0x0001,
0x983A,	0x0001,
0x983C,	0x0001,
0x983E,	0x0001,
0x9840,	0x0001,
0x1984,	0x0100,
0x19A2,	0x0100,
0x19F8,	0x0200,
0x19FA,	0x0800,
0x19E6,	0x0002,
0x19E8,	0x0008,
0x19EC,	0x0200,
0x19EE,	0x0400,
0x19F0,	0x0800,
0x231A,	0x0022,
0x2372,	0x0007,
0x2326,	0x0000,
0x2342,	0x0014,
0x232A,	0x0001,
0x2374,	0x0000,
0x238C,	0x0001,
0x2376,	0x0000,
0x238E,	0x0001,
0x2344,	0x0014,
0x232C,	0x0001,
0x237E,	0x0032,
0x2396,	0x008D,
0x234C,	0x0090,
0x2334,	0x02D8,
0x23A4,	0x0001,
0x2380,	0x0000,
0x2398,	0x0001,
0x234E,	0x0014,
0x2336,	0x0001,
0x2382,	0x0000,
0x239A,	0x0001,
0x2350,	0x0014,
0x2338,	0x0001,
0x2354,	0x0014,
0x233C,	0x0001,
0x2386,	0x0000,
0x239E,	0x0001,
0x3B22,	0x0100,
0x3A9E,	0x0202,
0x3AA0,	0x0101,
0x3B2C,	0x0040,
0x3AD4,	0x0101,
0x3AE6,	0x0000,
0x3AF2,	0x0014,
0x8180,	0x0001,
0x818E,	0x07F8,
0x8190,	0x0510,
0x0AF2,	0x0C05,
0x0AF4,	0x0000,
0x0ACE,	0x0A28,
0x39B0,	0x0200,
0x399C,	0x0000,
0x399E,	0x0000,
0xBDC0,	0x0000,
0xBDC2,	0x0001,
0x2950,	0x0000,
0x3950,	0x8822,
0xB440,	0x0000,
0xA780,	0x0000,
0xA78C,	0x0C20,
0xA790,	0x0010,
0xA7AA,	0x0000,
0xA8EC,	0x0100,
0xA922,	0x0000,
0xA924,	0x0000,
0xA926,	0x0000,
0xA936,	0x0080,
0xA938,	0x0080,
0xA940,	0x0080,
0xA942,	0x0000,
0xA944,	0x0000,
0xA948,	0x0001,
0x1310,	0x00E4,
0x3BB0,	0x0204,
0x9350,	0x0100,
0x8A24,	0x0004,
0x8A26,	0x0004,
0x8A12,	0x0000,
0x918C,	0xFFFF,
0x8A18,	0x0000,
0x8A1A,	0x0000,
0x26FC,	0x0000,
0x271C,	0x0002,
0x204A,	0x0B82,
0x2052,	0x0072,
0x2054,	0x003A,
0x2078,	0x0809,
0x2204,	0x0220,
0x0E74,	0x030F,
0x0E76,	0x030F,
0x2726,	0x0507,
0x3A78,	0xFF01,
0x3A50,	0x0100,
0x897A,	0x0040,
0x8986,	0x0100,
0x898A,	0x2100,
0x899C,	0x2000,
0x89EA,	0x0200,
0x89EC,	0x0200,
0x89EE,	0x0200,
0x89F0,	0x0200,
0x897E,	0x0005,
0x8980,	0x0503,
0x8974,	0x0101,
0x291E,	0x0103,
0x9062,	0x03FF,
0x906E,	0x03FF,
0x9046,	0x077E,
0x3BB2,	0x0100,
0x3C42,	0x01A0,
0x3C44,	0x415F,
0x3C46,	0x00C4,
0x3C48,	0x30C3,
0x9080,	0x0000,
0x92FC,	0x0101,
0x0AC2,	0x0514,
0x20B6,	0x0003,
0x20B8,	0x0003,
0x20BA,	0x0003,
0x20BC,	0x0003,
0x20BE,	0x0003,
0x20C0,	0x0003,
0x20C2,	0x0003,
0x20C4,	0x0003,
0x20C6,	0x0003,
0x20C8,	0x0003,
0x0BEC,	0x0381,
0x0C42,	0x02C0,
0x2690,	0x02C0,
0x12D6,	0x996C,
0x12D8,	0xA4C2,
0x12DC,	0x0100,
0x12D4,	0xA6FD,
0x0C50,	0x3CC7,
0x0C52,	0x7D3F,
0x0C5E,	0x0000,
0x26A8,	0x0022,
0x26A4,	0x0036,
0x26A6,	0x0036,
0x12DA,	0x2020,
0x0D14,	0x80F1,
0x0BDC,	0x0036,
0x0BE6,	0x8C40,
0x0BE8,	0xAC40,
0x0B52,	0x0E06,
0x0B56,	0x0E06,
0x0B58,	0x0606,
0x0B6A,	0x0206,
0x0B6E,	0x0206,
0x0B70,	0x0606,
0x0B82,	0x0202,
0x0B86,	0x0202,
0x0B88,	0x0202,
0x0BB2,	0x1313,
0x0BB6,	0x1313,
0x0BB8,	0x130B,
0x0BBA,	0x1313,
0x0BCE,	0x1313,
0x0BD0,	0x1313,
0x0BD2,	0x1313,
0x7DD4,	0x0100,
0x9090,	0x0100,
0x90A2,	0x0100,
0x9100,	0x0211,
0x9140,	0x0200,
0x9110,	0x0200,
0x0CC0,	0x0000,
0x0CC2,	0x0000,
0x0CCE,	0x0000,
0x0CE4,	0x0000,
0x0CFA,	0x0000,
0x1AD4,	0x0101,
0x1AD6,	0x0001,
0x2866,	0x0002,
0x3B28,	0x0105,
0x3B2A,	0x0000,
0x1316,	0x0010,
0x131A,	0x000A,
0x6DB2,	0x0100,
0x6DB4,	0x0420,
0x6DB6,	0x2400,
0x6DB8,	0x0000,
0x6DBA,	0x0000,
0x6DBC,	0x0000,
0x6DBE,	0x0000,
0x6DC0,	0x0000,
0x6DC2,	0x0000,
0x6DF2,	0x0000,
0x6DF4,	0x0000,
0x6E74,	0x0000,
0x6E76,	0x0420,
0x6E78,	0x2400,
0x6EB4,	0x0009,
0x6EB6,	0x0D29,
0x6EB8,	0x2D00,
0x6D70,	0x0001,
0x6D72,	0x0004,
0x6D74,	0x2024,
0x6D76,	0x0000,
0x6D78,	0x0000,
0x6D7A,	0x0000,
0x6D7C,	0x0000,
0x6D7E,	0x0000,
0x6D80,	0x0000,
0x6DF6,	0x0420,
0x6DF8,	0x2400,
0x6E34,	0x0009,
0x6E36,	0x0D29,
0x6E38,	0x2D00,
0x7162,	0x0000,
0x7164,	0x0000,
0x7166,	0x0000,
0x7168,	0x0000,
0x7172,	0x0000,
0x7174,	0x0000,
0x7176,	0x0000,
0x7178,	0x0000,
0x7182,	0x0000,
0x7184,	0x0000,
0x7186,	0x0000,
0x7188,	0x0000,
0x7192,	0x0000,
0x7194,	0x0000,
0x7196,	0x0000,
0x7198,	0x0000,
0x716A,	0x0000,
0x716C,	0x0000,
0x716E,	0x0000,
0x7170,	0x0000,
0x717A,	0x0000,
0x717C,	0x0000,
0x717E,	0x0000,
0x7180,	0x0000,
0x718A,	0x0000,
0x718C,	0x0000,
0x718E,	0x0000,
0x7190,	0x0000,
0x719A,	0x0000,
0x719C,	0x0000,
0x719E,	0x0000,
0x71A0,	0x0000,
0x71A2,	0x0000,
0x71A4,	0x0000,
0x71A6,	0x0000,
0x71A8,	0x0000,
0x71B2,	0x0000,
0x71B4,	0x0000,
0x71B6,	0x0000,
0x71B8,	0x0000,
0x71C2,	0x0000,
0x71C4,	0x0000,
0x71C6,	0x0000,
0x71C8,	0x0000,
0x71D2,	0x0000,
0x71D4,	0x0000,
0x71D6,	0x0000,
0x71D8,	0x0000,
0x71AA,	0x0000,
0x71AC,	0x0000,
0x71AE,	0x0000,
0x71B0,	0x0000,
0x71BA,	0x0000,
0x71BC,	0x0000,
0x71BE,	0x0000,
0x71C0,	0x0000,
0x71CA,	0x0000,
0x71CC,	0x0000,
0x71CE,	0x0000,
0x71D0,	0x0000,
0x71DA,	0x0000,
0x71DC,	0x0000,
0x71DE,	0x0000,
0x71E0,	0x0000,
0xB2F8,	0x0000,
0xB2FA,	0x0320,
0xB2FE,	0x0000,
0xB300,	0x0001,
0xB302,	0x0002,
0xB304,	0x0004,
0xB306,	0x0006,
0xB308,	0x0008,
0xB30A,	0x000A,
0xB30C,	0x000C,
0xB30E,	0x000F,
0xB310,	0x0012,
0xB312,	0x0016,
0xB314,	0x0021,
0xB316,	0x005A,
0xB318,	0x00C0,
0xB31A,	0x00F0,
0xB31C,	0x011C,
0xB31E,	0x0120,
0xB320,	0x0130,
0xB322,	0x02C0,
0xB324,	0x0320,
0xB326,	0x08C0,
0xB328,	0x16C0,
0xB32A,	0x3200,
0xB32C,	0x3FF0,
0xB32E,	0xFFFF,
0xB330,	0xFFFF,
0xB332,	0xFFFF,
0xB334,	0xFFFF,
0xB336,	0xFFFF,
0xB338,	0xFFFF,
0xB33A,	0xFFFF,
0xB33C,	0xFFFF,
0xB33E,	0x1263,
0xB340,	0x1263,
0xB342,	0x1252,
0xB344,	0x1231,
0xB346,	0x1211,
0xB348,	0x11F0,
0xB34A,	0x11CF,
0xB34C,	0x11AF,
0xB34E,	0x1180,
0xB350,	0x1165,
0xB352,	0x1140,
0xB354,	0x10FB,
0xB356,	0x1091,
0xB358,	0x1071,
0xB35A,	0x1063,
0xB35C,	0x1056,
0xB35E,	0x1055,
0xB360,	0x1052,
0xB362,	0x102C,
0xB364,	0x1028,
0xB366,	0x1012,
0xB368,	0x1001,
0xB36A,	0x1000,
0xB36C,	0x1000,
0xB36E,	0x1000,
0xB370,	0x1000,
0xB372,	0x1000,
0xB374,	0x1000,
0xB376,	0x1000,
0xB378,	0x1000,
0xB37A,	0x1000,
0xB37C,	0x1000,
0xB37E,	0x0D00,
0xB390,	0x1301,
0xB3E8,	0x1301,
0xFCFC,	0x2002,
0xA03E,	0x03FF,
0xA04A,	0x0000,
0xA08A,	0x0000,
0xA08C,	0x0000,
0xA08E,	0x007D,
0xA090,	0x007D,
0xA092,	0x007D,
0xA094,	0x007D,
0xA096,	0x007D,
0xA040,	0x0102,
0xFCFC,	0x2000,
0x4490,	0x0000,
0x4492,	0x0065,
0x5510,	0x0000,
0x5524,	0x0180,
0x5526,	0x0180,
0x428A,	0x00FF,
0x428C,	0xFFFF,
0x428E,	0xFFFF,
0x4290,	0xFFFF,
0x550A,	0x0102,
0x13A2,	0x0001,
0x5508,	0x4040,
0x54AA,	0x0703,
0x54AC,	0x0508,
0x5426,	0x0100,
0x543E,	0x0000,
0x542A,	0x05DC,
0x538C,	0x0000,
0x538E,	0x0000,
0x538A,	0x0001,
0x4482,	0x0101,
0x4484,	0x0100,
0x12CA,	0x0002,
0x1320,	0x0101,
0x12EA,	0x0100,
0x12F0,	0x0100,
0x4486,	0x0001,
0x448A,	0x0100,
0x448C,	0x0101,
0x1348,	0x5000,
0x1352,	0x8300,
0x1366,	0x0100,
0x54BE,	0x0010,
0x54DC,	0x0144,
0x54C0,	0x0006,
0x54DE,	0x0036,
0x54C2,	0x0008,
0x54E0,	0x0010,
0x54C4,	0x0004,
0x54E2,	0x0016,
0x54C6,	0x0004,
0x54E4,	0x0010,
0x54C8,	0x0008,
0x54E6,	0x0006,
0x54CA,	0x0004,
0x54E8,	0x0006,
0x54CC,	0x0004,
0x54EA,	0x0006,
0x54CE,	0x0002,
0x54EC,	0x0010,
0x54D0,	0x0002,
0x54EE,	0x0006,
0x5556,	0x0010,
0x4BDC,	0x0100,
0x4BDE,	0x0001,
0x4BE6,	0x0200,
0x4BF8,	0x0201,
0x4BEA,	0x0020,
0x4BFC,	0x0020,
0x4BEC,	0x03FF,
0x4BFE,	0x0400,
0x4D74,	0x000F,
0x4D76,	0x0013,
0x4D78,	0x4000,
0x4D7A,	0xFD8E,
0x4BE8,	0x0200,
0x4BFA,	0x0200,
0x4E14,	0x0000,
0x4E16,	0x0000,
0x4E18,	0x0000,
0x4E1A,	0x0000,
0x4EB4,	0x0000,
0x4EB6,	0x0000,
0x4EB8,	0x0000,
0x4EBA,	0x0000,
0x4F54,	0x049B,
0x4F56,	0x0489,
0x4F58,	0x4000,
0x4F5A,	0xF300,
0x56DA,	0x004B,
0x56F2,	0x004B,
0x570A,	0x004B,
0x57CA,	0x0008,
0x5AFA,	0x006B,
0x5B2A,	0x005E,
0x6622,	0x0093,
0x7CEA,	0x0047,
0x7E82,	0x0002,
0x68F2,	0x0010,
0x6922,	0x0030,
0x5AB2,	0x002D,
0x660A,	0x0019,
0x7D92,	0x014F,
0x582A,	0x0008,
0x57B4,	0x0008,
0x57CC,	0x0008,
0x57FC,	0x0008,
0x582C,	0x0008,
0x5994,	0x001E,
0x5A24,	0x001E,
0x5AB4,	0x002D,
0x5AFC,	0x006B,
0x5B14,	0x006B,
0x5B2C,	0x005E,
0x5B44,	0x005E,
0x660C,	0x0019,
0x6624,	0x0093,
0x6654,	0x0093,
0x7CEC,	0x0047,
0x7D7C,	0x00AF,
0x7D94,	0x00A0,
0x7E84,	0x0002,
0x57BC,	0x0008,
0x57D4,	0x0010,
0x5804,	0x0022,
0x5834,	0x0028,
0x599C,	0x0190,
0x5A2C,	0x0190,
0x5ABC,	0x002D,
0x5B04,	0x009B,
0x5B1C,	0x009B,
0x5B34,	0x008E,
0x5B4C,	0x008E,
0x6614,	0x0019,
0x662C,	0x00B3,
0x665C,	0x00B3,
0x68FC,	0x0010,
0x6914,	0x0029,
0x692C,	0x0030,
0x7CF4,	0x0057,
0x7D84,	0x00CF,
0x7D9C,	0x010B,
0x7E8C,	0x0002,
0x7EA4,	0x0057,
0x59FC,	0x0023,
0x59CC,	0x007D,
0x56E6,	0x004B,
0x56FE,	0x004B,
0x5716,	0x004B,
0x5836,	0x0008,
0x7CF6,	0x0047,
0x5B06,	0x006B,
0x5B1E,	0x006B,
0x5B36,	0x005E,
0x5B4E,	0x005E,
0x662E,	0x0093,
0x665E,	0x0093,
0x57D6,	0x0008,
0x5806,	0x0008,
0x599E,	0x001E,
0x59FE,	0x0023,
0x68FE,	0x0010,
0x6916,	0x0029,
0x692E,	0x0030,
0x7D9E,	0x00CB,
0x7D86,	0x00AF,
0x7EA6,	0x0047,
0x7EA8,	0x0047,
0x5838,	0x0008,
0x7CF8,	0x0047,
0x5B08,	0x006B,
0x5B20,	0x006B,
0x5B38,	0x005E,
0x5B50,	0x005E,
0x6630,	0x0093,
0x6660,	0x0093,
0x57D8,	0x0008,
0x5808,	0x0008,
0x5A00,	0x0023,
0x6900,	0x0010,
0x6918,	0x0029,
0x6930,	0x0030,
0x583C,	0x0008,
0x5A04,	0x0023,
0x5AC4,	0x0069,
0x5ADC,	0x0069,
0x661C,	0x0055,
0x6634,	0x0093,
0x664C,	0x0055,
0x6664,	0x0093,
0x5B0C,	0x006B,
0x5B24,	0x006B,
0x5B3C,	0x005E,
0x5B54,	0x005E,
0x6904,	0x0010,
0x691C,	0x0030,
0x6934,	0x0030,
0x7CFC,	0x0055,
0x7D14,	0x0055,
0x7D8C,	0x0118,
0x7DA4,	0x0131,
0x7DBC,	0x0131,
0x7EAC,	0x0055,
0x13A0,	0x0002,
0x5536,	0x1000,
0x1330,	0x29DE,
0x1334,	0x28FD,
0x137E,	0x20FF,
0x1464,	0x09C4,
0xFCFC,	0x2001,
0x26AA,	0x0000,
0x136A,	0x0043,
0x1372,	0x3308,
0x395A,	0x7F02,
0x3FD8,	0x0100,
0x4C3C,	0x0000,
0x3FEC,	0x0400,
0x3FFE,	0x0608,
0x4004,	0x0006,
0x3FE2,	0x00FF,
0x4010,	0x0000,
0x3FD0,	0x0010,
0x3FD2,	0x000C,
0x3FE8,	0x20FF,
0x3FEA,	0xFF00,
0xAACA,	0x0000,
0xB2E4,	0x0101,
0xB47A,	0x1000,
0xB47C,	0x0000,
0xB47E,	0x00F5,
0x1AD8,	0x0101,
0x1A4C,	0x0002,
0x1982,	0x0000,
0x7C30,	0x0000,
0x7C34,	0x0001,
0x7C36,	0xB308,
0x291A,	0x0000,
0x79F0,	0x0000,
0x9048,	0x0000,
0x904A,	0x0000,
0x904C,	0x0000,
0x904E,	0x0000,
0x9050,	0x0000,
0x9054,	0x0000,
0x9056,	0x0000,
0x9058,	0x0000,
0x905A,	0x0000,
0x0C14,	0x0000,
0x0C16,	0x0000,
0x0C18,	0x0000,
0x0C1A,	0x0000,
0xFCFC,	0x2000,
0x4BE2,	0x0000,
0x4BF4,	0x0200,
0x4C06,	0x0200,
0x51D4,	0x0000,
0x51D6,	0x0000,
0x51D8,	0x0000,
0x51DA,	0x0000,
0x51DC,	0x0000,
0x51DE,	0x0000,
0x51E0,	0x0000,
0x51E2,	0x0000,
0x4BE0,	0x0000,
0x4BEE,	0x0000,
0x4C00,	0x0000,
0x4FF4,	0x0000,
0x4FF6,	0x0000,
0x4FF8,	0x0000,
0x4FFA,	0x0000,
0x4BF0,	0x0000,
0x4C02,	0x0000,
0x5094,	0x0000,
0x5096,	0x0000,
0x5098,	0x0000,
0x509A,	0x0000,
0x509C,	0x0000,
0x509E,	0x0000,
0x50A0,	0x0000,
0x50A2,	0x0000,
0x50A4,	0x0000,
0x50A6,	0x0000,
0x50A8,	0x0000,
0x50AA,	0x0000,
0x50AC,	0x0000,
0x50AE,	0x0000,
0x50B0,	0x0000,
0x50B2,	0x0000,
0xFCFC,	0x4000,
0xBA8C,	0x0000,
0xBA90,	0x0000,
0xFEFA,	0x0000,
0xFEFC,	0x0000,
0xF33A,	0x0008,
0xFD7C,	0x0008,
0xF338,	0x0022,
0xFD7A,	0x0022,
0xF31E,	0x0020,
0xF32A,	0x0020,
0xF320,	0x0020,
0xF32C,	0x0020,
0xFCFC,	0x2001,
0x0C04,	0x2E28,
0x0C0A,	0x2E28,
0x19E4,	0x0001,
0x7C48,	0x03C0,
0x2872,	0x0000,
0x26B2,	0xFDA2,
0x26B4,	0xFDA0,
0x26B6,	0x0040,
0x26C4,	0x001B,
0x26B8,	0x0080,
0x26C6,	0x001B,
0x26BA,	0x0100,
0x26C8,	0x0020,
0x26BC,	0x0200,
0x26CA,	0x001B,
0x26BE,	0x0400,
0x26CC,	0x0020,
0x26C0,	0x0800,
0x26CE,	0x002A,
0x26C2,	0x1000,
0x26D0,	0x002D,
0x26D2,	0x002D,
0x26B0,	0x0100,
0x2874,	0x0000,
0x2876,	0x0000,
0x2878,	0x0000,
0x287A,	0x0000,
0x287C,	0x0000,
0x287E,	0x0000,
0x2880,	0x0000,
0x2882,	0x0000,
0x2886,	0x0000,
0x2888,	0x0000,
0x288A,	0x0000,
0x288C,	0x0000,
0x288E,	0x0000,
0x2890,	0x0000,
0x2892,	0x0000,
0x2894,	0x0000,
0x2898,	0x0000,
0x289A,	0x0000,
0x289C,	0x0000,
0x289E,	0x0000,
0x28A0,	0x0000,
0x28A2,	0x0000,
0x28A4,	0x0000,
0x28A6,	0x0000,
0x28CE,	0x0000,
0x28D0,	0x0000,
0x28D2,	0x0000,
0x28D4,	0x0000,
0x28D6,	0x0000,
0x28D8,	0x0000,
0x28DA,	0x0000,
0x28DC,	0x0000,
0x28AA,	0x0000,
0x28BC,	0x0000,
0x28AC,	0x0000,
0x28BE,	0x0000,
0x28AE,	0x0000,
0x28C0,	0x0000,
0x28B0,	0x0000,
0x28C2,	0x0000,
0x28B2,	0x0000,
0x28C4,	0x0000,
0x28B4,	0x0000,
0x28C6,	0x0000,
0x28B6,	0x0000,
0x28C8,	0x0000,
0x28B8,	0x0000,
0x28CA,	0x0000,
0xFCFC,	0x2000,
0x1300,	0x0001,
0xFCFC,	0x2002,
0xA044,	0x0001,
0xA046,	0x0101,
0xABFC,	0x0000,
0xAC06,	0x0001,
0xFCFC,	0x4001,
0x0606,	0x0024,
0x0608,	0x0014,
0x060A,	0x0034,
0xFCFC,	0x4000,
0x020C,	0x0000,
};

//LN2
static u16 addr_data_pair_custom2[] = {
0xFCFC,	0x4000,
0x0B30,	0x0000,
0xFCFC,	0x4000,
0x6214,	0xFFFF,
0x6216,	0xFFFF,
0x6218,	0xFFFF,
0xA100,	0xFFFF,
0xFCFC,	0x4001,
0x0100,	0xFFFF,
0x2100,	0xFFFF,
0xFCFC,	0x4000,
0x8100,	0xFFFF,
0x621A,	0x0000,
0x621C,	0x0000,
0x6220,	0x0000,
0xA102,	0x0000,
0xFCFC,	0x4001,
0x0102,	0x0000,
0x2102,	0x0000,
0xFCFC,	0x4000,
0x8102,	0x0000,
0x0344,	0x0010,
0x0348,	0x3FCF,
0x0346,	0x0010,
0x034A,	0x300F,
0x034C,	0x0FF0,
0x034E,	0x0BF4,
0x0340,	0x0F70,
0x0342,	0x41D0,
0x0900,	0x3244,
0x0380,	0x0004,
0x0382,	0x0004,
0x0384,	0x0004,
0x0386,	0x0004,
0x040C,	0x0000,
0x0400,	0x1010,
0x0408,	0x0100,
0x040A,	0x0100,
0x0350,	0x0000,
0x0352,	0x0006,
0x0136,	0x1800,
0x013E,	0x0000,
0x0304,	0x0003,
0x0306,	0x00FA,
0x030C,	0x0001,
0x030E,	0x0003,
0x0310,	0x00AA,
0x0312,	0x0001,
0x031A,	0x0002,
0x031C,	0x0026,
0x031E,	0x0002,
0x0B08,	0x0100,
0x0202,	0x0014,
0x022C,	0x0014,
0x0226,	0x0014,
0x0702,	0x0000,
0x0704,	0x0000,
0x0B02,	0x0102,
0x0B04,	0x0011,
0x0BE2,	0x0000,
0x0BC2,	0x0000,
0x0BC4,	0x0000,
0x021E,	0x0000,
0x0228,	0x0100,
0x0722,	0x0800,
0x0112,	0x0A0C,
0x0114,	0x0301,
0x0118,	0x0004,
0x011A,	0x0001,
0x011C,	0x0101,
0x0270,	0x2B2B,
0x0272,	0x2C10,
0x0260,	0x0001,
0x0262,	0x0200,
0x0264,	0x0102,
0x0266,	0x0000,
0x0274,	0x3030,
0x0720,	0x0001,
0x0724,	0x0001,
0x0728,	0x07F8,
0x072A,	0x02FC,
0x072C,	0x01FC,
0x072E,	0x02FC,
0xFCFC,	0x2001,
0x9000,	0x0200,
0x9082,	0x0100,
0xFCFC,	0x2000,
0x14B8,	0x0000,
0x4294,	0xBA84,
0x4296,	0x0200,
0x4298,	0xBA86,
0x429A,	0x0400,
0x429C,	0xBA88,
0x429E,	0x0200,
0x42A0,	0xBA8A,
0x42A2,	0x0200,
0x42A4,	0x0000,
0x42A6,	0x0000,
0x42BC,	0xBA84,
0x42BE,	0x0200,
0x42C0,	0xBA86,
0x42C2,	0x0400,
0x42C4,	0xBA88,
0x42C6,	0x0200,
0x42C8,	0xBA8A,
0x42CA,	0x0200,
0x42CC,	0x0000,
0x42CE,	0x0000,
0x42E4,	0x0000,
0x42E6,	0x0000,
0x442A,	0x000A,
0x443A,	0x000E,
0x4428,	0x0000,
0x4438,	0x0004,
0x4424,	0x0014,
0x4434,	0x0014,
0x4432,	0x001F,
0x4442,	0x001F,
0x4430,	0x001A,
0x4440,	0x001A,
0x442C,	0x0024,
0x443C,	0x0024,
0xFCFC,	0x2001,
0x9270,	0x0000,
0x9306,	0x0400,
0x9308,	0x0400,
0x930A,	0x0400,
0x9D62,	0x0032,
0x9D64,	0x0032,
0x9D66,	0x0028,
0x9D68,	0x001E,
0x9D6A,	0x001E,
0x9D6C,	0x001E,
0x9D72,	0x0032,
0x9D74,	0x0032,
0x9D76,	0x0028,
0x9D78,	0x001E,
0x9D7A,	0x001E,
0x9D7C,	0x001E,
0x9D82,	0x0032,
0x9D84,	0x0032,
0x9D86,	0x0028,
0x9D88,	0x001E,
0x9D8A,	0x001E,
0x9D8C,	0x001E,
0x9D92,	0x0032,
0x9D94,	0x0032,
0x9D96,	0x0028,
0x9D98,	0x001E,
0x9D9A,	0x001E,
0x9D9C,	0x001E,
0x9DA2,	0x0050,
0x9DA4,	0x0032,
0x9DA6,	0x0032,
0x9DA8,	0x0028,
0x9DAA,	0x0028,
0x9DAC,	0x0028,
0x9DB2,	0x0001,
0x9DB4,	0x0001,
0x9DB6,	0x0001,
0x9DB8,	0x0001,
0x9DBA,	0x0001,
0x9DBC,	0x0001,
0x928C,	0x5C5C,
0x928E,	0x2F36,
0x9290,	0x6E68,
0x92A8,	0x0E00,
0x92B4,	0x303C,
0x9852,	0x070F,
0x9854,	0x070F,
0x9856,	0x0677,
0x9858,	0x05C3,
0x985A,	0x0534,
0x985C,	0x0534,
0x92D0,	0xFFFF,
0x92D2,	0xFFFF,
0x92D4,	0xFFFF,
0x92F4,	0xFFFF,
0x92F6,	0xFFFF,
0x92F8,	0xFFFF,
0x7DB2,	0x03FF,
0xFCFC,	0x2001,
0x94B6,	0x0258,
0x94B8,	0x0258,
0x94BA,	0x0258,
0x94BC,	0x0258,
0x94BE,	0x0258,
0x94C0,	0x0258,
0x94D2,	0x0190,
0x94D4,	0x0190,
0x94D6,	0x0190,
0x94D8,	0x0190,
0x94DA,	0x0190,
0x94DC,	0x0190,
0x94EE,	0x01F4,
0x94F0,	0x01F4,
0x94F2,	0x01F4,
0x94F4,	0x01F4,
0x94F6,	0x01F4,
0x94F8,	0x01F4,
0x9276,	0x0101,
0x9278,	0x0101,
0x927A,	0x0109,
0x92E2,	0x00BE,
0x92E4,	0x00BE,
0x92E6,	0x00BE,
0x92E8,	0x27D8,
0x92EA,	0x27D8,
0x92EC,	0x27D8,
0x988A,	0x0001,
0x988C,	0x0001,
0x988E,	0x0001,
0x9890,	0x0001,
0x9892,	0x0001,
0x9894,	0x0001,
0x9606,	0x001E,
0x9608,	0x001E,
0x960A,	0x001E,
0x960C,	0x001E,
0x960E,	0x001E,
0x9610,	0x001E,
0x9836,	0x0000,
0x9838,	0x0001,
0x983A,	0x0001,
0x983C,	0x0001,
0x983E,	0x0001,
0x9840,	0x0001,
0x1984,	0x0100,
0x19A2,	0x0100,
0x19F8,	0x0200,
0x19FA,	0x0800,
0x19E6,	0x0002,
0x19E8,	0x0008,
0x19EC,	0x0200,
0x19EE,	0x0400,
0x19F0,	0x0800,
0x231A,	0x0022,
0x2372,	0x000A,
0x2326,	0x0000,
0x2342,	0x0014,
0x232A,	0x0001,
0x2374,	0x0000,
0x238C,	0x0001,
0x2376,	0x0000,
0x238E,	0x0001,
0x2344,	0x0014,
0x232C,	0x0001,
0x237E,	0x0000,
0x2396,	0x0001,
0x234C,	0x0014,
0x2334,	0x0001,
0x23A4,	0x0000,
0x2380,	0x0042,
0x2398,	0x00D8,
0x234E,	0x0084,
0x2336,	0x00C0,
0x2382,	0x0000,
0x239A,	0x0001,
0x2350,	0x0014,
0x2338,	0x0001,
0x2354,	0x0014,
0x233C,	0x0001,
0x2386,	0x0000,
0x239E,	0x0001,
0x3B22,	0x0100,
0x3A9E,	0x0202,
0x3AA0,	0x0101,
0x3B2C,	0x0040,
0x3AD4,	0x0101,
0x3AE6,	0x0000,
0x3AF2,	0x0014,
0x8180,	0x0001,
0x818E,	0x0FF0,
0x8190,	0x0BF4,
0x0AF2,	0x0C06,
0x0AF4,	0x0100,
0x0ACE,	0x0A28,
0x39B0,	0x0200,
0x399C,	0x0000,
0x399E,	0x0000,
0xBDC0,	0x0000,
0xBDC2,	0x0001,
0x2950,	0x0000,
0x3950,	0x8822,
0xB440,	0x0000,
0xA780,	0x0000,
0xA78C,	0x0020,
0xA790,	0x0010,
0xA7AA,	0x0000,
0xA8EC,	0x0000,
0xA922,	0x0009,
0xA924,	0x0000,
0xA926,	0x0000,
0xA936,	0x0000,
0xA938,	0x0000,
0xA940,	0x1020,
0xA942,	0x0000,
0xA944,	0x0000,
0xA948,	0x0000,
0x1310,	0x00E4,
0x3BB0,	0x0204,
0x9350,	0x0100,
0x8A24,	0x0001,
0x8A26,	0x0001,
0x8A12,	0x0101,
0x918C,	0xFFFF,
0x8A18,	0x0000,
0x8A1A,	0x0000,
0x26FC,	0x0000,
0x271C,	0x0002,
0x204A,	0x0B82,
0x2052,	0x0072,
0x2054,	0x003A,
0x2078,	0x0809,
0x2204,	0x0220,
0x0E74,	0x030F,
0x0E76,	0x030F,
0x2726,	0x0507,
0x3A78,	0xFF01,
0x3A50,	0x0100,
0x897A,	0x0040,
0x8986,	0x0100,
0x898A,	0x2100,
0x899C,	0x2000,
0x89EA,	0x0200,
0x89EC,	0x0200,
0x89EE,	0x0200,
0x89F0,	0x0200,
0x897E,	0x0005,
0x8980,	0x0503,
0x8974,	0x0101,
0x291E,	0x0103,
0x9062,	0x03FF,
0x906E,	0x03FF,
0x9046,	0x077E,
0x3BB2,	0x0100,
0x3C42,	0x01A0,
0x3C44,	0x415F,
0x3C46,	0x00C4,
0x3C48,	0x30C3,
0x9080,	0x0006,
0x92FC,	0x0101,
0x0AC2,	0x0514,
0x20B6,	0x0003,
0x20B8,	0x0003,
0x20BA,	0x0003,
0x20BC,	0x0003,
0x20BE,	0x0003,
0x20C0,	0x0003,
0x20C2,	0x0003,
0x20C4,	0x0003,
0x20C6,	0x0003,
0x20C8,	0x0003,
0x0BEC,	0x0381,
0x0C42,	0x03C0,
0x2690,	0x03C0,
0x12D6,	0x98EC,
0x12D8,	0xA4C2,
0x12DC,	0x0189,
0x12D4,	0xA6FD,
0x0C50,	0x3CC7,
0x0C52,	0x7D3F,
0x0C5E,	0x0000,
0x26A8,	0x0022,
0x26A4,	0x0036,
0x26A6,	0x0036,
0x12DA,	0x2020,
0x0D14,	0x80F1,
0x0BDC,	0x0034,
0x0BE6,	0x8C40,
0x0BE8,	0xAC40,
0x0B52,	0x0E06,
0x0B56,	0x0E06,
0x0B58,	0x0606,
0x0B6A,	0x0206,
0x0B6E,	0x0206,
0x0B70,	0x0606,
0x0B82,	0x0202,
0x0B86,	0x0202,
0x0B88,	0x0202,
0x0BB2,	0x1313,
0x0BB6,	0x1313,
0x0BB8,	0x0A0B,
0x0BBA,	0x1313,
0x0BCE,	0x1313,
0x0BD0,	0x0A13,
0x0BD2,	0x1313,
0x7DD4,	0x0100,
0x9090,	0x0100,
0x90A2,	0x0100,
0x9100,	0x0211,
0x9140,	0x0200,
0x9110,	0x0200,
0x0CC0,	0x0101,
0x0CC2,	0x0100,
0x0CCE,	0x0028,
0x0CE4,	0x0028,
0x0CFA,	0x0028,
0x1AD4,	0x0101,
0x1AD6,	0x0001,
0x2866,	0x0002,
0x3B28,	0x0106,
0x3B2A,	0x0000,
0x1316,	0x0010,
0x131A,	0x000A,
0x6DB2,	0x0100,
0x6DB4,	0x0420,
0x6DB6,	0x2400,
0x6DB8,	0x0000,
0x6DBA,	0x0000,
0x6DBC,	0x0000,
0x6DBE,	0x0000,
0x6DC0,	0x0000,
0x6DC2,	0x0000,
0x6DF2,	0x0000,
0x6DF4,	0x0000,
0x6E74,	0x0000,
0x6E76,	0x0420,
0x6E78,	0x2400,
0x6EB4,	0x0009,
0x6EB6,	0x0D29,
0x6EB8,	0x2D00,
0x6D70,	0x0001,
0x6D72,	0x0004,
0x6D74,	0x2024,
0x6D76,	0x0000,
0x6D78,	0x0000,
0x6D7A,	0x0000,
0x6D7C,	0x0000,
0x6D7E,	0x0000,
0x6D80,	0x0000,
0x6DF6,	0x0420,
0x6DF8,	0x2400,
0x6E34,	0x0009,
0x6E36,	0x0D29,
0x6E38,	0x2D00,
0x7162,	0x0000,
0x7164,	0x0000,
0x7166,	0x0000,
0x7168,	0x0000,
0x7172,	0x0000,
0x7174,	0x0000,
0x7176,	0x0000,
0x7178,	0x0000,
0x7182,	0x0000,
0x7184,	0x0000,
0x7186,	0x0000,
0x7188,	0x0000,
0x7192,	0x0000,
0x7194,	0x0000,
0x7196,	0x0000,
0x7198,	0x0000,
0x716A,	0x0000,
0x716C,	0x0000,
0x716E,	0x0000,
0x7170,	0x0000,
0x717A,	0x0000,
0x717C,	0x0000,
0x717E,	0x0000,
0x7180,	0x0000,
0x718A,	0x0000,
0x718C,	0x0000,
0x718E,	0x0000,
0x7190,	0x0000,
0x719A,	0x0000,
0x719C,	0x0000,
0x719E,	0x0000,
0x71A0,	0x0000,
0x71A2,	0x0000,
0x71A4,	0x0000,
0x71A6,	0x0000,
0x71A8,	0x0000,
0x71B2,	0x0000,
0x71B4,	0x0000,
0x71B6,	0x0000,
0x71B8,	0x0000,
0x71C2,	0x0000,
0x71C4,	0x0000,
0x71C6,	0x0000,
0x71C8,	0x0000,
0x71D2,	0x0000,
0x71D4,	0x0000,
0x71D6,	0x0000,
0x71D8,	0x0000,
0x71AA,	0x0000,
0x71AC,	0x0000,
0x71AE,	0x0000,
0x71B0,	0x0000,
0x71BA,	0x0000,
0x71BC,	0x0000,
0x71BE,	0x0000,
0x71C0,	0x0000,
0x71CA,	0x0000,
0x71CC,	0x0000,
0x71CE,	0x0000,
0x71D0,	0x0000,
0x71DA,	0x0000,
0x71DC,	0x0000,
0x71DE,	0x0000,
0x71E0,	0x0000,
0xB2F8,	0x0000,
0xB2FA,	0x0320,
0xB2FE,	0x0000,
0xB300,	0x0001,
0xB302,	0x0002,
0xB304,	0x0004,
0xB306,	0x0006,
0xB308,	0x0008,
0xB30A,	0x000A,
0xB30C,	0x000C,
0xB30E,	0x000F,
0xB310,	0x0012,
0xB312,	0x0016,
0xB314,	0x0021,
0xB316,	0x005A,
0xB318,	0x00C0,
0xB31A,	0x00F0,
0xB31C,	0x011C,
0xB31E,	0x0120,
0xB320,	0x0130,
0xB322,	0x02C0,
0xB324,	0x0320,
0xB326,	0x08C0,
0xB328,	0x16C0,
0xB32A,	0x3200,
0xB32C,	0x3FF0,
0xB32E,	0xFFFF,
0xB330,	0xFFFF,
0xB332,	0xFFFF,
0xB334,	0xFFFF,
0xB336,	0xFFFF,
0xB338,	0xFFFF,
0xB33A,	0xFFFF,
0xB33C,	0xFFFF,
0xB33E,	0x1263,
0xB340,	0x1263,
0xB342,	0x1252,
0xB344,	0x1231,
0xB346,	0x1211,
0xB348,	0x11F0,
0xB34A,	0x11CF,
0xB34C,	0x11AF,
0xB34E,	0x1180,
0xB350,	0x1165,
0xB352,	0x1140,
0xB354,	0x10FB,
0xB356,	0x1091,
0xB358,	0x1071,
0xB35A,	0x1063,
0xB35C,	0x1056,
0xB35E,	0x1055,
0xB360,	0x1052,
0xB362,	0x102C,
0xB364,	0x1028,
0xB366,	0x1012,
0xB368,	0x1001,
0xB36A,	0x1000,
0xB36C,	0x1000,
0xB36E,	0x1000,
0xB370,	0x1000,
0xB372,	0x1000,
0xB374,	0x1000,
0xB376,	0x1000,
0xB378,	0x1000,
0xB37A,	0x1000,
0xB37C,	0x1000,
0xB37E,	0x0D00,
0xB390,	0x1301,
0xB3E8,	0x1301,
0xFCFC,	0x2002,
0xA03E,	0x002F,
0xA04A,	0x0000,
0xA08A,	0x0000,
0xA08C,	0x0000,
0xA08E,	0x007D,
0xA090,	0x007D,
0xA092,	0x007D,
0xA094,	0x007D,
0xA096,	0x007D,
0xA040,	0x0102,
0xFCFC,	0x2000,
0x4490,	0x0000,
0x4492,	0x0065,
0x5510,	0x0000,
0x5524,	0x0180,
0x5526,	0x0180,
0x428A,	0x00FF,
0x428C,	0xFFFF,
0x428E,	0xFFFF,
0x4290,	0xFFFF,
0x550A,	0x0102,
0x13A2,	0x0101,
0x5508,	0x4040,
0x54AA,	0x0703,
0x54AC,	0x0508,
0x5426,	0x0100,
0x543E,	0x0000,
0x542A,	0x05DC,
0x538C,	0x0000,
0x538E,	0x0000,
0x538A,	0x0001,
0x4482,	0x0101,
0x4484,	0x0100,
0x12CA,	0x0002,
0x1320,	0x0101,
0x12EA,	0x0100,
0x12F0,	0x0100,
0x4486,	0x0001,
0x448A,	0x0100,
0x448C,	0x0101,
0x1348,	0xA000,
0x1352,	0x8300,
0x1366,	0x0100,
0x54BE,	0x0010,
0x54DC,	0x0144,
0x54C0,	0x0004,
0x54DE,	0x0036,
0x54C2,	0x0004,
0x54E0,	0x0010,
0x54C4,	0x0002,
0x54E2,	0x0016,
0x54C6,	0x0002,
0x54E4,	0x0010,
0x54C8,	0x0004,
0x54E6,	0x0006,
0x54CA,	0x0002,
0x54E8,	0x0006,
0x54CC,	0x0002,
0x54EA,	0x0006,
0x54CE,	0x0002,
0x54EC,	0x0010,
0x54D0,	0x0002,
0x54EE,	0x0006,
0x5556,	0x0010,
0x4BDC,	0x0000,
0x4BDE,	0x0001,
0x4BE6,	0x0200,
0x4BF8,	0x0200,
0x4BEA,	0x0400,
0x4BFC,	0x0401,
0x4BEC,	0x03FF,
0x4BFE,	0x0400,
0x4D74,	0x0000,
0x4D76,	0x0000,
0x4D78,	0x0000,
0x4D7A,	0x0000,
0x4BE8,	0x0200,
0x4BFA,	0x0200,
0x4E14,	0x0000,
0x4E16,	0x0000,
0x4E18,	0x0000,
0x4E1A,	0x0000,
0x4EB4,	0x0009,
0x4EB6,	0x000A,
0x4EB8,	0x4000,
0x4EBA,	0xEF56,
0x4F54,	0x049B,
0x4F56,	0x049B,
0x4F58,	0x4000,
0x4F5A,	0xF300,
0x56DA,	0x004B,
0x56F2,	0x004B,
0x570A,	0x004B,
0x57CA,	0x0008,
0x5AFA,	0x006B,
0x5B2A,	0x005E,
0x6622,	0x0093,
0x7CEA,	0x0047,
0x7E82,	0x0002,
0x68F2,	0x0010,
0x6922,	0x0030,
0x5AB2,	0x002D,
0x660A,	0x0019,
0x7D92,	0x014F,
0x582A,	0x0008,
0x57B4,	0x0008,
0x57CC,	0x0008,
0x57FC,	0x0008,
0x582C,	0x0008,
0x5994,	0x001E,
0x5A24,	0x001E,
0x5AB4,	0x002D,
0x5AFC,	0x006B,
0x5B14,	0x006B,
0x5B2C,	0x005E,
0x5B44,	0x005E,
0x660C,	0x0019,
0x6624,	0x0093,
0x6654,	0x0093,
0x7CEC,	0x0047,
0x7D7C,	0x00AF,
0x7D94,	0x00A0,
0x7E84,	0x0002,
0x57BC,	0x0008,
0x57D4,	0x0008,
0x5804,	0x0008,
0x5834,	0x0008,
0x599C,	0x001E,
0x5A2C,	0x001E,
0x5ABC,	0x002D,
0x5B04,	0x006B,
0x5B1C,	0x006B,
0x5B34,	0x005E,
0x5B4C,	0x005E,
0x6614,	0x0019,
0x662C,	0x0093,
0x665C,	0x0093,
0x68FC,	0x0010,
0x6914,	0x0029,
0x692C,	0x0030,
0x7CF4,	0x0047,
0x7D84,	0x00AF,
0x7D9C,	0x00CB,
0x7E8C,	0x0002,
0x7EA4,	0x0047,
0x59FC,	0x0023,
0x59CC,	0x007D,
0x56E6,	0x0058,
0x56FE,	0x0058,
0x5716,	0x0058,
0x5836,	0x0028,
0x7CF6,	0x0067,
0x5B06,	0x009B,
0x5B1E,	0x009B,
0x5B36,	0x008E,
0x5B4E,	0x008E,
0x662E,	0x00B3,
0x665E,	0x00B3,
0x57D6,	0x0010,
0x5806,	0x0022,
0x599E,	0x02E4,
0x59FE,	0x0023,
0x68FE,	0x0017,
0x6916,	0x002E,
0x692E,	0x0035,
0x7D9E,	0x011B,
0x7D86,	0x00CF,
0x7EA6,	0x0067,
0x7EA8,	0x0047,
0x5838,	0x0008,
0x7CF8,	0x0047,
0x5B08,	0x006B,
0x5B20,	0x006B,
0x5B38,	0x005E,
0x5B50,	0x005E,
0x6630,	0x0093,
0x6660,	0x0093,
0x57D8,	0x0008,
0x5808,	0x0008,
0x5A00,	0x0023,
0x6900,	0x0010,
0x6918,	0x0029,
0x6930,	0x0030,
0x583C,	0x0008,
0x5A04,	0x0023,
0x5AC4,	0x0069,
0x5ADC,	0x0069,
0x661C,	0x0055,
0x6634,	0x0093,
0x664C,	0x0055,
0x6664,	0x0093,
0x5B0C,	0x006B,
0x5B24,	0x006B,
0x5B3C,	0x005E,
0x5B54,	0x005E,
0x6904,	0x0010,
0x691C,	0x0030,
0x6934,	0x0030,
0x7CFC,	0x0055,
0x7D14,	0x0055,
0x7D8C,	0x0118,
0x7DA4,	0x0131,
0x7DBC,	0x0131,
0x7EAC,	0x0055,
0x13A0,	0x0002,
0x5536,	0x1000,
0x1330,	0x2DDE,
0x1334,	0x28FD,
0x137E,	0x20FF,
0x1464,	0x09C4,
0xFCFC,	0x2001,
0x26AA,	0x0000,
0x136A,	0x0043,
0x1372,	0x3308,
0x395A,	0x7F02,
0x3FD8,	0x0100,
0x4C3C,	0x0000,
0x3FEC,	0x0200,
0x3FFE,	0x070F,
0x4004,	0x0006,
0x3FE2,	0x00FF,
0x4010,	0x0100,
0x3FD0,	0x0010,
0x3FD2,	0x000C,
0x3FE8,	0x2009,
0x3FEA,	0x0901,
0xAACA,	0x0000,
0xB2E4,	0x0101,
0xB47A,	0x1000,
0xB47C,	0x0000,
0xB47E,	0x00F5,
0x1AD8,	0x0101,
0x1A4C,	0x0002,
0x1982,	0x0000,
0x7C30,	0x0000,
0x7C34,	0x0001,
0x7C36,	0xB308,
0x291A,	0x0000,
0x79F0,	0x0000,
0x9048,	0x0000,
0x904A,	0x0000,
0x904C,	0x0000,
0x904E,	0x0000,
0x9050,	0x0000,
0x9054,	0x0000,
0x9056,	0x0000,
0x9058,	0x0000,
0x905A,	0x0000,
0x0C14,	0x0000,
0x0C16,	0x0000,
0x0C18,	0x0000,
0x0C1A,	0x0000,
0xFCFC,	0x2000,
0x4BE2,	0x0000,
0x4BF4,	0x0200,
0x4C06,	0x0200,
0x51D4,	0x0000,
0x51D6,	0x0000,
0x51D8,	0x0000,
0x51DA,	0x0000,
0x51DC,	0x0000,
0x51DE,	0x0000,
0x51E0,	0x0000,
0x51E2,	0x0000,
0x4BE0,	0x0101,
0x4BEE,	0x01FF,
0x4C00,	0x0200,
0x4FF4,	0x0101,
0x4FF6,	0x0189,
0x4FF8,	0x4000,
0x4FFA,	0xFD1A,
0x4BF0,	0x003F,
0x4C02,	0x0040,
0x5094,	0x000B,
0x5096,	0x000C,
0x5098,	0x4000,
0x509A,	0xFD7C,
0x509C,	0x000B,
0x509E,	0x000C,
0x50A0,	0x4000,
0x50A2,	0xF33A,
0x50A4,	0x000B,
0x50A6,	0x000A,
0x50A8,	0x4000,
0x50AA,	0xFD8E,
0x50AC,	0x000A,
0x50AE,	0x0006,
0x50B0,	0x4000,
0x50B2,	0xE43E,
0xFCFC,	0x4000,
0xBA8C,	0x0000,
0xBA90,	0x0000,
0xFEFA,	0x0000,
0xFEFC,	0x0000,
0xF33A,	0x000C,
0xFD7C,	0x000C,
0xF338,	0x0022,
0xFD7A,	0x0022,
0xF31E,	0x001C,
0xF32A,	0x001C,
0xF320,	0x001C,
0xF32C,	0x001C,
0xFCFC,	0x2001,
0x0C04,	0x2E28,
0x0C0A,	0x2E28,
0x19E4,	0x0001,
0x7C48,	0x03C0,
0x2872,	0x0000,
0x26B2,	0xFDA2,
0x26B4,	0xFDA0,
0x26B6,	0x0040,
0x26C4,	0x001B,
0x26B8,	0x0080,
0x26C6,	0x001B,
0x26BA,	0x0100,
0x26C8,	0x0020,
0x26BC,	0x0200,
0x26CA,	0x001B,
0x26BE,	0x0400,
0x26CC,	0x0028,
0x26C0,	0x0800,
0x26CE,	0x002E,
0x26C2,	0x1000,
0x26D0,	0x0033,
0x26D2,	0x0033,
0x26B0,	0x0100,
0x2874,	0x0000,
0x2876,	0x0000,
0x2878,	0x0000,
0x287A,	0x0000,
0x287C,	0x0000,
0x287E,	0x0000,
0x2880,	0x0000,
0x2882,	0x0000,
0x2886,	0x0000,
0x2888,	0x0000,
0x288A,	0x0000,
0x288C,	0x0000,
0x288E,	0x0000,
0x2890,	0x0000,
0x2892,	0x0000,
0x2894,	0x0000,
0x2898,	0x0000,
0x289A,	0x0000,
0x289C,	0x0000,
0x289E,	0x0000,
0x28A0,	0x0000,
0x28A2,	0x0000,
0x28A4,	0x0000,
0x28A6,	0x0000,
0x28CE,	0x0000,
0x28D0,	0x0000,
0x28D2,	0x0000,
0x28D4,	0x0000,
0x28D6,	0x0000,
0x28D8,	0x0000,
0x28DA,	0x0000,
0x28DC,	0x0000,
0x28AA,	0x0000,
0x28BC,	0x0000,
0x28AC,	0x0000,
0x28BE,	0x0000,
0x28AE,	0x0000,
0x28C0,	0x0000,
0x28B0,	0x0000,
0x28C2,	0x0000,
0x28B2,	0x0000,
0x28C4,	0x0000,
0x28B4,	0x0000,
0x28C6,	0x0000,
0x28B6,	0x0000,
0x28C8,	0x0000,
0x28B8,	0x0000,
0x28CA,	0x0000,
0xFCFC,	0x2000,
0x1300,	0x0001,
0xFCFC,	0x2002,
0xA044,	0x0001,
0xA046,	0x0101,
0xABFC,	0x0000,
0xAC06,	0x0001,
0xFCFC,	0x4001,
0x0606,	0x0024,
0x0608,	0x0014,
0x060A,	0x0034,
0xFCFC,	0x4000,
0x020C,	0x0000,
};

//2X
static u16 addr_data_pair_custom3[] = {
0xFCFC,	0x4000,
0x0B30,	0x0000,
0xFCFC,	0x4000,
0x6214,	0xFFFF,
0x6216,	0xFFFF,
0x6218,	0xFFFF,
0xA100,	0xFFFF,
0xFCFC,	0x4001,
0x0100,	0xFFFF,
0x2100,	0xFFFF,
0xFCFC,	0x4000,
0x8100,	0xFFFF,
0x621A,	0x0000,
0x621C,	0x0000,
0x6220,	0x0000,
0xA102,	0x0000,
0xFCFC,	0x4001,
0x0102,	0x0000,
0x2102,	0x0000,
0xFCFC,	0x4000,
0x8102,	0x0000,
0x0344,	0x1000,
0x0348,	0x2FDF,
0x0346,	0x0C18,
0x034A,	0x2407,
0x034C,	0x0FF0,
0x034E,	0x0BF4,
0x0340,	0x1250,
0x0342,	0x30D0,
0x0900,	0x2222,
0x0380,	0x0002,
0x0382,	0x0002,
0x0384,	0x0002,
0x0386,	0x0002,
0x040C,	0x0000,
0x0400,	0x1010,
0x0408,	0x0100,
0x040A,	0x0100,
0x0350,	0x0000,
0x0352,	0x0002,
0x0136,	0x1800,
0x013E,	0x0000,
0x0304,	0x0003,
0x0306,	0x00DC,
0x030C,	0x0001,
0x030E,	0x0003,
0x0310,	0x00AA,
0x0312,	0x0001,
0x031A,	0x0002,
0x031C,	0x0026,
0x031E,	0x0002,
0x0B08,	0x0101,
0x0202,	0x0014,
0x022C,	0x0014,
0x0226,	0x0014,
0x0702,	0x0000,
0x0704,	0x0000,
0x0B02,	0x0102,
0x0B04,	0x0011,
0x0BE2,	0x0000,
0x0BC2,	0x0000,
0x0BC4,	0x0000,
0x021E,	0x0000,
0x0228,	0x0100,
0x0722,	0x0800,
0x0112,	0x0A0C,
0x0114,	0x0301,
0x0118,	0x0004,
0x011A,	0x0001,
0x011C,	0x0101,
0x0270,	0x2B2B,
0x0272,	0x2C10,
0x0260,	0x0001,
0x0262,	0x0200,
0x0264,	0x0102,
0x0266,	0x0000,
0x0274,	0x3030,
0x0720,	0x0001,
0x0724,	0x0001,
0x0728,	0x03FC,
0x072A,	0x017E,
0x072C,	0x00FC,
0x072E,	0x017E,
0xFCFC,	0x2001,
0x9000,	0x0100,
0x9082,	0x0100,
0xFCFC,	0x2000,
0x14B8,	0x0000,
0x4294,	0xBA84,
0x4296,	0x0200,
0x4298,	0xBA86,
0x429A,	0x0400,
0x429C,	0xBA88,
0x429E,	0x0200,
0x42A0,	0xBA8A,
0x42A2,	0x0200,
0x42A4,	0x0000,
0x42A6,	0x0000,
0x42BC,	0xBA84,
0x42BE,	0x0200,
0x42C0,	0xBA86,
0x42C2,	0x0400,
0x42C4,	0xBA88,
0x42C6,	0x0200,
0x42C8,	0xBA8A,
0x42CA,	0x0200,
0x42CC,	0x0000,
0x42CE,	0x0000,
0x42E4,	0x0000,
0x42E6,	0x0000,
0x442A,	0x000A,
0x443A,	0x000E,
0x4428,	0x0000,
0x4438,	0x0004,
0x4424,	0x0014,
0x4434,	0x0014,
0x4432,	0x001F,
0x4442,	0x001F,
0x4430,	0x001A,
0x4440,	0x001A,
0x442C,	0x0024,
0x443C,	0x0024,
0xFCFC,	0x2001,
0x9270,	0x0200,
0x9306,	0xFFFF,
0x9308,	0xFFFF,
0x930A,	0xFFFF,
0x9D62,	0x0007,
0x9D64,	0x0007,
0x9D66,	0x0007,
0x9D68,	0x000A,
0x9D6A,	0x000A,
0x9D6C,	0x000A,
0x9D72,	0x0014,
0x9D74,	0x0014,
0x9D76,	0x0014,
0x9D78,	0x0014,
0x9D7A,	0x0014,
0x9D7C,	0x0014,
0x9D82,	0x0014,
0x9D84,	0x0014,
0x9D86,	0x001E,
0x9D88,	0x0028,
0x9D8A,	0x0032,
0x9D8C,	0x0032,
0x9D92,	0x0014,
0x9D94,	0x0014,
0x9D96,	0x001E,
0x9D98,	0x0028,
0x9D9A,	0x0032,
0x9D9C,	0x0032,
0x9DA2,	0x0014,
0x9DA4,	0x0014,
0x9DA6,	0x001E,
0x9DA8,	0x0032,
0x9DAA,	0x0032,
0x9DAC,	0x0032,
0x9DB2,	0x0001,
0x9DB4,	0x0001,
0x9DB6,	0x0001,
0x9DB8,	0x0001,
0x9DBA,	0x0001,
0x9DBC,	0x0001,
0x928C,	0x4057,
0x928E,	0x2F36,
0x9290,	0x506A,
0x92A8,	0x2500,
0x92B4,	0x2D3C,
0x9852,	0x0514,
0x9854,	0x0514,
0x9856,	0x0514,
0x9858,	0x0514,
0x985A,	0x0514,
0x985C,	0x0514,
0x92D0,	0x27D8,
0x92D2,	0x27D8,
0x92D4,	0x27D8,
0x92F4,	0x2008,
0x92F6,	0x2008,
0x92F8,	0x2008,
0x7DB2,	0x03FF,
0xFCFC,	0x2001,
0x94B6,	0x0258,
0x94B8,	0x0258,
0x94BA,	0x0258,
0x94BC,	0x0258,
0x94BE,	0x0258,
0x94C0,	0x0258,
0x94D2,	0x0190,
0x94D4,	0x0190,
0x94D6,	0x0190,
0x94D8,	0x0190,
0x94DA,	0x0190,
0x94DC,	0x0190,
0x94EE,	0x01F4,
0x94F0,	0x01F4,
0x94F2,	0x01F4,
0x94F4,	0x01F4,
0x94F6,	0x01F4,
0x94F8,	0x01F4,
0x9276,	0x0101,
0x9278,	0x0101,
0x927A,	0x0109,
0x92E2,	0x00BE,
0x92E4,	0x00BE,
0x92E6,	0x00BE,
0x92E8,	0x27D8,
0x92EA,	0x27D8,
0x92EC,	0x27D8,
0x988A,	0x0001,
0x988C,	0x0001,
0x988E,	0x0001,
0x9890,	0x0001,
0x9892,	0x0001,
0x9894,	0x0001,
0x9606,	0x001E,
0x9608,	0x001E,
0x960A,	0x001E,
0x960C,	0x001E,
0x960E,	0x001E,
0x9610,	0x001E,
0x9836,	0x0000,
0x9838,	0x0001,
0x983A,	0x0001,
0x983C,	0x0001,
0x983E,	0x0001,
0x9840,	0x0001,
0x1984,	0x0100,
0x19A2,	0x0000,
0x19F8,	0x0000,
0x19FA,	0x0400,
0x19E6,	0x0001,
0x19E8,	0x0004,
0x19EC,	0x0100,
0x19EE,	0x0400,
0x19F0,	0x0400,
0x231A,	0x0022,
0x2372,	0x0007,
0x2326,	0x0000,
0x2342,	0x0014,
0x232A,	0x0001,
0x2374,	0x0000,
0x238C,	0x0001,
0x2376,	0x0000,
0x238E,	0x0001,
0x2344,	0x0014,
0x232C,	0x0001,
0x237E,	0x0032,
0x2396,	0x0096,
0x234C,	0x004C,
0x2334,	0x0212,
0x23A4,	0x0001,
0x2380,	0x0000,
0x2398,	0x0001,
0x234E,	0x0014,
0x2336,	0x0001,
0x2382,	0x0000,
0x239A,	0x0001,
0x2350,	0x0014,
0x2338,	0x0001,
0x2354,	0x0014,
0x233C,	0x0001,
0x2386,	0x0000,
0x239E,	0x0001,
0x3B22,	0x0100,
0x3A9E,	0x0404,
0x3AA0,	0x0201,
0x3B2C,	0x0040,
0x3AD4,	0x0100,
0x3AE6,	0x0000,
0x3AF2,	0x0000,
0x8180,	0x0001,
0x818E,	0x0FF0,
0x8190,	0x0BF4,
0x0AF2,	0x0C05,
0x0AF4,	0x0000,
0x0ACE,	0x0A28,
0x39B0,	0x0200,
0x399C,	0x0000,
0x399E,	0x0000,
0xBDC0,	0x0000,
0xBDC2,	0x0001,
0x2950,	0x0000,
0x3950,	0x8844,
0xB440,	0x0000,
0xA780,	0x0000,
0xA78C,	0x0020,
0xA790,	0x0010,
0xA7AA,	0x0000,
0xA8EC,	0x0000,
0xA922,	0x0000,
0xA924,	0x0000,
0xA926,	0x0000,
0xA936,	0x0000,
0xA938,	0x0000,
0xA940,	0x1020,
0xA942,	0x0000,
0xA944,	0x0000,
0xA948,	0x0000,
0x1310,	0x00E4,
0x3BB0,	0x0204,
0x9350,	0x0100,
0x8A24,	0x0004,
0x8A26,	0x0004,
0x8A12,	0x0000,
0x918C,	0xFFFF,
0x8A18,	0x0000,
0x8A1A,	0x0000,
0x26FC,	0x0000,
0x271C,	0x0002,
0x204A,	0x0B82,
0x2052,	0x0072,
0x2054,	0x003A,
0x2078,	0x0809,
0x2204,	0x0220,
0x0E74,	0x030F,
0x0E76,	0x030F,
0x2726,	0x0507,
0x3A78,	0xFF01,
0x3A50,	0x0100,
0x897A,	0x0040,
0x8986,	0x0100,
0x898A,	0x2100,
0x899C,	0x2000,
0x89EA,	0x0200,
0x89EC,	0x0200,
0x89EE,	0x0200,
0x89F0,	0x0200,
0x897E,	0x0005,
0x8980,	0x0503,
0x8974,	0x0101,
0x291E,	0x0103,
0x9062,	0x03FF,
0x906E,	0x03FF,
0x9046,	0x077E,
0x3BB2,	0x0100,
0x3C42,	0x01A0,
0x3C44,	0x415F,
0x3C46,	0x00C4,
0x3C48,	0x30C3,
0x9080,	0x0000,
0x92FC,	0x0100,
0x0AC2,	0x0514,
0x20B6,	0x0003,
0x20B8,	0x0003,
0x20BA,	0x0003,
0x20BC,	0x0003,
0x20BE,	0x0003,
0x20C0,	0x0003,
0x20C2,	0x0003,
0x20C4,	0x0003,
0x20C6,	0x0003,
0x20C8,	0x0003,
0x0BEC,	0x0241,
0x0C42,	0x02C0,
0x2690,	0x02C0,
0x12D6,	0x986C,
0x12D8,	0xA4C2,
0x12DC,	0x0100,
0x12D4,	0xA6FD,
0x0C50,	0x3CC7,
0x0C52,	0x7C3F,
0x0C5E,	0x0249,
0x26A8,	0x0022,
0x26A4,	0x0036,
0x26A6,	0x0036,
0x12DA,	0x2020,
0x0D14,	0x80F0,
0x0BDC,	0x002A,
0x0BE6,	0x8C40,
0x0BE8,	0xAC40,
0x0B52,	0x0E06,
0x0B56,	0x0E0E,
0x0B58,	0x0E06,
0x0B6A,	0x0206,
0x0B6E,	0x0202,
0x0B70,	0x0206,
0x0B82,	0x0202,
0x0B86,	0x0206,
0x0B88,	0x0202,
0x0BB2,	0x1313,
0x0BB6,	0x1313,
0x0BB8,	0x130B,
0x0BBA,	0x1313,
0x0BCE,	0x1313,
0x0BD0,	0x1313,
0x0BD2,	0x1313,
0x7DD4,	0x0000,
0x9090,	0x0100,
0x90A2,	0x0100,
0x9100,	0x0011,
0x9140,	0x0000,
0x9110,	0x0000,
0x0CC0,	0x0101,
0x0CC2,	0x0100,
0x0CCE,	0x0028,
0x0CE4,	0x0028,
0x0CFA,	0x0028,
0x1AD4,	0x0101,
0x1AD6,	0x0001,
0x2866,	0x0002,
0x3B28,	0x010A,
0x3B2A,	0x0000,
0x1316,	0x0010,
0x131A,	0x000A,
0x6DB2,	0x0100,
0x6DB4,	0x0204,
0x6DB6,	0x0610,
0x6DB8,	0x1214,
0x6DBA,	0x1620,
0x6DBC,	0x2224,
0x6DBE,	0x2630,
0x6DC0,	0x3234,
0x6DC2,	0x3600,
0x6DF2,	0x0000,
0x6DF4,	0x0000,
0x6E74,	0x0000,
0x6E76,	0x0420,
0x6E78,	0x2400,
0x6EB4,	0x0009,
0x6EB6,	0x0D29,
0x6EB8,	0x2D00,
0x6D70,	0x0001,
0x6D72,	0x0002,
0x6D74,	0x0406,
0x6D76,	0x1012,
0x6D78,	0x1416,
0x6D7A,	0x2022,
0x6D7C,	0x2426,
0x6D7E,	0x3032,
0x6D80,	0x3436,
0x6DF6,	0x0420,
0x6DF8,	0x2400,
0x6E34,	0x0009,
0x6E36,	0x0D29,
0x6E38,	0x2D00,
0x7162,	0x0000,
0x7164,	0x0000,
0x7166,	0x0000,
0x7168,	0x0000,
0x7172,	0x0000,
0x7174,	0x0000,
0x7176,	0x0000,
0x7178,	0x0000,
0x7182,	0x0000,
0x7184,	0x0000,
0x7186,	0x0000,
0x7188,	0x0000,
0x7192,	0x0000,
0x7194,	0x0000,
0x7196,	0x0000,
0x7198,	0x0000,
0x716A,	0x0000,
0x716C,	0x0000,
0x716E,	0x0000,
0x7170,	0x0000,
0x717A,	0x0000,
0x717C,	0x0000,
0x717E,	0x0000,
0x7180,	0x0000,
0x718A,	0x0000,
0x718C,	0x0000,
0x718E,	0x0000,
0x7190,	0x0000,
0x719A,	0x0000,
0x719C,	0x0000,
0x719E,	0x0000,
0x71A0,	0x0000,
0x71A2,	0x0000,
0x71A4,	0x0000,
0x71A6,	0x0000,
0x71A8,	0x0000,
0x71B2,	0x0000,
0x71B4,	0x0000,
0x71B6,	0x0000,
0x71B8,	0x0000,
0x71C2,	0x0000,
0x71C4,	0x0000,
0x71C6,	0x0000,
0x71C8,	0x0000,
0x71D2,	0x0000,
0x71D4,	0x0000,
0x71D6,	0x0000,
0x71D8,	0x0000,
0x71AA,	0x0000,
0x71AC,	0x0000,
0x71AE,	0x0000,
0x71B0,	0x0000,
0x71BA,	0x0000,
0x71BC,	0x0000,
0x71BE,	0x0000,
0x71C0,	0x0000,
0x71CA,	0x0000,
0x71CC,	0x0000,
0x71CE,	0x0000,
0x71D0,	0x0000,
0x71DA,	0x0000,
0x71DC,	0x0000,
0x71DE,	0x0000,
0x71E0,	0x0000,
0xB2F8,	0x0000,
0xB2FA,	0x0320,
0xB2FE,	0x0000,
0xB300,	0x0001,
0xB302,	0x0002,
0xB304,	0x0004,
0xB306,	0x0006,
0xB308,	0x0008,
0xB30A,	0x000A,
0xB30C,	0x000C,
0xB30E,	0x000F,
0xB310,	0x0012,
0xB312,	0x0016,
0xB314,	0x0021,
0xB316,	0x005A,
0xB318,	0x00C0,
0xB31A,	0x00F0,
0xB31C,	0x011C,
0xB31E,	0x0120,
0xB320,	0x0130,
0xB322,	0x02C0,
0xB324,	0x0320,
0xB326,	0x08C0,
0xB328,	0x16C0,
0xB32A,	0x3200,
0xB32C,	0x3FF0,
0xB32E,	0xFFFF,
0xB330,	0xFFFF,
0xB332,	0xFFFF,
0xB334,	0xFFFF,
0xB336,	0xFFFF,
0xB338,	0xFFFF,
0xB33A,	0xFFFF,
0xB33C,	0xFFFF,
0xB33E,	0x1263,
0xB340,	0x1263,
0xB342,	0x1252,
0xB344,	0x1231,
0xB346,	0x1211,
0xB348,	0x11F0,
0xB34A,	0x11CF,
0xB34C,	0x11AF,
0xB34E,	0x1180,
0xB350,	0x1165,
0xB352,	0x1140,
0xB354,	0x10FB,
0xB356,	0x1091,
0xB358,	0x1071,
0xB35A,	0x1063,
0xB35C,	0x1056,
0xB35E,	0x1055,
0xB360,	0x1052,
0xB362,	0x102C,
0xB364,	0x1028,
0xB366,	0x1012,
0xB368,	0x1001,
0xB36A,	0x1000,
0xB36C,	0x1000,
0xB36E,	0x1000,
0xB370,	0x1000,
0xB372,	0x1000,
0xB374,	0x1000,
0xB376,	0x1000,
0xB378,	0x1000,
0xB37A,	0x1000,
0xB37C,	0x1000,
0xB37E,	0x0D00,
0xB390,	0x1301,
0xB3E8,	0x1301,
0xFCFC,	0x2002,
0xA03E,	0x001F,
0xA04A,	0x0100,
0xA08A,	0x0100,
0xA08C,	0x0000,
0xA08E,	0x007D,
0xA090,	0x007D,
0xA092,	0x007D,
0xA094,	0x007D,
0xA096,	0x007D,
0xA040,	0x0102,
0xFCFC,	0x2000,
0x4490,	0x0000,
0x4492,	0x0065,
0x5510,	0x0000,
0x5524,	0x0190,
0x5526,	0x0190,
0x428A,	0x00FF,
0x428C,	0xFFFF,
0x428E,	0xFFFF,
0x4290,	0xFFFF,
0x550A,	0x0101,
0x13A2,	0x0101,
0x5508,	0x4040,
0x54AA,	0x0704,
0x54AC,	0x0508,
0x5426,	0x0100,
0x543E,	0x0000,
0x542A,	0x05DC,
0x538C,	0x0000,
0x538E,	0x0000,
0x538A,	0x0001,
0x4482,	0x0101,
0x4484,	0x0100,
0x12CA,	0x0002,
0x1320,	0x0101,
0x12EA,	0x0100,
0x12F0,	0x0100,
0x4486,	0x0001,
0x448A,	0x0100,
0x448C,	0x0101,
0x1348,	0xA000,
0x1352,	0x9E00,
0x1366,	0x0100,
0x54BE,	0x0010,
0x54DC,	0x0144,
0x54C0,	0x0006,
0x54DE,	0x0036,
0x54C2,	0x0008,
0x54E0,	0x0010,
0x54C4,	0x0004,
0x54E2,	0x0016,
0x54C6,	0x0004,
0x54E4,	0x0010,
0x54C8,	0x0008,
0x54E6,	0x0006,
0x54CA,	0x0004,
0x54E8,	0x0006,
0x54CC,	0x0004,
0x54EA,	0x0006,
0x54CE,	0x0002,
0x54EC,	0x0010,
0x54D0,	0x0002,
0x54EE,	0x0006,
0x5556,	0x0010,
0x4BDC,	0x0100,
0x4BDE,	0x0101,
0x4BE6,	0x0100,
0x4BF8,	0x0101,
0x4BEA,	0x0100,
0x4BFC,	0x0101,
0x4BEC,	0x01FF,
0x4BFE,	0x0200,
0x4D74,	0x000F,
0x4D76,	0x0013,
0x4D78,	0x4000,
0x4D7A,	0xFD8E,
0x4BE8,	0x007F,
0x4BFA,	0x0080,
0x4E14,	0x002B,
0x4E16,	0x0026,
0x4E18,	0x4000,
0x4E1A,	0xFD9E,
0x4EB4,	0x0007,
0x4EB6,	0x0009,
0x4EB8,	0x4000,
0x4EBA,	0xEF56,
0x4F54,	0x049B,
0x4F56,	0x0489,
0x4F58,	0x4000,
0x4F5A,	0xF300,
0x56DA,	0x004B,
0x56F2,	0x004B,
0x570A,	0x004B,
0x57CA,	0x0008,
0x5AFA,	0x006B,
0x5B2A,	0x005E,
0x6622,	0x0093,
0x7CEA,	0x0047,
0x7E82,	0x0002,
0x68F2,	0x0010,
0x6922,	0x0030,
0x5AB2,	0x002D,
0x660A,	0x0019,
0x7D92,	0x014F,
0x582A,	0x0008,
0x57B4,	0x0008,
0x57CC,	0x0008,
0x57FC,	0x0008,
0x582C,	0x0008,
0x5994,	0x001E,
0x5A24,	0x001E,
0x5AB4,	0x002D,
0x5AFC,	0x006B,
0x5B14,	0x006B,
0x5B2C,	0x005E,
0x5B44,	0x005E,
0x660C,	0x0019,
0x6624,	0x0093,
0x6654,	0x0093,
0x7CEC,	0x0047,
0x7D7C,	0x00AF,
0x7D94,	0x00A0,
0x7E84,	0x0002,
0x57BC,	0x0019,
0x57D4,	0x0019,
0x5804,	0x0008,
0x5834,	0x0008,
0x599C,	0x001E,
0x5A2C,	0x001E,
0x5ABC,	0x002D,
0x5B04,	0x00AB,
0x5B1C,	0x00AB,
0x5B34,	0x009E,
0x5B4C,	0x009E,
0x6614,	0x0019,
0x662C,	0x00D3,
0x665C,	0x00D3,
0x68FC,	0x0010,
0x6914,	0x0029,
0x692C,	0x0030,
0x7CF4,	0x0047,
0x7D84,	0x00AF,
0x7D9C,	0x010C,
0x7E8C,	0x0002,
0x7EA4,	0x0047,
0x59FC,	0x0148,
0x59CC,	0x006D,
0x56E6,	0x004B,
0x56FE,	0x004B,
0x5716,	0x004B,
0x5836,	0x0008,
0x7CF6,	0x0047,
0x5B06,	0x006B,
0x5B1E,	0x006B,
0x5B36,	0x005E,
0x5B4E,	0x005E,
0x662E,	0x0093,
0x665E,	0x0093,
0x57D6,	0x0008,
0x5806,	0x0008,
0x599E,	0x001E,
0x59FE,	0x0023,
0x68FE,	0x0010,
0x6916,	0x0029,
0x692E,	0x0030,
0x7D9E,	0x00CB,
0x7D86,	0x00AF,
0x7EA6,	0x0047,
0x7EA8,	0x0047,
0x5838,	0x0008,
0x7CF8,	0x0047,
0x5B08,	0x006B,
0x5B20,	0x006B,
0x5B38,	0x005E,
0x5B50,	0x005E,
0x6630,	0x0093,
0x6660,	0x0093,
0x57D8,	0x0008,
0x5808,	0x0008,
0x5A00,	0x0023,
0x6900,	0x0010,
0x6918,	0x0029,
0x6930,	0x0030,
0x583C,	0x0008,
0x5A04,	0x0023,
0x5AC4,	0x0069,
0x5ADC,	0x0069,
0x661C,	0x0055,
0x6634,	0x0093,
0x664C,	0x0055,
0x6664,	0x0093,
0x5B0C,	0x006B,
0x5B24,	0x006B,
0x5B3C,	0x005E,
0x5B54,	0x005E,
0x6904,	0x0010,
0x691C,	0x0030,
0x6934,	0x0030,
0x7CFC,	0x0055,
0x7D14,	0x0055,
0x7D8C,	0x0118,
0x7DA4,	0x0131,
0x7DBC,	0x0131,
0x7EAC,	0x0055,
0x13A0,	0x0002,
0x5536,	0x1000,
0x1330,	0x3500,
0x1334,	0x25FD,
0x137E,	0x20FF,
0x1464,	0x09C4,
0xFCFC,	0x2001,
0x26AA,	0x0000,
0x136A,	0x0043,
0x1372,	0x3308,
0x395A,	0x7F02,
0x3FD8,	0x0100,
0x4C3C,	0x0000,
0x3FEC,	0x0200,
0x3FFE,	0x060F,
0x4004,	0x0006,
0x3FE2,	0x00FF,
0x4010,	0x0100,
0x3FD0,	0x0010,
0x3FD2,	0x000C,
0x3FE8,	0x200A,
0x3FEA,	0x0A01,
0xAACA,	0x0000,
0xB2E4,	0x0101,
0xB47A,	0x1000,
0xB47C,	0x0000,
0xB47E,	0x00F5,
0x1AD8,	0x0101,
0x1A4C,	0x0002,
0x1982,	0x0000,
0x7C30,	0x0000,
0x7C34,	0x0001,
0x7C36,	0xB308,
0x291A,	0x0000,
0x79F0,	0x0200,
0x9048,	0x0000,
0x904A,	0x0000,
0x904C,	0x0000,
0x904E,	0x0000,
0x9050,	0x0000,
0x9054,	0x0000,
0x9056,	0x0000,
0x9058,	0x0000,
0x905A,	0x0000,
0x0C14,	0x0000,
0x0C16,	0x0000,
0x0C18,	0x0000,
0x0C1A,	0x0000,
0xFCFC,	0x2000,
0x4BE2,	0x0000,
0x4BF4,	0x0200,
0x4C06,	0x0200,
0x51D4,	0x0000,
0x51D6,	0x0000,
0x51D8,	0x0000,
0x51DA,	0x0000,
0x51DC,	0x0000,
0x51DE,	0x0000,
0x51E0,	0x0000,
0x51E2,	0x0000,
0x4BE0,	0x0000,
0x4BEE,	0x0000,
0x4C00,	0x0000,
0x4FF4,	0x0000,
0x4FF6,	0x0000,
0x4FF8,	0x0000,
0x4FFA,	0x0000,
0x4BF0,	0x0000,
0x4C02,	0x0000,
0x5094,	0x0000,
0x5096,	0x0000,
0x5098,	0x0000,
0x509A,	0x0000,
0x509C,	0x0000,
0x509E,	0x0000,
0x50A0,	0x0000,
0x50A2,	0x0000,
0x50A4,	0x0000,
0x50A6,	0x0000,
0x50A8,	0x0000,
0x50AA,	0x0000,
0x50AC,	0x0000,
0x50AE,	0x0000,
0x50B0,	0x0000,
0x50B2,	0x0000,
0xFCFC,	0x4000,
0xBA8C,	0x0000,
0xBA90,	0x0000,
0xFEFA,	0x0000,
0xFEFC,	0x0000,
0xF33A,	0x0008,
0xFD7C,	0x0008,
0xF338,	0x0022,
0xFD7A,	0x0022,
0xF31E,	0x0010,
0xF32A,	0x0010,
0xF320,	0x0010,
0xF32C,	0x0010,
0xFCFC,	0x2001,
0x0C04,	0x2E28,
0x0C0A,	0x2E28,
0x19E4,	0x0001,
0x7C48,	0x03C0,
0x2872,	0x0000,
0x26B2,	0xFDA2,
0x26B4,	0xFDA0,
0x26B6,	0x0040,
0x26C4,	0x001B,
0x26B8,	0x0080,
0x26C6,	0x0022,
0x26BA,	0x0100,
0x26C8,	0x0015,
0x26BC,	0x0200,
0x26CA,	0x0023,
0x26BE,	0x0400,
0x26CC,	0x002A,
0x26C0,	0x0800,
0x26CE,	0x002F,
0x26C2,	0x0800,
0x26D0,	0x002F,
0x26D2,	0x002F,
0x26B0,	0x0100,
0x2874,	0x0000,
0x2876,	0x0000,
0x2878,	0x0000,
0x287A,	0x0000,
0x287C,	0x0000,
0x287E,	0x0000,
0x2880,	0x0000,
0x2882,	0x0000,
0x2886,	0x0008,
0x2888,	0x0100,
0x288A,	0x0009,
0x288C,	0x0400,
0x288E,	0x000A,
0x2890,	0x0000,
0x2892,	0x0000,
0x2894,	0x0000,
0x2898,	0xEF56,
0x289A,	0xEF56,
0x289C,	0xEF56,
0x289E,	0x0000,
0x28A0,	0x0000,
0x28A2,	0x0000,
0x28A4,	0x0000,
0x28A6,	0x0000,
0x28CE,	0x0000,
0x28D0,	0x0000,
0x28D2,	0x0000,
0x28D4,	0x0000,
0x28D6,	0x0000,
0x28D8,	0x0000,
0x28DA,	0x0000,
0x28DC,	0x0000,
0x28AA,	0x0000,
0x28BC,	0x0000,
0x28AC,	0x0000,
0x28BE,	0x0000,
0x28AE,	0x0000,
0x28C0,	0x0000,
0x28B0,	0x0000,
0x28C2,	0x0000,
0x28B2,	0x0000,
0x28C4,	0x0000,
0x28B4,	0x0000,
0x28C6,	0x0000,
0x28B6,	0x0000,
0x28C8,	0x0000,
0x28B8,	0x0000,
0x28CA,	0x0000,
0xFCFC,	0x2000,
0x1300,	0x0001,
0xFCFC,	0x2002,
0xA044,	0x0001,
0xA046,	0x0101,
0xABFC,	0x0000,
0xAC06,	0x0001,
0xFCFC,	0x4001,
0x0606,	0x0024,
0x0608,	0x0014,
0x060A,	0x0034,
0xFCFC,	0x4000,
0x020C,	0x0000,
};

//4X
static u16 addr_data_pair_custom4[] = {
0xFCFC,	0x4000,
0x0B30,	0x0000,
0xFCFC,	0x4000,
0x6214,	0xFFFF,
0x6216,	0xFFFF,
0x6218,	0xFFFF,
0xA100,	0xFFFF,
0xFCFC,	0x4001,
0x0100,	0xFFFF,
0x2100,	0xFFFF,
0xFCFC,	0x4000,
0x8100,	0xFFFF,
0x621A,	0x0000,
0x621C,	0x0000,
0x6220,	0x0000,
0xA102,	0x0000,
0xFCFC,	0x4001,
0x0102,	0x0000,
0x2102,	0x0000,
0xFCFC,	0x4000,
0x8102,	0x0000,
0x0344,	0x17F8,
0x0348,	0x27E7,
0x0346,	0x1210,
0x034A,	0x1E0F,
0x034C,	0x0FF0,
0x034E,	0x0BF4,
0x0340,	0x0CCF,
0x0342,	0x4F60,
0x0900,	0x0011,
0x0380,	0x0001,
0x0382,	0x0001,
0x0384,	0x0001,
0x0386,	0x0001,
0x040C,	0x0000,
0x0400,	0x1010,
0x0408,	0x0100,
0x040A,	0x0100,
0x0350,	0x0000,
0x0352,	0x0006,
0x0136,	0x1800,
0x013E,	0x0000,
0x0304,	0x0003,
0x0306,	0x00FA,
0x030C,	0x0001,
0x030E,	0x0003,
0x0310,	0x00AA,
0x0312,	0x0001,
0x031A,	0x0003,
0x031C,	0x0037,
0x031E,	0x0002,
0x0B08,	0x0101,
0x0202,	0x0014,
0x022C,	0x0014,
0x0226,	0x0014,
0x0702,	0x0000,
0x0704,	0x0000,
0x0B02,	0x0101,
0x0B04,	0x0011,
0x0BE2,	0x0000,
0x0BC2,	0x0000,
0x0BC4,	0x0000,
0x021E,	0x0000,
0x0228,	0x0100,
0x0722,	0x0800,
0x0112,	0x0A0C,
0x0114,	0x0301,
0x0118,	0x0004,
0x011A,	0x0001,
0x011C,	0x0101,
0x0270,	0x2C2B,
0x0272,	0x2B10,
0x0260,	0x0001,
0x0262,	0x0200,
0x0264,	0x0102,
0x0266,	0x0000,
0x0274,	0x3030,
0x0720,	0x0001,
0x0724,	0x0001,
0x0728,	0x01FC,
0x072A,	0x00BE,
0x072C,	0x007C,
0x072E,	0x00BE,
0xFCFC,	0x2001,
0x9000,	0x0000,
0x9082,	0x0100,
0xFCFC,	0x2000,
0x14B8,	0x0000,
0x4294,	0x0000,
0x4296,	0x0000,
0x4298,	0x0000,
0x429A,	0x0000,
0x429C,	0x0000,
0x429E,	0x0000,
0x42A0,	0x0000,
0x42A2,	0x0000,
0x42A4,	0x0000,
0x42A6,	0x0000,
0x42BC,	0x0000,
0x42BE,	0x0000,
0x42C0,	0x0000,
0x42C2,	0x0000,
0x42C4,	0x0000,
0x42C6,	0x0000,
0x42C8,	0x0000,
0x42CA,	0x0000,
0x42CC,	0x0000,
0x42CE,	0x0000,
0x42E4,	0x0000,
0x42E6,	0x0000,
0x442A,	0x000A,
0x443A,	0x000A,
0x4428,	0x0000,
0x4438,	0x0000,
0x4424,	0x0014,
0x4434,	0x0014,
0x4432,	0x001F,
0x4442,	0x001F,
0x4430,	0x001A,
0x4440,	0x001A,
0x442C,	0x0024,
0x443C,	0x0024,
0xFCFC,	0x2001,
0x9270,	0x0000,
0x9306,	0xFFFF,
0x9308,	0xFFFF,
0x930A,	0xFFFF,
0x9D62,	0x0007,
0x9D64,	0x0007,
0x9D66,	0x0007,
0x9D68,	0x000A,
0x9D6A,	0x000A,
0x9D6C,	0x000A,
0x9D72,	0x0014,
0x9D74,	0x0014,
0x9D76,	0x0014,
0x9D78,	0x0014,
0x9D7A,	0x0014,
0x9D7C,	0x0014,
0x9D82,	0x0014,
0x9D84,	0x0014,
0x9D86,	0x001E,
0x9D88,	0x0028,
0x9D8A,	0x0032,
0x9D8C,	0x0032,
0x9D92,	0x0014,
0x9D94,	0x0014,
0x9D96,	0x001E,
0x9D98,	0x0028,
0x9D9A,	0x0032,
0x9D9C,	0x0032,
0x9DA2,	0x0014,
0x9DA4,	0x0014,
0x9DA6,	0x001E,
0x9DA8,	0x0032,
0x9DAA,	0x0032,
0x9DAC,	0x0032,
0x9DB2,	0x0000,
0x9DB4,	0x0000,
0x9DB6,	0x0000,
0x9DB8,	0x0000,
0x9DBA,	0x0000,
0x9DBC,	0x0000,
0x928C,	0x4057,
0x928E,	0x2F36,
0x9290,	0x506A,
0x92A8,	0x2500,
0x92B4,	0x2D3C,
0x9852,	0x0550,
0x9854,	0x0550,
0x9856,	0x0550,
0x9858,	0x0550,
0x985A,	0x0550,
0x985C,	0x0550,
0x92D0,	0x3FFF,
0x92D2,	0x3FFF,
0x92D4,	0x3FFF,
0x92F4,	0x3FFF,
0x92F6,	0x3FFF,
0x92F8,	0x3FFF,
0x7DB2,	0x03FF,
0xFCFC,	0x2001,
0x94B6,	0x0258,
0x94B8,	0x0258,
0x94BA,	0x0258,
0x94BC,	0x0258,
0x94BE,	0x0258,
0x94C0,	0x0258,
0x94D2,	0x0190,
0x94D4,	0x0190,
0x94D6,	0x0190,
0x94D8,	0x0190,
0x94DA,	0x0190,
0x94DC,	0x0190,
0x94EE,	0x01F4,
0x94F0,	0x01F4,
0x94F2,	0x01F4,
0x94F4,	0x01F4,
0x94F6,	0x01F4,
0x94F8,	0x01F4,
0x9276,	0x0101,
0x9278,	0x0101,
0x927A,	0x0109,
0x92E2,	0x00BE,
0x92E4,	0x00BE,
0x92E6,	0x00BE,
0x92E8,	0x27D8,
0x92EA,	0x27D8,
0x92EC,	0x27D8,
0x988A,	0x0001,
0x988C,	0x0001,
0x988E,	0x0001,
0x9890,	0x0001,
0x9892,	0x0001,
0x9894,	0x0001,
0x9606,	0x001E,
0x9608,	0x001E,
0x960A,	0x001E,
0x960C,	0x001E,
0x960E,	0x001E,
0x9610,	0x001E,
0x9836,	0x0000,
0x9838,	0x0001,
0x983A,	0x0001,
0x983C,	0x0001,
0x983E,	0x0001,
0x9840,	0x0001,
0x1984,	0x0100,
0x19A2,	0x0000,
0x19F8,	0x0000,
0x19FA,	0x0200,
0x19E6,	0x0001,
0x19E8,	0x0002,
0x19EC,	0x0100,
0x19EE,	0x0400,
0x19F0,	0x0400,
0x231A,	0x0001,
0x2372,	0x0001,
0x2326,	0x0001,
0x2342,	0x0030,
0x232A,	0x0011,
0x2374,	0x002C,
0x238C,	0x0084,
0x2376,	0x0000,
0x238E,	0x0001,
0x2344,	0x0014,
0x232C,	0x0001,
0x237E,	0x0000,
0x2396,	0x0001,
0x234C,	0x0014,
0x2334,	0x0001,
0x23A4,	0x0000,
0x2380,	0x0000,
0x2398,	0x0001,
0x234E,	0x0014,
0x2336,	0x0001,
0x2382,	0x0000,
0x239A,	0x0001,
0x2350,	0x0014,
0x2338,	0x0001,
0x2354,	0x0014,
0x233C,	0x0001,
0x2386,	0x0000,
0x239E,	0x0001,
0x3B22,	0x0100,
0x3A9E,	0x0808,
0x3AA0,	0x0101,
0x3B2C,	0x0040,
0x3AD4,	0x0100,
0x3AE6,	0x0000,
0x3AF2,	0x0000,
0x8180,	0x0001,
0x818E,	0x0FF0,
0x8190,	0x0C00,
0x0AF2,	0x0C00,
0x0AF4,	0x0000,
0x0ACE,	0x0A28,
0x39B0,	0x0200,
0x399C,	0x0000,
0x399E,	0x0000,
0xBDC0,	0x0000,
0xBDC2,	0x0001,
0x2950,	0x0000,
0x3950,	0x8888,
0xB440,	0x0000,
0xA780,	0x0000,
0xA78C,	0x0C20,
0xA790,	0x0010,
0xA7AA,	0x0000,
0xA8EC,	0x0100,
0xA922,	0x0000,
0xA924,	0x0000,
0xA926,	0x0000,
0xA936,	0x0080,
0xA938,	0x0080,
0xA940,	0x0080,
0xA942,	0x0000,
0xA944,	0x0000,
0xA948,	0x0001,
0x1310,	0x00E4,
0x3BB0,	0x0204,
0x9350,	0x0100,
0x8A24,	0x0004,
0x8A26,	0x0004,
0x8A12,	0x0000,
0x918C,	0xFFFF,
0x8A18,	0x0000,
0x8A1A,	0x0000,
0x26FC,	0x0000,
0x271C,	0x0002,
0x204A,	0x1382,
0x2052,	0x0072,
0x2054,	0x003A,
0x2078,	0x0809,
0x2204,	0x0220,
0x0E74,	0x030F,
0x0E76,	0x030F,
0x2726,	0x0507,
0x3A78,	0xFF01,
0x3A50,	0x0100,
0x897A,	0xFFFF,
0x8986,	0x0200,
0x898A,	0x2101,
0x899C,	0xFF00,
0x89EA,	0x0200,
0x89EC,	0x0200,
0x89EE,	0x0200,
0x89F0,	0x0200,
0x897E,	0x0005,
0x8980,	0x0603,
0x8974,	0x0001,
0x291E,	0x0100,
0x9062,	0x03FF,
0x906E,	0x03FF,
0x9046,	0x077E,
0x3BB2,	0x0100,
0x3C42,	0x01A0,
0x3C44,	0x415F,
0x3C46,	0x00C4,
0x3C48,	0x30C3,
0x9080,	0x0006,
0x92FC,	0x0100,
0x0AC2,	0x04F6,
0x20B6,	0x0003,
0x20B8,	0x0003,
0x20BA,	0x0003,
0x20BC,	0x0003,
0x20BE,	0x0003,
0x20C0,	0x0003,
0x20C2,	0x0003,
0x20C4,	0x0003,
0x20C6,	0x0003,
0x20C8,	0x0003,
0x0BEC,	0x0000,
0x0C42,	0x03C0,
0x2690,	0x03C0,
0x12D6,	0x992C,
0x12D8,	0xA4C2,
0x12DC,	0x0109,
0x12D4,	0xA6FD,
0x0C50,	0x2CC5,
0x0C52,	0x7C3F,
0x0C5E,	0x0249,
0x26A8,	0x0022,
0x26A4,	0x0036,
0x26A6,	0x0036,
0x12DA,	0x2020,
0x0D14,	0x80F0,
0x0BDC,	0x002B,
0x0BE6,	0x0240,
0x0BE8,	0x2240,
0x0B52,	0x0E06,
0x0B56,	0x0E06,
0x0B58,	0x0606,
0x0B6A,	0x0206,
0x0B6E,	0x0206,
0x0B70,	0x0606,
0x0B82,	0x0202,
0x0B86,	0x0202,
0x0B88,	0x0202,
0x0BB2,	0x1313,
0x0BB6,	0x1313,
0x0BB8,	0x130B,
0x0BBA,	0x1313,
0x0BCE,	0x1313,
0x0BD0,	0x1313,
0x0BD2,	0x1313,
0x7DD4,	0x0100,
0x9090,	0x0100,
0x90A2,	0x0100,
0x9100,	0x0211,
0x9140,	0x0200,
0x9110,	0x0200,
0x0CC0,	0x0000,
0x0CC2,	0x0000,
0x0CCE,	0x0000,
0x0CE4,	0x0000,
0x0CFA,	0x0000,
0x1AD4,	0x0101,
0x1AD6,	0x0001,
0x2866,	0x0002,
0x3B28,	0x0008,
0x3B2A,	0x0000,
0x1316,	0x0010,
0x131A,	0x000A,
0x6DB2,	0x0000,
0x6DB4,	0x0000,
0x6DB6,	0x0000,
0x6DB8,	0x0000,
0x6DBA,	0x0000,
0x6DBC,	0x0000,
0x6DBE,	0x0000,
0x6DC0,	0x0000,
0x6DC2,	0x0000,
0x6DF2,	0x0000,
0x6DF4,	0x0000,
0x6E74,	0x0000,
0x6E76,	0x0000,
0x6E78,	0x0000,
0x6EB4,	0x0000,
0x6EB6,	0x0000,
0x6EB8,	0x0000,
0x6D70,	0x0000,
0x6D72,	0x0000,
0x6D74,	0x0000,
0x6D76,	0x0000,
0x6D78,	0x0000,
0x6D7A,	0x0000,
0x6D7C,	0x0000,
0x6D7E,	0x0000,
0x6D80,	0x0000,
0x6DF6,	0x0000,
0x6DF8,	0x0000,
0x6E34,	0x0000,
0x6E36,	0x0000,
0x6E38,	0x0000,
0x7162,	0x0000,
0x7164,	0x0000,
0x7166,	0x0000,
0x7168,	0x0000,
0x7172,	0x0000,
0x7174,	0x0000,
0x7176,	0x0000,
0x7178,	0x0000,
0x7182,	0x0000,
0x7184,	0x0000,
0x7186,	0x0000,
0x7188,	0x0000,
0x7192,	0x0000,
0x7194,	0x0000,
0x7196,	0x0000,
0x7198,	0x0000,
0x716A,	0x0000,
0x716C,	0x0000,
0x716E,	0x0000,
0x7170,	0x0000,
0x717A,	0x0000,
0x717C,	0x0000,
0x717E,	0x0000,
0x7180,	0x0000,
0x718A,	0x0000,
0x718C,	0x0000,
0x718E,	0x0000,
0x7190,	0x0000,
0x719A,	0x0000,
0x719C,	0x0000,
0x719E,	0x0000,
0x71A0,	0x0000,
0x71A2,	0x0000,
0x71A4,	0x0000,
0x71A6,	0x0000,
0x71A8,	0x0000,
0x71B2,	0x0000,
0x71B4,	0x0000,
0x71B6,	0x0000,
0x71B8,	0x0000,
0x71C2,	0x0000,
0x71C4,	0x0000,
0x71C6,	0x0000,
0x71C8,	0x0000,
0x71D2,	0x0000,
0x71D4,	0x0000,
0x71D6,	0x0000,
0x71D8,	0x0000,
0x71AA,	0x0000,
0x71AC,	0x0000,
0x71AE,	0x0000,
0x71B0,	0x0000,
0x71BA,	0x0000,
0x71BC,	0x0000,
0x71BE,	0x0000,
0x71C0,	0x0000,
0x71CA,	0x0000,
0x71CC,	0x0000,
0x71CE,	0x0000,
0x71D0,	0x0000,
0x71DA,	0x0000,
0x71DC,	0x0000,
0x71DE,	0x0000,
0x71E0,	0x0000,
0xB2F8,	0x0000,
0xB2FA,	0x0320,
0xB2FE,	0x0000,
0xB300,	0x0001,
0xB302,	0x0002,
0xB304,	0x0004,
0xB306,	0x0006,
0xB308,	0x0008,
0xB30A,	0x000A,
0xB30C,	0x000C,
0xB30E,	0x000F,
0xB310,	0x0012,
0xB312,	0x0016,
0xB314,	0x0021,
0xB316,	0x005A,
0xB318,	0x00C0,
0xB31A,	0x00F0,
0xB31C,	0x011C,
0xB31E,	0x0120,
0xB320,	0x0130,
0xB322,	0x02C0,
0xB324,	0x0320,
0xB326,	0x08C0,
0xB328,	0x16C0,
0xB32A,	0x3200,
0xB32C,	0x3FF0,
0xB32E,	0xFFFF,
0xB330,	0xFFFF,
0xB332,	0xFFFF,
0xB334,	0xFFFF,
0xB336,	0xFFFF,
0xB338,	0xFFFF,
0xB33A,	0xFFFF,
0xB33C,	0xFFFF,
0xB33E,	0x1263,
0xB340,	0x1263,
0xB342,	0x1252,
0xB344,	0x1231,
0xB346,	0x1211,
0xB348,	0x11F0,
0xB34A,	0x11CF,
0xB34C,	0x11AF,
0xB34E,	0x1180,
0xB350,	0x1165,
0xB352,	0x1140,
0xB354,	0x10FB,
0xB356,	0x1091,
0xB358,	0x1071,
0xB35A,	0x1063,
0xB35C,	0x1056,
0xB35E,	0x1055,
0xB360,	0x1052,
0xB362,	0x102C,
0xB364,	0x1028,
0xB366,	0x1012,
0xB368,	0x1001,
0xB36A,	0x1000,
0xB36C,	0x1000,
0xB36E,	0x1000,
0xB370,	0x1000,
0xB372,	0x1000,
0xB374,	0x1000,
0xB376,	0x1000,
0xB378,	0x1000,
0xB37A,	0x1000,
0xB37C,	0x1000,
0xB37E,	0x0D00,
0xB390,	0x1301,
0xB3E8,	0x1301,
0xFCFC,	0x2002,
0xA03E,	0x001F,
0xA04A,	0x0100,
0xA08A,	0x0100,
0xA08C,	0x0000,
0xA08E,	0x0064,
0xA090,	0x0064,
0xA092,	0x0064,
0xA094,	0x0064,
0xA096,	0x0064,
0xA040,	0x0102,
0xFCFC,	0x2000,
0x4490,	0x0000,
0x4492,	0x0065,
0x5510,	0x0000,
0x5524,	0x0190,
0x5526,	0x0190,
0x428A,	0x00FF,
0x428C,	0xFFFF,
0x428E,	0xFFFF,
0x4290,	0xFFFF,
0x550A,	0x0100,
0x13A2,	0x0001,
0x5508,	0x4040,
0x54AA,	0x0703,
0x54AC,	0x0508,
0x5426,	0x0100,
0x543E,	0x0000,
0x542A,	0x05DC,
0x538C,	0x0000,
0x538E,	0x0000,
0x538A,	0x0001,
0x4482,	0x0101,
0x4484,	0x0100,
0x12CA,	0x0002,
0x1320,	0x0101,
0x12EA,	0x0100,
0x12F0,	0x0100,
0x4486,	0x0000,
0x448A,	0x0100,
0x448C,	0x0101,
0x1348,	0x7000,
0x1352,	0x8300,
0x1366,	0x0100,
0x54BE,	0x0010,
0x54DC,	0x0144,
0x54C0,	0x0006,
0x54DE,	0x0036,
0x54C2,	0x0008,
0x54E0,	0x0010,
0x54C4,	0x0004,
0x54E2,	0x0016,
0x54C6,	0x0004,
0x54E4,	0x0010,
0x54C8,	0x0008,
0x54E6,	0x0006,
0x54CA,	0x0004,
0x54E8,	0x0006,
0x54CC,	0x0004,
0x54EA,	0x0006,
0x54CE,	0x0002,
0x54EC,	0x0010,
0x54D0,	0x0002,
0x54EE,	0x0006,
0x5556,	0x0010,
0x4BDC,	0x0000,
0x4BDE,	0x0000,
0x4BE6,	0x0200,
0x4BF8,	0x0200,
0x4BEA,	0x0020,
0x4BFC,	0x0020,
0x4BEC,	0x0200,
0x4BFE,	0x0200,
0x4D74,	0x0000,
0x4D76,	0x0000,
0x4D78,	0x0000,
0x4D7A,	0x0000,
0x4BE8,	0x0200,
0x4BFA,	0x0200,
0x4E14,	0x0000,
0x4E16,	0x0000,
0x4E18,	0x0000,
0x4E1A,	0x0000,
0x4EB4,	0x0000,
0x4EB6,	0x0000,
0x4EB8,	0x0000,
0x4EBA,	0x0000,
0x4F54,	0x0000,
0x4F56,	0x0000,
0x4F58,	0x0000,
0x4F5A,	0x0000,
0x56DA,	0x0064,
0x56F2,	0x0064,
0x570A,	0x0064,
0x57CA,	0x0016,
0x5AFA,	0x008B,
0x5B2A,	0x007E,
0x6622,	0x00B3,
0x7CEA,	0x0047,
0x7E82,	0x0002,
0x68F2,	0x0012,
0x6922,	0x0032,
0x5AB2,	0x002D,
0x660A,	0x0019,
0x7D92,	0x0137,
0x582A,	0x0001,
0x57B4,	0x0008,
0x57CC,	0x0008,
0x57FC,	0x0008,
0x582C,	0x0008,
0x5994,	0x001E,
0x5A24,	0x001E,
0x5AB4,	0x002D,
0x5AFC,	0x006B,
0x5B14,	0x006B,
0x5B2C,	0x005E,
0x5B44,	0x005E,
0x660C,	0x0019,
0x6624,	0x0093,
0x6654,	0x0093,
0x7CEC,	0x0047,
0x7D7C,	0x00AF,
0x7D94,	0x00A0,
0x7E84,	0x0002,
0x57BC,	0x0008,
0x57D4,	0x0008,
0x5804,	0x0008,
0x5834,	0x0008,
0x599C,	0x001E,
0x5A2C,	0x001E,
0x5ABC,	0x002D,
0x5B04,	0x006B,
0x5B1C,	0x006B,
0x5B34,	0x005E,
0x5B4C,	0x005E,
0x6614,	0x0019,
0x662C,	0x0093,
0x665C,	0x0093,
0x68FC,	0x0010,
0x6914,	0x0029,
0x692C,	0x0030,
0x7CF4,	0x0047,
0x7D84,	0x00AF,
0x7D9C,	0x00CB,
0x7E8C,	0x0002,
0x7EA4,	0x0047,
0x59FC,	0x0023,
0x59CC,	0x007D,
0x56E6,	0x004B,
0x56FE,	0x004B,
0x5716,	0x004B,
0x5836,	0x0008,
0x7CF6,	0x0047,
0x5B06,	0x006B,
0x5B1E,	0x006B,
0x5B36,	0x005E,
0x5B4E,	0x005E,
0x662E,	0x0093,
0x665E,	0x0093,
0x57D6,	0x0008,
0x5806,	0x0008,
0x599E,	0x001E,
0x59FE,	0x0023,
0x68FE,	0x0010,
0x6916,	0x0029,
0x692E,	0x0030,
0x7D9E,	0x00CB,
0x7D86,	0x00AF,
0x7EA6,	0x0047,
0x7EA8,	0x0047,
0x5838,	0x0008,
0x7CF8,	0x0047,
0x5B08,	0x006B,
0x5B20,	0x006B,
0x5B38,	0x005E,
0x5B50,	0x005E,
0x6630,	0x0093,
0x6660,	0x0093,
0x57D8,	0x0008,
0x5808,	0x0008,
0x5A00,	0x0023,
0x6900,	0x0010,
0x6918,	0x0029,
0x6930,	0x0030,
0x583C,	0x0008,
0x5A04,	0x0023,
0x5AC4,	0x0069,
0x5ADC,	0x0069,
0x661C,	0x0055,
0x6634,	0x0093,
0x664C,	0x0055,
0x6664,	0x0093,
0x5B0C,	0x006B,
0x5B24,	0x006B,
0x5B3C,	0x005E,
0x5B54,	0x005E,
0x6904,	0x0010,
0x691C,	0x0030,
0x6934,	0x0030,
0x7CFC,	0x0055,
0x7D14,	0x0055,
0x7D8C,	0x0118,
0x7DA4,	0x0131,
0x7DBC,	0x0131,
0x7EAC,	0x0055,
0x13A0,	0x0002,
0x5536,	0x1000,
0x1330,	0x26DE,
0x1334,	0x25FD,
0x137E,	0x20FF,
0x1464,	0x09C4,
0xFCFC,	0x2001,
0x26AA,	0x0000,
0x136A,	0x0043,
0x1372,	0x3308,
0x395A,	0x7F02,
0x3FD8,	0x0100,
0x4C3C,	0x0000,
0x3FEC,	0x0200,
0x3FFE,	0x0608,
0x4004,	0x0006,
0x3FE2,	0x00FF,
0x4010,	0x0000,
0x3FD0,	0x0010,
0x3FD2,	0x000C,
0x3FE8,	0x20FF,
0x3FEA,	0xFF00,
0xAACA,	0x0000,
0xB2E4,	0x0101,
0xB47A,	0x1000,
0xB47C,	0x0000,
0xB47E,	0x00F5,
0x1AD8,	0x0101,
0x1A4C,	0x0002,
0x1982,	0x0000,
0x7C30,	0x0200,
0x7C34,	0x0001,
0x7C36,	0xB308,
0x291A,	0x0000,
0x79F0,	0x0000,
0x9048,	0x0000,
0x904A,	0x0000,
0x904C,	0x0000,
0x904E,	0x0000,
0x9050,	0x0000,
0x9054,	0x0000,
0x9056,	0x0000,
0x9058,	0x0000,
0x905A,	0x0000,
0x0C14,	0x0000,
0x0C16,	0x9D60,
0x0C18,	0x0000,
0x0C1A,	0x9D60,
0xFCFC,	0x2000,
0x4BE2,	0x0000,
0x4BF4,	0x0200,
0x4C06,	0x0200,
0x51D4,	0x0000,
0x51D6,	0x0000,
0x51D8,	0x0000,
0x51DA,	0x0000,
0x51DC,	0x0000,
0x51DE,	0x0000,
0x51E0,	0x0000,
0x51E2,	0x0000,
0x4BE0,	0x0000,
0x4BEE,	0x0000,
0x4C00,	0x0000,
0x4FF4,	0x0000,
0x4FF6,	0x0000,
0x4FF8,	0x0000,
0x4FFA,	0x0000,
0x4BF0,	0x0000,
0x4C02,	0x0000,
0x5094,	0x0000,
0x5096,	0x0000,
0x5098,	0x0000,
0x509A,	0x0000,
0x509C,	0x0000,
0x509E,	0x0000,
0x50A0,	0x0000,
0x50A2,	0x0000,
0x50A4,	0x0000,
0x50A6,	0x0000,
0x50A8,	0x0000,
0x50AA,	0x0000,
0x50AC,	0x0000,
0x50AE,	0x0000,
0x50B0,	0x0000,
0x50B2,	0x0000,
0xFCFC,	0x4000,
0xBA8C,	0x0000,
0xBA90,	0x0000,
0xFEFA,	0x0000,
0xFEFC,	0x0000,
0xF33A,	0x0008,
0xFD7C,	0x0009,
0xF338,	0x0022,
0xFD7A,	0x0022,
0xF31E,	0x0000,
0xF32A,	0x0000,
0xF320,	0x0000,
0xF32C,	0x0000,
0xFCFC,	0x2001,
0x0C04,	0x2E28,
0x0C0A,	0x2E28,
0x19E4,	0x0001,
0x7C48,	0x03FF,
0x2872,	0x0001,
0x26B2,	0xFDA2,
0x26B4,	0xFDA0,
0x26B6,	0x0040,
0x26C4,	0x001B,
0x26B8,	0x0080,
0x26C6,	0x0024,
0x26BA,	0x0100,
0x26C8,	0x002B,
0x26BC,	0x0200,
0x26CA,	0x0030,
0x26BE,	0x0200,
0x26CC,	0x0030,
0x26C0,	0x0200,
0x26CE,	0x0030,
0x26C2,	0x0200,
0x26D0,	0x0030,
0x26D2,	0x0033,
0x26B0,	0x0101,
0x2874,	0x0020,
0x2876,	0x0040,
0x2878,	0x0080,
0x287A,	0x0100,
0x287C,	0x0200,
0x287E,	0x0000,
0x2880,	0x0000,
0x2882,	0x0000,
0x2886,	0x736B,
0x2888,	0x736B,
0x288A,	0x730B,
0x288C,	0x730B,
0x288E,	0x730B,
0x2890,	0x0000,
0x2892,	0x0000,
0x2894,	0x0000,
0x2898,	0xFD0A,
0x289A,	0xFD0A,
0x289C,	0xFD0A,
0x289E,	0xFD0A,
0x28A0,	0xFD0A,
0x28A2,	0x0000,
0x28A4,	0x0000,
0x28A6,	0x0000,
0x28CE,	0x0000,
0x28D0,	0x0000,
0x28D2,	0x0000,
0x28D4,	0x0000,
0x28D6,	0x0000,
0x28D8,	0x0000,
0x28DA,	0x0000,
0x28DC,	0x0000,
0x28AA,	0x0000,
0x28BC,	0x0000,
0x28AC,	0x0000,
0x28BE,	0x0000,
0x28AE,	0x0000,
0x28C0,	0x0000,
0x28B0,	0x0000,
0x28C2,	0x0000,
0x28B2,	0x0000,
0x28C4,	0x0000,
0x28B4,	0x0000,
0x28C6,	0x0000,
0x28B6,	0x0000,
0x28C8,	0x0000,
0x28B8,	0x0000,
0x28CA,	0x0000,
0xFCFC,	0x2000,
0x1300,	0x0001,
0xFCFC,	0x2002,
0xA044,	0x0101,
0xA046,	0x0201,
0xAE90,	0x0100,
0xAE9A,	0x0001,
0xFCFC,	0x4001,
0x0606,	0x0024,
0x0608,	0x0014,
0x060A,	0x0034,
0xFCFC,	0x4000,
0x020C,	0x0000,
};

//capture iDCG
static u16 addr_data_pair_custom5[] = {
0xFCFC,	0x4000,
0x0B30,	0x0000,
0xFCFC,	0x4000,
0x6214,	0xFFFF,
0x6216,	0xFFFF,
0x6218,	0xFFFF,
0xA100,	0xFFFF,
0xFCFC,	0x4001,
0x0100,	0xFFFF,
0x2100,	0xFFFF,
0xFCFC,	0x4000,
0x8100,	0xFFFF,
0x621A,	0x0000,
0x621C,	0x0000,
0x6220,	0x0000,
0xA102,	0x0000,
0xFCFC,	0x4001,
0x0102,	0x0000,
0x2102,	0x0000,
0xFCFC,	0x4000,
0x8102,	0x0000,
0x0344,	0x0010,
0x0348,	0x3FCF,
0x0346,	0x0010,
0x034A,	0x300F,
0x034C,	0x0FF0,
0x034E,	0x0BF4,
0x0340,	0x0F70,
0x0342,	0x41D0,
0x0900,	0x3244,
0x0380,	0x0004,
0x0382,	0x0004,
0x0384,	0x0004,
0x0386,	0x0004,
0x040C,	0x0000,
0x0400,	0x1010,
0x0408,	0x0100,
0x040A,	0x0100,
0x0350,	0x0000,
0x0352,	0x0006,
0x0136,	0x1800,
0x013E,	0x0000,
0x0304,	0x0003,
0x0306,	0x00FA,
0x030C,	0x0001,
0x030E,	0x0003,
0x0310,	0x00AA,
0x0312,	0x0001,
0x031A,	0x0002,
0x031C,	0x0026,
0x031E,	0x0002,
0x0B08,	0x0100,
0x0202,	0x0014,
0x022C,	0x0014,
0x0226,	0x0014,
0x0702,	0x0000,
0x0704,	0x0000,
0x0B02,	0x0102,
0x0B04,	0x0011,
0x0BE2,	0x0000,
0x0BC2,	0x0000,
0x0BC4,	0x0000,
0x021E,	0x0500,
0x0228,	0x0100,
0x0722,	0x2000,
0x0112,	0x0A0C,
0x0114,	0x0301,
0x0118,	0x0004,
0x011A,	0x0001,
0x011C,	0x0101,
0x0270,	0x2B2B,
0x0272,	0x2C10,
0x0260,	0x0000,
0x0262,	0x0000,
0x0264,	0x0102,
0x0266,	0x0000,
0x0274,	0x3030,
0x0720,	0x0001,
0x0724,	0x0001,
0x0728,	0x07F8,
0x072A,	0x02FC,
0x072C,	0x01FC,
0x072E,	0x02FC,
0xFCFC,	0x2001,
0x9000,	0x0300,
0x9082,	0x0100,
0xFCFC,	0x2000,
0x14B8,	0x0000,
0x4294,	0xFF16,
0x4296,	0x7FFF,
0x4298,	0xBA84,
0x429A,	0x0200,
0x429C,	0xBA86,
0x429E,	0x0400,
0x42A0,	0xBA88,
0x42A2,	0x0200,
0x42A4,	0xBA8A,
0x42A6,	0x0200,
0x42BC,	0xFF16,
0x42BE,	0x7FFF,
0x42C0,	0xBA84,
0x42C2,	0x0200,
0x42C4,	0xBA86,
0x42C6,	0x0400,
0x42C8,	0xBA88,
0x42CA,	0x0200,
0x42CC,	0xBA8A,
0x42CE,	0x0200,
0x42E4,	0xFF16,
0x42E6,	0x0000,
0x442A,	0x000A,
0x443A,	0x000F,
0x4428,	0x0000,
0x4438,	0x0005,
0x4424,	0x0014,
0x4434,	0x0015,
0x4432,	0x001F,
0x4442,	0x001F,
0x4430,	0x001A,
0x4440,	0x001A,
0x442C,	0x0024,
0x443C,	0x0024,
0xFCFC,	0x2001,
0x9270,	0x0000,
0x9306,	0x0400,
0x9308,	0x0400,
0x930A,	0x0400,
0x9D62,	0x0032,
0x9D64,	0x0032,
0x9D66,	0x0028,
0x9D68,	0x001E,
0x9D6A,	0x001E,
0x9D6C,	0x001E,
0x9D72,	0x0032,
0x9D74,	0x0032,
0x9D76,	0x0028,
0x9D78,	0x001E,
0x9D7A,	0x001E,
0x9D7C,	0x001E,
0x9D82,	0x0032,
0x9D84,	0x0032,
0x9D86,	0x0028,
0x9D88,	0x001E,
0x9D8A,	0x001E,
0x9D8C,	0x001E,
0x9D92,	0x0032,
0x9D94,	0x0032,
0x9D96,	0x0028,
0x9D98,	0x001E,
0x9D9A,	0x001E,
0x9D9C,	0x001E,
0x9DA2,	0x0050,
0x9DA4,	0x0032,
0x9DA6,	0x0032,
0x9DA8,	0x0028,
0x9DAA,	0x0028,
0x9DAC,	0x0028,
0x9DB2,	0x0001,
0x9DB4,	0x0001,
0x9DB6,	0x0001,
0x9DB8,	0x0001,
0x9DBA,	0x0001,
0x9DBC,	0x0001,
0x928C,	0x5C5C,
0x928E,	0x2F36,
0x9290,	0x6E68,
0x92A8,	0x0E00,
0x92B4,	0x303C,
0x9852,	0x070F,
0x9854,	0x070F,
0x9856,	0x0677,
0x9858,	0x05C3,
0x985A,	0x0534,
0x985C,	0x0534,
0x92D0,	0xFFFF,
0x92D2,	0xFFFF,
0x92D4,	0xFFFF,
0x92F4,	0xFFFF,
0x92F6,	0xFFFF,
0x92F8,	0xFFFF,
0x7DB2,	0x03FF,
0xFCFC,	0x2001,
0x94B6,	0x0258,
0x94B8,	0x0258,
0x94BA,	0x0258,
0x94BC,	0x0258,
0x94BE,	0x0258,
0x94C0,	0x0258,
0x94D2,	0x0190,
0x94D4,	0x0190,
0x94D6,	0x0190,
0x94D8,	0x0190,
0x94DA,	0x0190,
0x94DC,	0x0190,
0x94EE,	0x01F4,
0x94F0,	0x01F4,
0x94F2,	0x01F4,
0x94F4,	0x01F4,
0x94F6,	0x01F4,
0x94F8,	0x01F4,
0x9276,	0x0101,
0x9278,	0x0101,
0x927A,	0x0109,
0x92E2,	0x00BE,
0x92E4,	0x00BE,
0x92E6,	0x00BE,
0x92E8,	0x27D8,
0x92EA,	0x27D8,
0x92EC,	0x27D8,
0x988A,	0x0001,
0x988C,	0x0001,
0x988E,	0x0001,
0x9890,	0x0001,
0x9892,	0x0001,
0x9894,	0x0001,
0x9606,	0x001E,
0x9608,	0x001E,
0x960A,	0x001E,
0x960C,	0x001E,
0x960E,	0x001E,
0x9610,	0x001E,
0x9836,	0x0000,
0x9838,	0x0001,
0x983A,	0x0001,
0x983C,	0x0001,
0x983E,	0x0001,
0x9840,	0x0001,
0x1984,	0x0000,
0x19A2,	0x0100,
0x19F8,	0x0200,
0x19FA,	0x0800,
0x19E6,	0x0002,
0x19E8,	0x0008,
0x19EC,	0x0200,
0x19EE,	0x0400,
0x19F0,	0x0800,
0x231A,	0x0001,
0x2372,	0x0006,
0x2326,	0x0000,
0x2342,	0x0014,
0x232A,	0x0001,
0x2374,	0x0000,
0x238C,	0x0001,
0x2376,	0x0000,
0x238E,	0x0001,
0x2344,	0x0014,
0x232C,	0x0001,
0x237E,	0x0000,
0x2396,	0x0001,
0x234C,	0x0014,
0x2334,	0x0001,
0x23A4,	0x0001,
0x2380,	0x0000,
0x2398,	0x0001,
0x234E,	0x0014,
0x2336,	0x0001,
0x2382,	0x0000,
0x239A,	0x0001,
0x2350,	0x0014,
0x2338,	0x0001,
0x2354,	0x006C,
0x233C,	0x05A1,
0x2386,	0x0000,
0x239E,	0x0001,
0x3B22,	0x0100,
0x3A9E,	0x0202,
0x3AA0,	0x0201,
0x3B2C,	0x0040,
0x3AD4,	0x0101,
0x3AE6,	0x0000,
0x3AF2,	0x0014,
0x8180,	0x0001,
0x818E,	0x0FF0,
0x8190,	0x0BF4,
0x0AF2,	0x0C09,
0x0AF4,	0x0000,
0x0ACE,	0x0A28,
0x39B0,	0x0200,
0x399C,	0x0000,
0x399E,	0x0000,
0xBDC0,	0x0000,
0xBDC2,	0x0001,
0x2950,	0x0000,
0x3950,	0x8822,
0xB440,	0x0000,
0xA780,	0x0000,
0xA78C,	0x0C20,
0xA790,	0x0010,
0xA7AA,	0x0000,
0xA8EC,	0x0100,
0xA922,	0x0000,
0xA924,	0x0000,
0xA926,	0x0000,
0xA936,	0x0080,
0xA938,	0x0080,
0xA940,	0x0080,
0xA942,	0x0000,
0xA944,	0x0001,
0xA948,	0x0001,
0x1310,	0x00E4,
0x3BB0,	0x0204,
0x9350,	0x0100,
0x8A24,	0x0001,
0x8A26,	0x0001,
0x8A12,	0x0101,
0x918C,	0xFFFF,
0x8A18,	0x0000,
0x8A1A,	0x0000,
0x26FC,	0x0000,
0x271C,	0x0002,
0x204A,	0x0B82,
0x2052,	0x0070,
0x2054,	0x003A,
0x2078,	0x0809,
0x2204,	0x0220,
0x0E74,	0x030F,
0x0E76,	0x030F,
0x2726,	0x0507,
0x3A78,	0xFF01,
0x3A50,	0x0100,
0x897A,	0x0040,
0x8986,	0x0100,
0x898A,	0x2100,
0x899C,	0x0000,
0x89EA,	0x0200,
0x89EC,	0x0200,
0x89EE,	0x0200,
0x89F0,	0x0200,
0x897E,	0x0005,
0x8980,	0x0503,
0x8974,	0x0101,
0x291E,	0x0103,
0x9062,	0x03FF,
0x906E,	0x03FF,
0x9046,	0x077E,
0x3BB2,	0x0100,
0x3C42,	0x01A0,
0x3C44,	0x415F,
0x3C46,	0x00C4,
0x3C48,	0x30C3,
0x9080,	0x0006,
0x92FC,	0x0101,
0x0AC2,	0x0514,
0x20B6,	0x0003,
0x20B8,	0x0003,
0x20BA,	0x0003,
0x20BC,	0x0003,
0x20BE,	0x0003,
0x20C0,	0x0003,
0x20C2,	0x0003,
0x20C4,	0x0003,
0x20C6,	0x0003,
0x20C8,	0x0003,
0x0BEC,	0x0131,
0x0C42,	0x03C0,
0x2690,	0x03C0,
0x12D6,	0x992C,
0x12D8,	0xA4C2,
0x12DC,	0x0109,
0x12D4,	0x86FD,
0x0C50,	0xFCCF,
0x0C52,	0x7D3F,
0x0C5E,	0x0000,
0x26A8,	0x0022,
0x26A4,	0x0036,
0x26A6,	0x0036,
0x12DA,	0x20A0,
0x0D14,	0x80F1,
0x0BDC,	0x2C2C,
0x0BE6,	0x8C40,
0x0BE8,	0xAC40,
0x0B52,	0x0E06,
0x0B56,	0x0E06,
0x0B58,	0x0606,
0x0B6A,	0x0206,
0x0B6E,	0x0206,
0x0B70,	0x0606,
0x0B82,	0x0202,
0x0B86,	0x0202,
0x0B88,	0x0202,
0x0BB2,	0x1313,
0x0BB6,	0x1313,
0x0BB8,	0x130B,
0x0BBA,	0x130E,
0x0BCE,	0x1313,
0x0BD0,	0x1313,
0x0BD2,	0x130E,
0x7DD4,	0x0100,
0x9090,	0x0100,
0x90A2,	0x0100,
0x9100,	0x0211,
0x9140,	0x0200,
0x9110,	0x0200,
0x0CC0,	0x0000,
0x0CC2,	0x0000,
0x0CCE,	0x0000,
0x0CE4,	0x0000,
0x0CFA,	0x0000,
0x1AD4,	0x0101,
0x1AD6,	0x0101,
0x2866,	0x0002,
0x3B28,	0x0107,
0x3B2A,	0x0000,
0x1316,	0x0010,
0x131A,	0x000A,
0x6DB2,	0x0001,
0x6DB4,	0x0521,
0x6DB6,	0x2500,
0x6DB8,	0x0000,
0x6DBA,	0x0000,
0x6DBC,	0x0000,
0x6DBE,	0x0000,
0x6DC0,	0x0000,
0x6DC2,	0x0000,
0x6DF2,	0x0001,
0x6DF4,	0x0100,
0x6E74,	0x0000,
0x6E76,	0x0420,
0x6E78,	0x2400,
0x6EB4,	0x0009,
0x6EB6,	0x0D29,
0x6EB8,	0x2D00,
0x6D70,	0x0000,
0x6D72,	0x0105,
0x6D74,	0x2125,
0x6D76,	0x0000,
0x6D78,	0x0000,
0x6D7A,	0x0000,
0x6D7C,	0x0000,
0x6D7E,	0x0000,
0x6D80,	0x0000,
0x6DF6,	0x0420,
0x6DF8,	0x2400,
0x6E34,	0x0009,
0x6E36,	0x0D29,
0x6E38,	0x2D00,
0x7162,	0x0000,
0x7164,	0x0000,
0x7166,	0x0000,
0x7168,	0x0000,
0x7172,	0x0000,
0x7174,	0x0000,
0x7176,	0x0000,
0x7178,	0x0000,
0x7182,	0x0000,
0x7184,	0x0000,
0x7186,	0x0000,
0x7188,	0x0000,
0x7192,	0x0000,
0x7194,	0x0000,
0x7196,	0x0000,
0x7198,	0x0000,
0x716A,	0x0000,
0x716C,	0x0000,
0x716E,	0x0000,
0x7170,	0x0000,
0x717A,	0x0000,
0x717C,	0x0000,
0x717E,	0x0000,
0x7180,	0x0000,
0x718A,	0x0000,
0x718C,	0x0000,
0x718E,	0x0000,
0x7190,	0x0000,
0x719A,	0x0000,
0x719C,	0x0000,
0x719E,	0x0000,
0x71A0,	0x0000,
0x71A2,	0x0000,
0x71A4,	0x0000,
0x71A6,	0x0000,
0x71A8,	0x0000,
0x71B2,	0x0000,
0x71B4,	0x0000,
0x71B6,	0x0000,
0x71B8,	0x0000,
0x71C2,	0x0000,
0x71C4,	0x0000,
0x71C6,	0x0000,
0x71C8,	0x0000,
0x71D2,	0x0000,
0x71D4,	0x0000,
0x71D6,	0x0000,
0x71D8,	0x0000,
0x71AA,	0x0000,
0x71AC,	0x0000,
0x71AE,	0x0000,
0x71B0,	0x0000,
0x71BA,	0x0000,
0x71BC,	0x0000,
0x71BE,	0x0000,
0x71C0,	0x0000,
0x71CA,	0x0000,
0x71CC,	0x0000,
0x71CE,	0x0000,
0x71D0,	0x0000,
0x71DA,	0x0000,
0x71DC,	0x0000,
0x71DE,	0x0000,
0x71E0,	0x0000,
0xB2F8,	0x0000,
0xB2FA,	0x0320,
0xB2FE,	0x0000,
0xB300,	0x0001,
0xB302,	0x0002,
0xB304,	0x0004,
0xB306,	0x0006,
0xB308,	0x0008,
0xB30A,	0x000A,
0xB30C,	0x000C,
0xB30E,	0x000F,
0xB310,	0x0012,
0xB312,	0x0016,
0xB314,	0x0021,
0xB316,	0x005A,
0xB318,	0x00C0,
0xB31A,	0x00F0,
0xB31C,	0x011C,
0xB31E,	0x0120,
0xB320,	0x0130,
0xB322,	0x02C0,
0xB324,	0x0320,
0xB326,	0x08C0,
0xB328,	0x16C0,
0xB32A,	0x3200,
0xB32C,	0x3FF0,
0xB32E,	0xFFFF,
0xB330,	0xFFFF,
0xB332,	0xFFFF,
0xB334,	0xFFFF,
0xB336,	0xFFFF,
0xB338,	0xFFFF,
0xB33A,	0xFFFF,
0xB33C,	0xFFFF,
0xB33E,	0x1263,
0xB340,	0x1263,
0xB342,	0x1252,
0xB344,	0x1231,
0xB346,	0x1211,
0xB348,	0x11F0,
0xB34A,	0x11CF,
0xB34C,	0x11AF,
0xB34E,	0x1180,
0xB350,	0x1165,
0xB352,	0x1140,
0xB354,	0x10FB,
0xB356,	0x1091,
0xB358,	0x1071,
0xB35A,	0x1063,
0xB35C,	0x1056,
0xB35E,	0x1055,
0xB360,	0x1052,
0xB362,	0x102C,
0xB364,	0x1028,
0xB366,	0x1012,
0xB368,	0x1001,
0xB36A,	0x1000,
0xB36C,	0x1000,
0xB36E,	0x1000,
0xB370,	0x1000,
0xB372,	0x1000,
0xB374,	0x1000,
0xB376,	0x1000,
0xB378,	0x1000,
0xB37A,	0x1000,
0xB37C,	0x1000,
0xB37E,	0x0D00,
0xB390,	0x1301,
0xB3E8,	0x1301,
0xFCFC,	0x2002,
0xA03E,	0x001F,
0xA04A,	0x0000,
0xA08A,	0x0000,
0xA08C,	0x0000,
0xA08E,	0x007D,
0xA090,	0x007D,
0xA092,	0x007D,
0xA094,	0x007D,
0xA096,	0x007D,
0xA040,	0x0102,
0xFCFC,	0x2000,
0x4490,	0x0000,
0x4492,	0x0065,
0x5510,	0x0000,
0x5524,	0x0180,
0x5526,	0x0180,
0x428A,	0x00FF,
0x428C,	0xFFFF,
0x428E,	0xFFFF,
0x4290,	0xFFFF,
0x550A,	0x0102,
0x13A2,	0x0001,
0x5508,	0x4040,
0x54AA,	0x0703,
0x54AC,	0x0508,
0x5426,	0x0100,
0x543E,	0x0000,
0x542A,	0x05DC,
0x538C,	0x0000,
0x538E,	0x0000,
0x538A,	0x0001,
0x4482,	0x0101,
0x4484,	0x0100,
0x12CA,	0x0002,
0x1320,	0x0101,
0x12EA,	0x0100,
0x12F0,	0x0100,
0x4486,	0x0000,
0x448A,	0x0100,
0x448C,	0x0101,
0x1348,	0x5000,
0x1352,	0x8300,
0x1366,	0x0400,
0x54BE,	0x0010,
0x54DC,	0x0144,
0x54C0,	0x0006,
0x54DE,	0x0036,
0x54C2,	0x0008,
0x54E0,	0x0010,
0x54C4,	0x0004,
0x54E2,	0x0016,
0x54C6,	0x0004,
0x54E4,	0x0010,
0x54C8,	0x0008,
0x54E6,	0x0006,
0x54CA,	0x0004,
0x54E8,	0x0006,
0x54CC,	0x0004,
0x54EA,	0x0006,
0x54CE,	0x0002,
0x54EC,	0x0010,
0x54D0,	0x0002,
0x54EE,	0x0006,
0x5556,	0x0010,
0x4BDC,	0x0000,
0x4BDE,	0x0000,
0x4BE6,	0x0200,
0x4BF8,	0x0200,
0x4BEA,	0x0020,
0x4BFC,	0x0020,
0x4BEC,	0x0200,
0x4BFE,	0x0200,
0x4D74,	0x0000,
0x4D76,	0x0000,
0x4D78,	0x0000,
0x4D7A,	0x0000,
0x4BE8,	0x0200,
0x4BFA,	0x0200,
0x4E14,	0x0000,
0x4E16,	0x0000,
0x4E18,	0x0000,
0x4E1A,	0x0000,
0x4EB4,	0x0000,
0x4EB6,	0x0000,
0x4EB8,	0x0000,
0x4EBA,	0x0000,
0x4F54,	0x0000,
0x4F56,	0x0000,
0x4F58,	0x0000,
0x4F5A,	0x0000,
0x56DA,	0x004B,
0x56F2,	0x004B,
0x570A,	0x004B,
0x57CA,	0x0008,
0x5AFA,	0x006B,
0x5B2A,	0x005E,
0x6622,	0x0093,
0x7CEA,	0x0047,
0x7E82,	0x0002,
0x68F2,	0x0010,
0x6922,	0x0030,
0x5AB2,	0x002D,
0x660A,	0x0019,
0x7D92,	0x014F,
0x582A,	0x0008,
0x57B4,	0x0008,
0x57CC,	0x0008,
0x57FC,	0x0008,
0x582C,	0x0008,
0x5994,	0x001E,
0x5A24,	0x001E,
0x5AB4,	0x002D,
0x5AFC,	0x006B,
0x5B14,	0x006B,
0x5B2C,	0x005E,
0x5B44,	0x005E,
0x660C,	0x0019,
0x6624,	0x0093,
0x6654,	0x0093,
0x7CEC,	0x0047,
0x7D7C,	0x00AF,
0x7D94,	0x00A0,
0x7E84,	0x0002,
0x57BC,	0x0008,
0x57D4,	0x0008,
0x5804,	0x0008,
0x5834,	0x0008,
0x599C,	0x001E,
0x5A2C,	0x001E,
0x5ABC,	0x002D,
0x5B04,	0x006B,
0x5B1C,	0x006B,
0x5B34,	0x005E,
0x5B4C,	0x005E,
0x6614,	0x0019,
0x662C,	0x0093,
0x665C,	0x0093,
0x68FC,	0x0010,
0x6914,	0x0029,
0x692C,	0x0030,
0x7CF4,	0x0047,
0x7D84,	0x00AF,
0x7D9C,	0x00CB,
0x7E8C,	0x0002,
0x7EA4,	0x0047,
0x59FC,	0x0023,
0x59CC,	0x007D,
0x56E6,	0x004B,
0x56FE,	0x004B,
0x5716,	0x004B,
0x5836,	0x0008,
0x7CF6,	0x0047,
0x5B06,	0x006B,
0x5B1E,	0x006B,
0x5B36,	0x005E,
0x5B4E,	0x005E,
0x662E,	0x0093,
0x665E,	0x0093,
0x57D6,	0x0008,
0x5806,	0x0008,
0x599E,	0x001E,
0x59FE,	0x0023,
0x68FE,	0x0010,
0x6916,	0x0029,
0x692E,	0x0030,
0x7D9E,	0x00CB,
0x7D86,	0x00AF,
0x7EA6,	0x0047,
0x7EA8,	0x0047,
0x5838,	0x0008,
0x7CF8,	0x0047,
0x5B08,	0x006B,
0x5B20,	0x006B,
0x5B38,	0x005E,
0x5B50,	0x005E,
0x6630,	0x0093,
0x6660,	0x0093,
0x57D8,	0x0008,
0x5808,	0x0008,
0x5A00,	0x0023,
0x6900,	0x0010,
0x6918,	0x0029,
0x6930,	0x0030,
0x583C,	0x0008,
0x5A04,	0x0323,
0x5AC4,	0x0028,
0x5ADC,	0x0028,
0x661C,	0x0019,
0x6634,	0x00CF,
0x664C,	0x0019,
0x6664,	0x0101,
0x5B0C,	0x00AC,
0x5B24,	0x00DE,
0x5B3C,	0x009F,
0x5B54,	0x00D1,
0x6904,	0x0016,
0x691C,	0x0035,
0x6934,	0x0035,
0x7CFC,	0x005F,
0x7D14,	0x005F,
0x7D8C,	0x00AF,
0x7DA4,	0x011C,
0x7DBC,	0x00FC,
0x7EAC,	0x005F,
0x13A0,	0x0002,
0x5536,	0x1000,
0x1330,	0x2350,
0x1334,	0x2250,
0x137E,	0x14FF,
0x1464,	0x09C4,
0xFCFC,	0x2001,
0x26AA,	0x0000,
0x136A,	0x0043,
0x1372,	0x3308,
0x395A,	0x7F02,
0x3FD8,	0x0100,
0x4C3C,	0x0000,
0x3FEC,	0x0200,
0x3FFE,	0x070F,
0x4004,	0x0006,
0x3FE2,	0x00FF,
0x4010,	0x0100,
0x3FD0,	0x0010,
0x3FD2,	0x000C,
0x3FE8,	0x2009,
0x3FEA,	0x0901,
0xAACA,	0x0000,
0xB2E4,	0x0001,
0xB47A,	0x1000,
0xB47C,	0x0000,
0xB47E,	0x0565,
0x1AD8,	0x0101,
0x1A4C,	0x0102,
0x1982,	0x0000,
0x7C30,	0x0000,
0x7C34,	0x0001,
0x7C36,	0xB308,
0x291A,	0x0000,
0x79F0,	0x0000,
0x9048,	0x0000,
0x904A,	0x0000,
0x904C,	0x0000,
0x904E,	0x0000,
0x9050,	0x0000,
0x9054,	0x0000,
0x9056,	0x0000,
0x9058,	0x0000,
0x905A,	0x0000,
0x0C14,	0x0000,
0x0C16,	0x0000,
0x0C18,	0x0000,
0x0C1A,	0x0000,
0xFCFC,	0x2000,
0x4BE2,	0x0000,
0x4BF4,	0x0200,
0x4C06,	0x0200,
0x51D4,	0x0000,
0x51D6,	0x0000,
0x51D8,	0x0000,
0x51DA,	0x0000,
0x51DC,	0x0000,
0x51DE,	0x0000,
0x51E0,	0x0000,
0x51E2,	0x0000,
0x4BE0,	0x0000,
0x4BEE,	0x0000,
0x4C00,	0x0000,
0x4FF4,	0x0000,
0x4FF6,	0x0000,
0x4FF8,	0x0000,
0x4FFA,	0x0000,
0x4BF0,	0x0000,
0x4C02,	0x0000,
0x5094,	0x0000,
0x5096,	0x0000,
0x5098,	0x0000,
0x509A,	0x0000,
0x509C,	0x0000,
0x509E,	0x0000,
0x50A0,	0x0000,
0x50A2,	0x0000,
0x50A4,	0x0000,
0x50A6,	0x0000,
0x50A8,	0x0000,
0x50AA,	0x0000,
0x50AC,	0x0000,
0x50AE,	0x0000,
0x50B0,	0x0000,
0x50B2,	0x0000,
0xFCFC,	0x4000,
0xBA8C,	0x0040,
0xBA90,	0x0021,
0xFEFA,	0x0000,
0xFEFC,	0x0000,
0xF33A,	0x000C,
0xFD7C,	0x000C,
0xF338,	0x0022,
0xFD7A,	0x0022,
0xF31E,	0x000D,
0xF32A,	0x000D,
0xF320,	0x000D,
0xF32C,	0x000D,
0xFCFC,	0x2001,
0x0C04,	0x2E28,
0x0C0A,	0x2E28,
0x19E4,	0x0001,
0x7C48,	0x03C0,
0x2872,	0x0000,
0x26B2,	0x0000,
0x26B4,	0x0000,
0x26B6,	0x0000,
0x26C4,	0x0000,
0x26B8,	0x0000,
0x26C6,	0x0000,
0x26BA,	0x0000,
0x26C8,	0x0000,
0x26BC,	0x0000,
0x26CA,	0x0000,
0x26BE,	0x0000,
0x26CC,	0x0000,
0x26C0,	0x0000,
0x26CE,	0x0000,
0x26C2,	0x0000,
0x26D0,	0x0000,
0x26D2,	0x0000,
0x26B0,	0x0100,
0x2874,	0x0000,
0x2876,	0x0000,
0x2878,	0x0000,
0x287A,	0x0000,
0x287C,	0x0000,
0x287E,	0x0000,
0x2880,	0x0000,
0x2882,	0x0000,
0x2886,	0x0000,
0x2888,	0x0000,
0x288A,	0x0000,
0x288C,	0x0000,
0x288E,	0x0000,
0x2890,	0x0000,
0x2892,	0x0000,
0x2894,	0x0000,
0x2898,	0x0020,
0x289A,	0x0020,
0x289C,	0x0020,
0x289E,	0x0000,
0x28A0,	0x0000,
0x28A2,	0x0000,
0x28A4,	0x0000,
0x28A6,	0x0000,
0x28CE,	0x0000,
0x28D0,	0x0000,
0x28D2,	0x0000,
0x28D4,	0x0000,
0x28D6,	0x0000,
0x28D8,	0x0000,
0x28DA,	0x0000,
0x28DC,	0x0000,
0x28AA,	0x0000,
0x28BC,	0x0000,
0x28AC,	0x0000,
0x28BE,	0x0000,
0x28AE,	0x0000,
0x28C0,	0x0000,
0x28B0,	0x0000,
0x28C2,	0x0000,
0x28B2,	0x0000,
0x28C4,	0x0000,
0x28B4,	0x0000,
0x28C6,	0x0000,
0x28B6,	0x0000,
0x28C8,	0x0000,
0x28B8,	0x0000,
0x28CA,	0x0000,
0xFCFC,	0x2000,
0x1300,	0x0001,
0xFCFC,	0x2002,
0xA044,	0x0001,
0xA046,	0x0101,
0xAE90,	0x0000,
0xAE9A,	0x0001,
0xFCFC,	0x4001,
0x0606,	0x0024,
0x0608,	0x0014,
0x060A,	0x0034,
0xFCFC,	0x4000,
0x020C,	0x0002,
};

//video iDCG
static u16 addr_data_pair_custom6[] = {
0xFCFC,	0x4000,
0x0B30,	0x0000,
0xFCFC,	0x4000,
0x6214,	0xFFFF,
0x6216,	0xFFFF,
0x6218,	0xFFFF,
0xA100,	0xFFFF,
0xFCFC,	0x4001,
0x0100,	0xFFFF,
0x2100,	0xFFFF,
0xFCFC,	0x4000,
0x8100,	0xFFFF,
0x621A,	0x0000,
0x621C,	0x0000,
0x6220,	0x0000,
0xA102,	0x0000,
0xFCFC,	0x4001,
0x0102,	0x0000,
0x2102,	0x0000,
0xFCFC,	0x4000,
0x8102,	0x0000,
0x0344,	0x0010,
0x0348,	0x3FCF,
0x0346,	0x0610,
0x034A,	0x2A0F,
0x034C,	0x0FF0,
0x034E,	0x08F8,
0x0340,	0x0F72,
0x0342,	0x41D0,
0x0900,	0x3244,
0x0380,	0x0004,
0x0382,	0x0004,
0x0384,	0x0004,
0x0386,	0x0004,
0x040C,	0x0000,
0x0400,	0x1010,
0x0408,	0x0100,
0x040A,	0x0100,
0x0350,	0x0000,
0x0352,	0x0004,
0x0136,	0x1800,
0x013E,	0x0000,
0x0304,	0x0003,
0x0306,	0x00FA,
0x030C,	0x0001,
0x030E,	0x0003,
0x0310,	0x00AA,
0x0312,	0x0001,
0x031A,	0x0002,
0x031C,	0x0026,
0x031E,	0x0002,
0x0B08,	0x0100,
0x0202,	0x0014,
0x022C,	0x0014,
0x0226,	0x0014,
0x0702,	0x0000,
0x0704,	0x0000,
0x0B02,	0x0102,
0x0B04,	0x0011,
0x0BE2,	0x0000,
0x0BC2,	0x0000,
0x0BC4,	0x0000,
0x021E,	0x0500,
0x0228,	0x0100,
0x0722,	0x2000,
0x0112,	0x0A0C,
0x0114,	0x0301,
0x0118,	0x0004,
0x011A,	0x0001,
0x011C,	0x0101,
0x0270,	0x2B2B,
0x0272,	0x2C10,
0x0260,	0x0000,
0x0262,	0x0000,
0x0264,	0x0102,
0x0266,	0x0000,
0x0274,	0x3030,
0x0720,	0x0001,
0x0724,	0x0001,
0x0728,	0x07F8,
0x072A,	0x023C,
0x072C,	0x01FC,
0x072E,	0x023C,
0xFCFC,	0x2001,
0x9000,	0x0300,
0x9082,	0x0100,
0xFCFC,	0x2000,
0x14B8,	0x0000,
0x4294,	0xFF16,
0x4296,	0x7FFF,
0x4298,	0xBA84,
0x429A,	0x0200,
0x429C,	0xBA86,
0x429E,	0x0400,
0x42A0,	0xBA88,
0x42A2,	0x0200,
0x42A4,	0xBA8A,
0x42A6,	0x0200,
0x42BC,	0xFF16,
0x42BE,	0x7FFF,
0x42C0,	0xBA84,
0x42C2,	0x0200,
0x42C4,	0xBA86,
0x42C6,	0x0400,
0x42C8,	0xBA88,
0x42CA,	0x0200,
0x42CC,	0xBA8A,
0x42CE,	0x0200,
0x42E4,	0xFF16,
0x42E6,	0x0000,
0x442A,	0x000A,
0x443A,	0x000F,
0x4428,	0x0000,
0x4438,	0x0005,
0x4424,	0x0014,
0x4434,	0x0015,
0x4432,	0x001F,
0x4442,	0x001F,
0x4430,	0x001A,
0x4440,	0x001A,
0x442C,	0x0024,
0x443C,	0x0024,
0xFCFC,	0x2001,
0x9270,	0x0000,
0x9306,	0x0400,
0x9308,	0x0400,
0x930A,	0x0400,
0x9D62,	0x0032,
0x9D64,	0x0032,
0x9D66,	0x0028,
0x9D68,	0x001E,
0x9D6A,	0x001E,
0x9D6C,	0x001E,
0x9D72,	0x0032,
0x9D74,	0x0032,
0x9D76,	0x0028,
0x9D78,	0x001E,
0x9D7A,	0x001E,
0x9D7C,	0x001E,
0x9D82,	0x0032,
0x9D84,	0x0032,
0x9D86,	0x0028,
0x9D88,	0x001E,
0x9D8A,	0x001E,
0x9D8C,	0x001E,
0x9D92,	0x0032,
0x9D94,	0x0032,
0x9D96,	0x0028,
0x9D98,	0x001E,
0x9D9A,	0x001E,
0x9D9C,	0x001E,
0x9DA2,	0x0050,
0x9DA4,	0x0032,
0x9DA6,	0x0032,
0x9DA8,	0x0028,
0x9DAA,	0x0028,
0x9DAC,	0x0028,
0x9DB2,	0x0001,
0x9DB4,	0x0001,
0x9DB6,	0x0001,
0x9DB8,	0x0001,
0x9DBA,	0x0001,
0x9DBC,	0x0001,
0x928C,	0x5C5C,
0x928E,	0x2F36,
0x9290,	0x6E68,
0x92A8,	0x0E00,
0x92B4,	0x303C,
0x9852,	0x070F,
0x9854,	0x070F,
0x9856,	0x0677,
0x9858,	0x05C3,
0x985A,	0x0534,
0x985C,	0x0534,
0x92D0,	0xFFFF,
0x92D2,	0xFFFF,
0x92D4,	0xFFFF,
0x92F4,	0xFFFF,
0x92F6,	0xFFFF,
0x92F8,	0xFFFF,
0x7DB2,	0x03FF,
0xFCFC,	0x2001,
0x94B6,	0x0258,
0x94B8,	0x0258,
0x94BA,	0x0258,
0x94BC,	0x0258,
0x94BE,	0x0258,
0x94C0,	0x0258,
0x94D2,	0x0190,
0x94D4,	0x0190,
0x94D6,	0x0190,
0x94D8,	0x0190,
0x94DA,	0x0190,
0x94DC,	0x0190,
0x94EE,	0x01F4,
0x94F0,	0x01F4,
0x94F2,	0x01F4,
0x94F4,	0x01F4,
0x94F6,	0x01F4,
0x94F8,	0x01F4,
0x9276,	0x0101,
0x9278,	0x0101,
0x927A,	0x0109,
0x92E2,	0x00BE,
0x92E4,	0x00BE,
0x92E6,	0x00BE,
0x92E8,	0x27D8,
0x92EA,	0x27D8,
0x92EC,	0x27D8,
0x988A,	0x0001,
0x988C,	0x0001,
0x988E,	0x0001,
0x9890,	0x0001,
0x9892,	0x0001,
0x9894,	0x0001,
0x9606,	0x001E,
0x9608,	0x001E,
0x960A,	0x001E,
0x960C,	0x001E,
0x960E,	0x001E,
0x9610,	0x001E,
0x9836,	0x0000,
0x9838,	0x0001,
0x983A,	0x0001,
0x983C,	0x0001,
0x983E,	0x0001,
0x9840,	0x0001,
0x1984,	0x0000,
0x19A2,	0x0100,
0x19F8,	0x0200,
0x19FA,	0x0800,
0x19E6,	0x0002,
0x19E8,	0x0008,
0x19EC,	0x0200,
0x19EE,	0x0400,
0x19F0,	0x0800,
0x231A,	0x0001,
0x2372,	0x0006,
0x2326,	0x0000,
0x2342,	0x0014,
0x232A,	0x0001,
0x2374,	0x0000,
0x238C,	0x0001,
0x2376,	0x0000,
0x238E,	0x0001,
0x2344,	0x0014,
0x232C,	0x0001,
0x237E,	0x0000,
0x2396,	0x0001,
0x234C,	0x0014,
0x2334,	0x0001,
0x23A4,	0x0001,
0x2380,	0x0000,
0x2398,	0x0001,
0x234E,	0x0014,
0x2336,	0x0001,
0x2382,	0x0000,
0x239A,	0x0001,
0x2350,	0x0014,
0x2338,	0x0001,
0x2354,	0x006C,
0x233C,	0x05A1,
0x2386,	0x0000,
0x239E,	0x0001,
0x3B22,	0x0100,
0x3A9E,	0x0202,
0x3AA0,	0x0201,
0x3B2C,	0x0040,
0x3AD4,	0x0101,
0x3AE6,	0x0000,
0x3AF2,	0x0014,
0x8180,	0x0001,
0x818E,	0x0FF0,
0x8190,	0x08F8,
0x0AF2,	0x0C09,
0x0AF4,	0x0000,
0x0ACE,	0x0A28,
0x39B0,	0x0200,
0x399C,	0x0000,
0x399E,	0x0000,
0xBDC0,	0x0000,
0xBDC2,	0x0001,
0x2950,	0x0000,
0x3950,	0x8822,
0xB440,	0x0000,
0xA780,	0x0000,
0xA78C,	0x0C20,
0xA790,	0x0010,
0xA7AA,	0x0000,
0xA8EC,	0x0100,
0xA922,	0x0000,
0xA924,	0x0000,
0xA926,	0x0000,
0xA936,	0x0080,
0xA938,	0x0080,
0xA940,	0x0080,
0xA942,	0x0000,
0xA944,	0x0001,
0xA948,	0x0001,
0x1310,	0x00E4,
0x3BB0,	0x0204,
0x9350,	0x0100,
0x8A24,	0x0001,
0x8A26,	0x0001,
0x8A12,	0x0101,
0x918C,	0xFFFF,
0x8A18,	0x0000,
0x8A1A,	0x0000,
0x26FC,	0x0000,
0x271C,	0x0002,
0x204A,	0x0B82,
0x2052,	0x0070,
0x2054,	0x003A,
0x2078,	0x0809,
0x2204,	0x0220,
0x0E74,	0x030F,
0x0E76,	0x030F,
0x2726,	0x0507,
0x3A78,	0xFF01,
0x3A50,	0x0100,
0x897A,	0x0040,
0x8986,	0x0100,
0x898A,	0x2100,
0x899C,	0x0000,
0x89EA,	0x0200,
0x89EC,	0x0200,
0x89EE,	0x0200,
0x89F0,	0x0200,
0x897E,	0x0005,
0x8980,	0x0503,
0x8974,	0x0101,
0x291E,	0x0103,
0x9062,	0x03FF,
0x906E,	0x03FF,
0x9046,	0x077E,
0x3BB2,	0x0100,
0x3C42,	0x01A0,
0x3C44,	0x415F,
0x3C46,	0x00C4,
0x3C48,	0x30C3,
0x9080,	0x0004,
0x92FC,	0x0101,
0x0AC2,	0x0514,
0x20B6,	0x0003,
0x20B8,	0x0003,
0x20BA,	0x0003,
0x20BC,	0x0003,
0x20BE,	0x0003,
0x20C0,	0x0003,
0x20C2,	0x0003,
0x20C4,	0x0003,
0x20C6,	0x0003,
0x20C8,	0x0003,
0x0BEC,	0x0131,
0x0C42,	0x03C0,
0x2690,	0x03C0,
0x12D6,	0x992C,
0x12D8,	0xA4C2,
0x12DC,	0x0109,
0x12D4,	0x86FD,
0x0C50,	0xFCCF,
0x0C52,	0x7D3F,
0x0C5E,	0x0000,
0x26A8,	0x0022,
0x26A4,	0x0036,
0x26A6,	0x0036,
0x12DA,	0x20A0,
0x0D14,	0x80F1,
0x0BDC,	0x2C2C,
0x0BE6,	0x8C40,
0x0BE8,	0xAC40,
0x0B52,	0x0E06,
0x0B56,	0x0E06,
0x0B58,	0x0606,
0x0B6A,	0x0206,
0x0B6E,	0x0206,
0x0B70,	0x0606,
0x0B82,	0x0202,
0x0B86,	0x0202,
0x0B88,	0x0202,
0x0BB2,	0x1313,
0x0BB6,	0x1313,
0x0BB8,	0x130B,
0x0BBA,	0x130E,
0x0BCE,	0x1313,
0x0BD0,	0x1313,
0x0BD2,	0x130E,
0x7DD4,	0x0100,
0x9090,	0x0100,
0x90A2,	0x0100,
0x9100,	0x0211,
0x9140,	0x0200,
0x9110,	0x0200,
0x0CC0,	0x0000,
0x0CC2,	0x0000,
0x0CCE,	0x0000,
0x0CE4,	0x0000,
0x0CFA,	0x0000,
0x1AD4,	0x0101,
0x1AD6,	0x0101,
0x2866,	0x0002,
0x3B28,	0x0107,
0x3B2A,	0x0000,
0x1316,	0x0010,
0x131A,	0x000A,
0x6DB2,	0x0001,
0x6DB4,	0x0521,
0x6DB6,	0x2500,
0x6DB8,	0x0000,
0x6DBA,	0x0000,
0x6DBC,	0x0000,
0x6DBE,	0x0000,
0x6DC0,	0x0000,
0x6DC2,	0x0000,
0x6DF2,	0x0001,
0x6DF4,	0x0100,
0x6E74,	0x0000,
0x6E76,	0x0420,
0x6E78,	0x2400,
0x6EB4,	0x0009,
0x6EB6,	0x0D29,
0x6EB8,	0x2D00,
0x6D70,	0x0000,
0x6D72,	0x0105,
0x6D74,	0x2125,
0x6D76,	0x0000,
0x6D78,	0x0000,
0x6D7A,	0x0000,
0x6D7C,	0x0000,
0x6D7E,	0x0000,
0x6D80,	0x0000,
0x6DF6,	0x0420,
0x6DF8,	0x2400,
0x6E34,	0x0009,
0x6E36,	0x0D29,
0x6E38,	0x2D00,
0x7162,	0x0000,
0x7164,	0x0000,
0x7166,	0x0000,
0x7168,	0x0000,
0x7172,	0x0000,
0x7174,	0x0000,
0x7176,	0x0000,
0x7178,	0x0000,
0x7182,	0x0000,
0x7184,	0x0000,
0x7186,	0x0000,
0x7188,	0x0000,
0x7192,	0x0000,
0x7194,	0x0000,
0x7196,	0x0000,
0x7198,	0x0000,
0x716A,	0x0000,
0x716C,	0x0000,
0x716E,	0x0000,
0x7170,	0x0000,
0x717A,	0x0000,
0x717C,	0x0000,
0x717E,	0x0000,
0x7180,	0x0000,
0x718A,	0x0000,
0x718C,	0x0000,
0x718E,	0x0000,
0x7190,	0x0000,
0x719A,	0x0000,
0x719C,	0x0000,
0x719E,	0x0000,
0x71A0,	0x0000,
0x71A2,	0x0000,
0x71A4,	0x0000,
0x71A6,	0x0000,
0x71A8,	0x0000,
0x71B2,	0x0000,
0x71B4,	0x0000,
0x71B6,	0x0000,
0x71B8,	0x0000,
0x71C2,	0x0000,
0x71C4,	0x0000,
0x71C6,	0x0000,
0x71C8,	0x0000,
0x71D2,	0x0000,
0x71D4,	0x0000,
0x71D6,	0x0000,
0x71D8,	0x0000,
0x71AA,	0x0000,
0x71AC,	0x0000,
0x71AE,	0x0000,
0x71B0,	0x0000,
0x71BA,	0x0000,
0x71BC,	0x0000,
0x71BE,	0x0000,
0x71C0,	0x0000,
0x71CA,	0x0000,
0x71CC,	0x0000,
0x71CE,	0x0000,
0x71D0,	0x0000,
0x71DA,	0x0000,
0x71DC,	0x0000,
0x71DE,	0x0000,
0x71E0,	0x0000,
0xB2F8,	0x0000,
0xB2FA,	0x0320,
0xB2FE,	0x0000,
0xB300,	0x0001,
0xB302,	0x0002,
0xB304,	0x0004,
0xB306,	0x0006,
0xB308,	0x0008,
0xB30A,	0x000A,
0xB30C,	0x000C,
0xB30E,	0x000F,
0xB310,	0x0012,
0xB312,	0x0016,
0xB314,	0x0021,
0xB316,	0x005A,
0xB318,	0x00C0,
0xB31A,	0x00F0,
0xB31C,	0x011C,
0xB31E,	0x0120,
0xB320,	0x0130,
0xB322,	0x02C0,
0xB324,	0x0320,
0xB326,	0x08C0,
0xB328,	0x16C0,
0xB32A,	0x3200,
0xB32C,	0x3FF0,
0xB32E,	0xFFFF,
0xB330,	0xFFFF,
0xB332,	0xFFFF,
0xB334,	0xFFFF,
0xB336,	0xFFFF,
0xB338,	0xFFFF,
0xB33A,	0xFFFF,
0xB33C,	0xFFFF,
0xB33E,	0x1263,
0xB340,	0x1263,
0xB342,	0x1252,
0xB344,	0x1231,
0xB346,	0x1211,
0xB348,	0x11F0,
0xB34A,	0x11CF,
0xB34C,	0x11AF,
0xB34E,	0x1180,
0xB350,	0x1165,
0xB352,	0x1140,
0xB354,	0x10FB,
0xB356,	0x1091,
0xB358,	0x1071,
0xB35A,	0x1063,
0xB35C,	0x1056,
0xB35E,	0x1055,
0xB360,	0x1052,
0xB362,	0x102C,
0xB364,	0x1028,
0xB366,	0x1012,
0xB368,	0x1001,
0xB36A,	0x1000,
0xB36C,	0x1000,
0xB36E,	0x1000,
0xB370,	0x1000,
0xB372,	0x1000,
0xB374,	0x1000,
0xB376,	0x1000,
0xB378,	0x1000,
0xB37A,	0x1000,
0xB37C,	0x1000,
0xB37E,	0x0D00,
0xB390,	0x1301,
0xB3E8,	0x1301,
0xFCFC,	0x2002,
0xA03E,	0x001F,
0xA04A,	0x0000,
0xA08A,	0x0000,
0xA08C,	0x0000,
0xA08E,	0x007D,
0xA090,	0x007D,
0xA092,	0x007D,
0xA094,	0x007D,
0xA096,	0x007D,
0xA040,	0x0102,
0xFCFC,	0x2000,
0x4490,	0x0000,
0x4492,	0x0065,
0x5510,	0x0000,
0x5524,	0x0180,
0x5526,	0x0180,
0x428A,	0x00FF,
0x428C,	0xFFFF,
0x428E,	0xFFFF,
0x4290,	0xFFFF,
0x550A,	0x0102,
0x13A2,	0x0001,
0x5508,	0x4040,
0x54AA,	0x0703,
0x54AC,	0x0508,
0x5426,	0x0100,
0x543E,	0x0000,
0x542A,	0x05DC,
0x538C,	0x0000,
0x538E,	0x0000,
0x538A,	0x0001,
0x4482,	0x0101,
0x4484,	0x0100,
0x12CA,	0x0002,
0x1320,	0x0101,
0x12EA,	0x0100,
0x12F0,	0x0100,
0x4486,	0x0000,
0x448A,	0x0100,
0x448C,	0x0101,
0x1348,	0x5000,
0x1352,	0x8300,
0x1366,	0x0400,
0x54BE,	0x0010,
0x54DC,	0x0144,
0x54C0,	0x0006,
0x54DE,	0x0036,
0x54C2,	0x0008,
0x54E0,	0x0010,
0x54C4,	0x0004,
0x54E2,	0x0016,
0x54C6,	0x0004,
0x54E4,	0x0010,
0x54C8,	0x0008,
0x54E6,	0x0006,
0x54CA,	0x0004,
0x54E8,	0x0006,
0x54CC,	0x0004,
0x54EA,	0x0006,
0x54CE,	0x0002,
0x54EC,	0x0010,
0x54D0,	0x0002,
0x54EE,	0x0006,
0x5556,	0x0010,
0x4BDC,	0x0000,
0x4BDE,	0x0000,
0x4BE6,	0x0200,
0x4BF8,	0x0200,
0x4BEA,	0x0020,
0x4BFC,	0x0020,
0x4BEC,	0x0200,
0x4BFE,	0x0200,
0x4D74,	0x0000,
0x4D76,	0x0000,
0x4D78,	0x0000,
0x4D7A,	0x0000,
0x4BE8,	0x0200,
0x4BFA,	0x0200,
0x4E14,	0x0000,
0x4E16,	0x0000,
0x4E18,	0x0000,
0x4E1A,	0x0000,
0x4EB4,	0x0000,
0x4EB6,	0x0000,
0x4EB8,	0x0000,
0x4EBA,	0x0000,
0x4F54,	0x0000,
0x4F56,	0x0000,
0x4F58,	0x0000,
0x4F5A,	0x0000,
0x56DA,	0x004B,
0x56F2,	0x004B,
0x570A,	0x004B,
0x57CA,	0x0008,
0x5AFA,	0x006B,
0x5B2A,	0x005E,
0x6622,	0x0093,
0x7CEA,	0x0047,
0x7E82,	0x0002,
0x68F2,	0x0010,
0x6922,	0x0030,
0x5AB2,	0x002D,
0x660A,	0x0019,
0x7D92,	0x014F,
0x582A,	0x0008,
0x57B4,	0x0008,
0x57CC,	0x0008,
0x57FC,	0x0008,
0x582C,	0x0008,
0x5994,	0x001E,
0x5A24,	0x001E,
0x5AB4,	0x002D,
0x5AFC,	0x006B,
0x5B14,	0x006B,
0x5B2C,	0x005E,
0x5B44,	0x005E,
0x660C,	0x0019,
0x6624,	0x0093,
0x6654,	0x0093,
0x7CEC,	0x0047,
0x7D7C,	0x00AF,
0x7D94,	0x00A0,
0x7E84,	0x0002,
0x57BC,	0x0008,
0x57D4,	0x0008,
0x5804,	0x0008,
0x5834,	0x0008,
0x599C,	0x001E,
0x5A2C,	0x001E,
0x5ABC,	0x002D,
0x5B04,	0x006B,
0x5B1C,	0x006B,
0x5B34,	0x005E,
0x5B4C,	0x005E,
0x6614,	0x0019,
0x662C,	0x0093,
0x665C,	0x0093,
0x68FC,	0x0010,
0x6914,	0x0029,
0x692C,	0x0030,
0x7CF4,	0x0047,
0x7D84,	0x00AF,
0x7D9C,	0x00CB,
0x7E8C,	0x0002,
0x7EA4,	0x0047,
0x59FC,	0x0023,
0x59CC,	0x007D,
0x56E6,	0x004B,
0x56FE,	0x004B,
0x5716,	0x004B,
0x5836,	0x0008,
0x7CF6,	0x0047,
0x5B06,	0x006B,
0x5B1E,	0x006B,
0x5B36,	0x005E,
0x5B4E,	0x005E,
0x662E,	0x0093,
0x665E,	0x0093,
0x57D6,	0x0008,
0x5806,	0x0008,
0x599E,	0x001E,
0x59FE,	0x0023,
0x68FE,	0x0010,
0x6916,	0x0029,
0x692E,	0x0030,
0x7D9E,	0x00CB,
0x7D86,	0x00AF,
0x7EA6,	0x0047,
0x7EA8,	0x0047,
0x5838,	0x0008,
0x7CF8,	0x0047,
0x5B08,	0x006B,
0x5B20,	0x006B,
0x5B38,	0x005E,
0x5B50,	0x005E,
0x6630,	0x0093,
0x6660,	0x0093,
0x57D8,	0x0008,
0x5808,	0x0008,
0x5A00,	0x0023,
0x6900,	0x0010,
0x6918,	0x0029,
0x6930,	0x0030,
0x583C,	0x0008,
0x5A04,	0x0323,
0x5AC4,	0x0028,
0x5ADC,	0x0028,
0x661C,	0x0019,
0x6634,	0x00CF,
0x664C,	0x0019,
0x6664,	0x0101,
0x5B0C,	0x00AC,
0x5B24,	0x00DE,
0x5B3C,	0x009F,
0x5B54,	0x00D1,
0x6904,	0x0016,
0x691C,	0x0035,
0x6934,	0x0035,
0x7CFC,	0x005F,
0x7D14,	0x005F,
0x7D8C,	0x00AF,
0x7DA4,	0x011C,
0x7DBC,	0x00FC,
0x7EAC,	0x005F,
0x13A0,	0x0002,
0x5536,	0x1000,
0x1330,	0x2350,
0x1334,	0x2250,
0x137E,	0x14FF,
0x1464,	0x09C4,
0xFCFC,	0x2001,
0x26AA,	0x0000,
0x136A,	0x0043,
0x1372,	0x3308,
0x395A,	0x7F02,
0x3FD8,	0x0100,
0x4C3C,	0x0000,
0x3FEC,	0x0200,
0x3FFE,	0x070F,
0x4004,	0x0006,
0x3FE2,	0x00FF,
0x4010,	0x0100,
0x3FD0,	0x0010,
0x3FD2,	0x000C,
0x3FE8,	0x2009,
0x3FEA,	0x0901,
0xAACA,	0x0000,
0xB2E4,	0x0001,
0xB47A,	0x1000,
0xB47C,	0x0000,
0xB47E,	0x0565,
0x1AD8,	0x0101,
0x1A4C,	0x0102,
0x1982,	0x0000,
0x7C30,	0x0000,
0x7C34,	0x0001,
0x7C36,	0xB308,
0x291A,	0x0000,
0x79F0,	0x0000,
0x9048,	0x0000,
0x904A,	0x0000,
0x904C,	0x0000,
0x904E,	0x0000,
0x9050,	0x0000,
0x9054,	0x0000,
0x9056,	0x0000,
0x9058,	0x0000,
0x905A,	0x0000,
0x0C14,	0x0000,
0x0C16,	0x0000,
0x0C18,	0x0000,
0x0C1A,	0x0000,
0xFCFC,	0x2000,
0x4BE2,	0x0000,
0x4BF4,	0x0200,
0x4C06,	0x0200,
0x51D4,	0x0000,
0x51D6,	0x0000,
0x51D8,	0x0000,
0x51DA,	0x0000,
0x51DC,	0x0000,
0x51DE,	0x0000,
0x51E0,	0x0000,
0x51E2,	0x0000,
0x4BE0,	0x0000,
0x4BEE,	0x0000,
0x4C00,	0x0000,
0x4FF4,	0x0000,
0x4FF6,	0x0000,
0x4FF8,	0x0000,
0x4FFA,	0x0000,
0x4BF0,	0x0000,
0x4C02,	0x0000,
0x5094,	0x0000,
0x5096,	0x0000,
0x5098,	0x0000,
0x509A,	0x0000,
0x509C,	0x0000,
0x509E,	0x0000,
0x50A0,	0x0000,
0x50A2,	0x0000,
0x50A4,	0x0000,
0x50A6,	0x0000,
0x50A8,	0x0000,
0x50AA,	0x0000,
0x50AC,	0x0000,
0x50AE,	0x0000,
0x50B0,	0x0000,
0x50B2,	0x0000,
0xFCFC,	0x4000,
0xBA8C,	0x0040,
0xBA90,	0x0021,
0xFEFA,	0x0000,
0xFEFC,	0x0000,
0xF33A,	0x000C,
0xFD7C,	0x000C,
0xF338,	0x0022,
0xFD7A,	0x0022,
0xF31E,	0x000D,
0xF32A,	0x000D,
0xF320,	0x000D,
0xF32C,	0x000D,
0xFCFC,	0x2001,
0x0C04,	0x2E28,
0x0C0A,	0x2E28,
0x19E4,	0x0001,
0x7C48,	0x03C0,
0x2872,	0x0000,
0x26B2,	0x0000,
0x26B4,	0x0000,
0x26B6,	0x0000,
0x26C4,	0x0000,
0x26B8,	0x0000,
0x26C6,	0x0000,
0x26BA,	0x0000,
0x26C8,	0x0000,
0x26BC,	0x0000,
0x26CA,	0x0000,
0x26BE,	0x0000,
0x26CC,	0x0000,
0x26C0,	0x0000,
0x26CE,	0x0000,
0x26C2,	0x0000,
0x26D0,	0x0000,
0x26D2,	0x0000,
0x26B0,	0x0100,
0x2874,	0x0000,
0x2876,	0x0000,
0x2878,	0x0000,
0x287A,	0x0000,
0x287C,	0x0000,
0x287E,	0x0000,
0x2880,	0x0000,
0x2882,	0x0000,
0x2886,	0x0000,
0x2888,	0x0000,
0x288A,	0x0000,
0x288C,	0x0000,
0x288E,	0x0000,
0x2890,	0x0000,
0x2892,	0x0000,
0x2894,	0x0000,
0x2898,	0x0020,
0x289A,	0x0020,
0x289C,	0x0020,
0x289E,	0x0000,
0x28A0,	0x0000,
0x28A2,	0x0000,
0x28A4,	0x0000,
0x28A6,	0x0000,
0x28CE,	0x0000,
0x28D0,	0x0000,
0x28D2,	0x0000,
0x28D4,	0x0000,
0x28D6,	0x0000,
0x28D8,	0x0000,
0x28DA,	0x0000,
0x28DC,	0x0000,
0x28AA,	0x0000,
0x28BC,	0x0000,
0x28AC,	0x0000,
0x28BE,	0x0000,
0x28AE,	0x0000,
0x28C0,	0x0000,
0x28B0,	0x0000,
0x28C2,	0x0000,
0x28B2,	0x0000,
0x28C4,	0x0000,
0x28B4,	0x0000,
0x28C6,	0x0000,
0x28B6,	0x0000,
0x28C8,	0x0000,
0x28B8,	0x0000,
0x28CA,	0x0000,
0xFCFC,	0x2000,
0x1300,	0x0001,
0xFCFC,	0x2002,
0xA044,	0x0001,
0xA046,	0x0101,
0xAE90,	0x0000,
0xAE9A,	0x0001,
0xFCFC,	0x4001,
0x0606,	0x0024,
0x0608,	0x0014,
0x060A,	0x0034,
0xFCFC,	0x4000,
0x020C,	0x0002,
};

//200m
static u16 addr_data_pair_custom7[] = {
0xFCFC,	0x4000,
0x0B30,	0x0000,
0xFCFC,	0x4000,
0x6214,	0xFFFF,
0x6216,	0xFFFF,
0x6218,	0xFFFF,
0xA100,	0xFFFF,
0xFCFC,	0x4001,
0x0100,	0xFFFF,
0x2100,	0xFFFF,
0xFCFC,	0x4000,
0x8100,	0xFFFF,
0x621A,	0x0000,
0x621C,	0x0000,
0x6220,	0x0000,
0xA102,	0x0000,
0xFCFC,	0x4001,
0x0102,	0x0000,
0x2102,	0x0000,
0xFCFC,	0x4000,
0x8102,	0x0000,
0x0344,	0x0010,
0x0348,	0x3FCF,
0x0346,	0x0028,
0x034A,	0x2FF7,
0x034C,	0x3FC0,
0x034E,	0x2FD0,
0x0340,	0x30A2,
0x0342,	0x53A0,
0x0900,	0x0011,
0x0380,	0x0001,
0x0382,	0x0001,
0x0384,	0x0001,
0x0386,	0x0001,
0x040C,	0x0000,
0x0400,	0x1010,
0x0408,	0x0100,
0x040A,	0x0100,
0x0350,	0x0000,
0x0352,	0x0000,
0x0136,	0x1800,
0x013E,	0x0000,
0x0304,	0x0003,
0x0306,	0x00FA,
0x030C,	0x0001,
0x030E,	0x0003,
0x0310,	0x00A0,
0x0312,	0x0000,
0x031A,	0x0002,
0x031C,	0x0026,
0x031E,	0x0002,
0x0B08,	0x0101,
0x0202,	0x0014,
0x022C,	0x0014,
0x0226,	0x0014,
0x0702,	0x0000,
0x0704,	0x0000,
0x0B02,	0x0101,
0x0B04,	0x0011,
0x0BE2,	0x0000,
0x0BC2,	0x0000,
0x0BC4,	0x0000,
0x021E,	0x0000,
0x0228,	0x0100,
0x0722,	0x0800,
0x0112,	0x0A0A,
0x0114,	0x0301,
0x0118,	0x0004,
0x011A,	0x0001,
0x011C,	0x0101,
0x0270,	0x2B2B,
0x0272,	0x2B10,
0x0260,	0x0001,
0x0262,	0x0200,
0x0264,	0x0102,
0x0266,	0x0000,
0x0274,	0x3030,
0x0720,	0x0000,
0x0724,	0x0001,
0x0728,	0x07F8,
0x072A,	0x02FD,
0x072C,	0x01FC,
0x072E,	0x02FD,
0xFCFC,	0x2001,
0x9000,	0x0000,
0x9082,	0x0100,
0xFCFC,	0x2000,
0x14B8,	0x0000,
0x4294,	0x0000,
0x4296,	0x0000,
0x4298,	0x0000,
0x429A,	0x0000,
0x429C,	0x0000,
0x429E,	0x0000,
0x42A0,	0x0000,
0x42A2,	0x0000,
0x42A4,	0x0000,
0x42A6,	0x0000,
0x42BC,	0x0000,
0x42BE,	0x0000,
0x42C0,	0x0000,
0x42C2,	0x0000,
0x42C4,	0x0000,
0x42C6,	0x0000,
0x42C8,	0x0000,
0x42CA,	0x0000,
0x42CC,	0x0000,
0x42CE,	0x0000,
0x42E4,	0x0000,
0x42E6,	0x0000,
0x442A,	0x000A,
0x443A,	0x000A,
0x4428,	0x0000,
0x4438,	0x0000,
0x4424,	0x0014,
0x4434,	0x0014,
0x4432,	0x001F,
0x4442,	0x001F,
0x4430,	0x001A,
0x4440,	0x001A,
0x442C,	0x0024,
0x443C,	0x0024,
0xFCFC,	0x2001,
0x9270,	0x0000,
0x9306,	0x0400,
0x9308,	0x0400,
0x930A,	0x0400,
0x9D62,	0x0032,
0x9D64,	0x0032,
0x9D66,	0x0028,
0x9D68,	0x001E,
0x9D6A,	0x001E,
0x9D6C,	0x001E,
0x9D72,	0x0032,
0x9D74,	0x0032,
0x9D76,	0x0028,
0x9D78,	0x001E,
0x9D7A,	0x001E,
0x9D7C,	0x001E,
0x9D82,	0x0032,
0x9D84,	0x0032,
0x9D86,	0x0028,
0x9D88,	0x001E,
0x9D8A,	0x001E,
0x9D8C,	0x001E,
0x9D92,	0x0032,
0x9D94,	0x0032,
0x9D96,	0x0028,
0x9D98,	0x001E,
0x9D9A,	0x001E,
0x9D9C,	0x001E,
0x9DA2,	0x0050,
0x9DA4,	0x0032,
0x9DA6,	0x0032,
0x9DA8,	0x0028,
0x9DAA,	0x0028,
0x9DAC,	0x0028,
0x9DB2,	0x0001,
0x9DB4,	0x0001,
0x9DB6,	0x0001,
0x9DB8,	0x0001,
0x9DBA,	0x0001,
0x9DBC,	0x0001,
0x928C,	0x5C5C,
0x928E,	0x2F36,
0x9290,	0x6E68,
0x92A8,	0x0E00,
0x92B4,	0x303C,
0x9852,	0x070F,
0x9854,	0x070F,
0x9856,	0x0677,
0x9858,	0x05C3,
0x985A,	0x0534,
0x985C,	0x0534,
0x92D0,	0xFFFF,
0x92D2,	0xFFFF,
0x92D4,	0xFFFF,
0x92F4,	0xFFFF,
0x92F6,	0xFFFF,
0x92F8,	0xFFFF,
0x7DB2,	0x03FF,
0xFCFC,	0x2001,
0x94B6,	0x0258,
0x94B8,	0x0258,
0x94BA,	0x0258,
0x94BC,	0x0258,
0x94BE,	0x0258,
0x94C0,	0x0258,
0x94D2,	0x0190,
0x94D4,	0x0190,
0x94D6,	0x0190,
0x94D8,	0x0190,
0x94DA,	0x0190,
0x94DC,	0x0190,
0x94EE,	0x01F4,
0x94F0,	0x01F4,
0x94F2,	0x01F4,
0x94F4,	0x01F4,
0x94F6,	0x01F4,
0x94F8,	0x01F4,
0x9276,	0x0101,
0x9278,	0x0101,
0x927A,	0x0109,
0x92E2,	0x00BE,
0x92E4,	0x00BE,
0x92E6,	0x00BE,
0x92E8,	0x27D8,
0x92EA,	0x27D8,
0x92EC,	0x27D8,
0x988A,	0x0001,
0x988C,	0x0001,
0x988E,	0x0001,
0x9890,	0x0001,
0x9892,	0x0001,
0x9894,	0x0001,
0x9606,	0x001E,
0x9608,	0x001E,
0x960A,	0x001E,
0x960C,	0x001E,
0x960E,	0x001E,
0x9610,	0x001E,
0x9836,	0x0000,
0x9838,	0x0001,
0x983A,	0x0001,
0x983C,	0x0001,
0x983E,	0x0001,
0x9840,	0x0001,
0x1984,	0x0100,
0x19A2,	0x0100,
0x19F8,	0x0000,
0x19FA,	0x0000,
0x19E6,	0x0001,
0x19E8,	0x0001,
0x19EC,	0x0200,
0x19EE,	0x0400,
0x19F0,	0x0800,
0x231A,	0x0022,
0x2372,	0x0007,
0x2326,	0x0000,
0x2342,	0x0030,
0x232A,	0x0318,
0x2374,	0x0030,
0x238C,	0x0074,
0x2376,	0x0000,
0x238E,	0x0001,
0x2344,	0x0014,
0x232C,	0x0001,
0x237E,	0x0000,
0x2396,	0x0001,
0x234C,	0x0014,
0x2334,	0x0001,
0x23A4,	0x0000,
0x2380,	0x0000,
0x2398,	0x0001,
0x234E,	0x0014,
0x2336,	0x0001,
0x2382,	0x0000,
0x239A,	0x0001,
0x2350,	0x0014,
0x2338,	0x0001,
0x2354,	0x0014,
0x233C,	0x0001,
0x2386,	0x0000,
0x239E,	0x0001,
0x3B22,	0x0100,
0x3A9E,	0x0808,
0x3AA0,	0x0101,
0x3B2C,	0x0040,
0x3AD4,	0x0100,
0x3AE6,	0x0000,
0x3AF2,	0x0000,
0x8180,	0x0001,
0x818E,	0x3FC0,
0x8190,	0x3000,
0x0AF2,	0x0C00,
0x0AF4,	0x0000,
0x0ACE,	0x0A28,
0x39B0,	0x0200,
0x399C,	0x0000,
0x399E,	0x0000,
0xBDC0,	0x0000,
0xBDC2,	0x0001,
0x2950,	0x0000,
0x3950,	0x8888,
0xB440,	0x0000,
0xA780,	0x0000,
0xA78C,	0x0C20,
0xA790,	0x0010,
0xA7AA,	0x0000,
0xA8EC,	0x0100,
0xA922,	0x0000,
0xA924,	0x0000,
0xA926,	0x0000,
0xA936,	0x0080,
0xA938,	0x0080,
0xA940,	0x0080,
0xA942,	0x0000,
0xA944,	0x0000,
0xA948,	0x0001,
0x1310,	0x00E4,
0x3BB0,	0x0204,
0x9350,	0x0100,
0x8A24,	0x0004,
0x8A26,	0x0004,
0x8A12,	0x0000,
0x918C,	0xFFFF,
0x8A18,	0x0000,
0x8A1A,	0x0000,
0x26FC,	0x0000,
0x271C,	0x0002,
0x204A,	0x1382,
0x2052,	0x0072,
0x2054,	0x003A,
0x2078,	0x0809,
0x2204,	0x0220,
0x0E74,	0x030F,
0x0E76,	0x030F,
0x2726,	0x0507,
0x3A78,	0xFF01,
0x3A50,	0x0100,
0x897A,	0xFFFF,
0x8986,	0x0200,
0x898A,	0x2101,
0x899C,	0xFF00,
0x89EA,	0x0200,
0x89EC,	0x0200,
0x89EE,	0x0200,
0x89F0,	0x0200,
0x897E,	0x0005,
0x8980,	0x0603,
0x8974,	0x0001,
0x291E,	0x0100,
0x9062,	0x03FF,
0x906E,	0x03FF,
0x9046,	0x077E,
0x3BB2,	0x0100,
0x3C42,	0x01A0,
0x3C44,	0x415F,
0x3C46,	0x00C4,
0x3C48,	0x30C3,
0x9080,	0x0000,
0x92FC,	0x0101,
0x0AC2,	0x0514,
0x20B6,	0x0003,
0x20B8,	0x0003,
0x20BA,	0x0003,
0x20BC,	0x0003,
0x20BE,	0x0003,
0x20C0,	0x0003,
0x20C2,	0x0003,
0x20C4,	0x0003,
0x20C6,	0x0003,
0x20C8,	0x0003,
0x0BEC,	0x0241,
0x0C42,	0x03C0,
0x2690,	0x03C0,
0x12D6,	0x992C,
0x12D8,	0xA4C2,
0x12DC,	0x0109,
0x12D4,	0xA6FD,
0x0C50,	0x2CC5,
0x0C52,	0x7D3F,
0x0C5E,	0x0249,
0x26A8,	0x0022,
0x26A4,	0x0036,
0x26A6,	0x0036,
0x12DA,	0x2020,
0x0D14,	0x80F0,
0x0BDC,	0x002B,
0x0BE6,	0x0240,
0x0BE8,	0x2240,
0x0B52,	0x0E06,
0x0B56,	0x0E06,
0x0B58,	0x0606,
0x0B6A,	0x0206,
0x0B6E,	0x0206,
0x0B70,	0x0606,
0x0B82,	0x0202,
0x0B86,	0x0202,
0x0B88,	0x0202,
0x0BB2,	0x0F13,
0x0BB6,	0x1313,
0x0BB8,	0x130B,
0x0BBA,	0x1313,
0x0BCE,	0x1313,
0x0BD0,	0x1313,
0x0BD2,	0x1313,
0x7DD4,	0x0100,
0x9090,	0x0100,
0x90A2,	0x0100,
0x9100,	0x0211,
0x9140,	0x0200,
0x9110,	0x0200,
0x0CC0,	0x0000,
0x0CC2,	0x0000,
0x0CCE,	0x0000,
0x0CE4,	0x0000,
0x0CFA,	0x0000,
0x1AD4,	0x0101,
0x1AD6,	0x0001,
0x2866,	0x0002,
0x3B28,	0x0008,
0x3B2A,	0x0000,
0x1316,	0x0010,
0x131A,	0x000A,
0x6DB2,	0x0000,
0x6DB4,	0x0000,
0x6DB6,	0x0000,
0x6DB8,	0x0000,
0x6DBA,	0x0000,
0x6DBC,	0x0000,
0x6DBE,	0x0000,
0x6DC0,	0x0000,
0x6DC2,	0x0000,
0x6DF2,	0x0000,
0x6DF4,	0x0000,
0x6E74,	0x0000,
0x6E76,	0x0000,
0x6E78,	0x0000,
0x6EB4,	0x0000,
0x6EB6,	0x0000,
0x6EB8,	0x0000,
0x6D70,	0x0000,
0x6D72,	0x0000,
0x6D74,	0x0000,
0x6D76,	0x0000,
0x6D78,	0x0000,
0x6D7A,	0x0000,
0x6D7C,	0x0000,
0x6D7E,	0x0000,
0x6D80,	0x0000,
0x6DF6,	0x0000,
0x6DF8,	0x0000,
0x6E34,	0x0000,
0x6E36,	0x0000,
0x6E38,	0x0000,
0x7162,	0x0000,
0x7164,	0x0000,
0x7166,	0x0000,
0x7168,	0x0000,
0x7172,	0x0000,
0x7174,	0x0000,
0x7176,	0x0000,
0x7178,	0x0000,
0x7182,	0x0000,
0x7184,	0x0000,
0x7186,	0x0000,
0x7188,	0x0000,
0x7192,	0x0000,
0x7194,	0x0000,
0x7196,	0x0000,
0x7198,	0x0000,
0x716A,	0x0000,
0x716C,	0x0000,
0x716E,	0x0000,
0x7170,	0x0000,
0x717A,	0x0000,
0x717C,	0x0000,
0x717E,	0x0000,
0x7180,	0x0000,
0x718A,	0x0000,
0x718C,	0x0000,
0x718E,	0x0000,
0x7190,	0x0000,
0x719A,	0x0000,
0x719C,	0x0000,
0x719E,	0x0000,
0x71A0,	0x0000,
0x71A2,	0x0000,
0x71A4,	0x0000,
0x71A6,	0x0000,
0x71A8,	0x0000,
0x71B2,	0x0000,
0x71B4,	0x0000,
0x71B6,	0x0000,
0x71B8,	0x0000,
0x71C2,	0x0000,
0x71C4,	0x0000,
0x71C6,	0x0000,
0x71C8,	0x0000,
0x71D2,	0x0000,
0x71D4,	0x0000,
0x71D6,	0x0000,
0x71D8,	0x0000,
0x71AA,	0x0000,
0x71AC,	0x0000,
0x71AE,	0x0000,
0x71B0,	0x0000,
0x71BA,	0x0000,
0x71BC,	0x0000,
0x71BE,	0x0000,
0x71C0,	0x0000,
0x71CA,	0x0000,
0x71CC,	0x0000,
0x71CE,	0x0000,
0x71D0,	0x0000,
0x71DA,	0x0000,
0x71DC,	0x0000,
0x71DE,	0x0000,
0x71E0,	0x0000,
0xB2F8,	0x0000,
0xB2FA,	0x0320,
0xB2FE,	0x0000,
0xB300,	0x0001,
0xB302,	0x0002,
0xB304,	0x0004,
0xB306,	0x0006,
0xB308,	0x0008,
0xB30A,	0x000A,
0xB30C,	0x000C,
0xB30E,	0x000F,
0xB310,	0x0012,
0xB312,	0x0016,
0xB314,	0x0021,
0xB316,	0x005A,
0xB318,	0x00C0,
0xB31A,	0x00F0,
0xB31C,	0x011C,
0xB31E,	0x0120,
0xB320,	0x0130,
0xB322,	0x02C0,
0xB324,	0x0320,
0xB326,	0x08C0,
0xB328,	0x16C0,
0xB32A,	0x3200,
0xB32C,	0x3FF0,
0xB32E,	0xFFFF,
0xB330,	0xFFFF,
0xB332,	0xFFFF,
0xB334,	0xFFFF,
0xB336,	0xFFFF,
0xB338,	0xFFFF,
0xB33A,	0xFFFF,
0xB33C,	0xFFFF,
0xB33E,	0x1263,
0xB340,	0x1263,
0xB342,	0x1252,
0xB344,	0x1231,
0xB346,	0x1211,
0xB348,	0x11F0,
0xB34A,	0x11CF,
0xB34C,	0x11AF,
0xB34E,	0x1180,
0xB350,	0x1165,
0xB352,	0x1140,
0xB354,	0x10FB,
0xB356,	0x1091,
0xB358,	0x1071,
0xB35A,	0x1063,
0xB35C,	0x1056,
0xB35E,	0x1055,
0xB360,	0x1052,
0xB362,	0x102C,
0xB364,	0x1028,
0xB366,	0x1012,
0xB368,	0x1001,
0xB36A,	0x1000,
0xB36C,	0x1000,
0xB36E,	0x1000,
0xB370,	0x1000,
0xB372,	0x1000,
0xB374,	0x1000,
0xB376,	0x1000,
0xB378,	0x1000,
0xB37A,	0x1000,
0xB37C,	0x1000,
0xB37E,	0x0D00,
0xB390,	0x1301,
0xB3E8,	0x1301,
0xFCFC,	0x2002,
0xA03E,	0x001F,
0xA04A,	0x0000,
0xA08A,	0x0000,
0xA08C,	0x0000,
0xA08E,	0x007D,
0xA090,	0x007D,
0xA092,	0x007D,
0xA094,	0x007D,
0xA096,	0x007D,
0xA040,	0x0102,
0xFCFC,	0x2000,
0x4490,	0x0000,
0x4492,	0x0065,
0x5510,	0x0000,
0x5524,	0x0190,
0x5526,	0x0190,
0x428A,	0x00FF,
0x428C,	0xFFFF,
0x428E,	0xFFFF,
0x4290,	0xFFFF,
0x550A,	0x0100,
0x13A2,	0x0001,
0x5508,	0x4040,
0x54AA,	0x0703,
0x54AC,	0x0508,
0x5426,	0x0100,
0x543E,	0x0000,
0x542A,	0x05DC,
0x538C,	0x0000,
0x538E,	0x0000,
0x538A,	0x0001,
0x4482,	0x0101,
0x4484,	0x0100,
0x12CA,	0x0002,
0x1320,	0x0101,
0x12EA,	0x0100,
0x12F0,	0x0100,
0x4486,	0x0000,
0x448A,	0x0100,
0x448C,	0x0101,
0x1348,	0x7000,
0x1352,	0x8300,
0x1366,	0x0100,
0x54BE,	0x0010,
0x54DC,	0x0144,
0x54C0,	0x0006,
0x54DE,	0x0036,
0x54C2,	0x0008,
0x54E0,	0x0010,
0x54C4,	0x0004,
0x54E2,	0x0016,
0x54C6,	0x0004,
0x54E4,	0x0010,
0x54C8,	0x0008,
0x54E6,	0x0006,
0x54CA,	0x0004,
0x54E8,	0x0006,
0x54CC,	0x0004,
0x54EA,	0x0006,
0x54CE,	0x0002,
0x54EC,	0x0010,
0x54D0,	0x0002,
0x54EE,	0x0006,
0x5556,	0x0010,
0x4BDC,	0x0000,
0x4BDE,	0x0000,
0x4BE6,	0x0200,
0x4BF8,	0x0200,
0x4BEA,	0x0020,
0x4BFC,	0x0020,
0x4BEC,	0x0200,
0x4BFE,	0x0200,
0x4D74,	0x0000,
0x4D76,	0x0000,
0x4D78,	0x0000,
0x4D7A,	0x0000,
0x4BE8,	0x0200,
0x4BFA,	0x0200,
0x4E14,	0x0000,
0x4E16,	0x0000,
0x4E18,	0x0000,
0x4E1A,	0x0000,
0x4EB4,	0x0000,
0x4EB6,	0x0000,
0x4EB8,	0x0000,
0x4EBA,	0x0000,
0x4F54,	0x0000,
0x4F56,	0x0000,
0x4F58,	0x0000,
0x4F5A,	0x0000,
0x56DA,	0x0064,
0x56F2,	0x0064,
0x570A,	0x0064,
0x57CA,	0x0016,
0x5AFA,	0x008B,
0x5B2A,	0x007E,
0x6622,	0x00B3,
0x7CEA,	0x0047,
0x7E82,	0x0002,
0x68F2,	0x0014,
0x6922,	0x0034,
0x5AB2,	0x002D,
0x660A,	0x0019,
0x7D92,	0x0147,
0x582A,	0x0001,
0x57B4,	0x0008,
0x57CC,	0x0008,
0x57FC,	0x0008,
0x582C,	0x0008,
0x5994,	0x001E,
0x5A24,	0x001E,
0x5AB4,	0x002D,
0x5AFC,	0x006B,
0x5B14,	0x006B,
0x5B2C,	0x005E,
0x5B44,	0x005E,
0x660C,	0x0019,
0x6624,	0x0093,
0x6654,	0x0093,
0x7CEC,	0x0047,
0x7D7C,	0x00AF,
0x7D94,	0x00A0,
0x7E84,	0x0002,
0x57BC,	0x0008,
0x57D4,	0x0008,
0x5804,	0x0008,
0x5834,	0x0008,
0x599C,	0x001E,
0x5A2C,	0x001E,
0x5ABC,	0x002D,
0x5B04,	0x006B,
0x5B1C,	0x006B,
0x5B34,	0x005E,
0x5B4C,	0x005E,
0x6614,	0x0019,
0x662C,	0x0093,
0x665C,	0x0093,
0x68FC,	0x0010,
0x6914,	0x0029,
0x692C,	0x0030,
0x7CF4,	0x0047,
0x7D84,	0x00AF,
0x7D9C,	0x00CB,
0x7E8C,	0x0002,
0x7EA4,	0x0047,
0x59FC,	0x0023,
0x59CC,	0x007D,
0x56E6,	0x004B,
0x56FE,	0x004B,
0x5716,	0x004B,
0x5836,	0x0008,
0x7CF6,	0x0047,
0x5B06,	0x006B,
0x5B1E,	0x006B,
0x5B36,	0x005E,
0x5B4E,	0x005E,
0x662E,	0x0093,
0x665E,	0x0093,
0x57D6,	0x0008,
0x5806,	0x0008,
0x599E,	0x001E,
0x59FE,	0x0023,
0x68FE,	0x0010,
0x6916,	0x0029,
0x692E,	0x0030,
0x7D9E,	0x00CB,
0x7D86,	0x00AF,
0x7EA6,	0x0047,
0x7EA8,	0x0047,
0x5838,	0x0008,
0x7CF8,	0x0047,
0x5B08,	0x006B,
0x5B20,	0x006B,
0x5B38,	0x005E,
0x5B50,	0x005E,
0x6630,	0x0093,
0x6660,	0x0093,
0x57D8,	0x0008,
0x5808,	0x0008,
0x5A00,	0x0023,
0x6900,	0x0010,
0x6918,	0x0029,
0x6930,	0x0030,
0x583C,	0x0008,
0x5A04,	0x0023,
0x5AC4,	0x0069,
0x5ADC,	0x0069,
0x661C,	0x0055,
0x6634,	0x0093,
0x664C,	0x0055,
0x6664,	0x0093,
0x5B0C,	0x006B,
0x5B24,	0x006B,
0x5B3C,	0x005E,
0x5B54,	0x005E,
0x6904,	0x0010,
0x691C,	0x0030,
0x6934,	0x0030,
0x7CFC,	0x0055,
0x7D14,	0x0055,
0x7D8C,	0x0118,
0x7DA4,	0x0131,
0x7DBC,	0x0131,
0x7EAC,	0x0055,
0x13A0,	0x0002,
0x5536,	0x1000,
0x1330,	0x26DE,
0x1334,	0x25FD,
0x137E,	0x20FF,
0x1464,	0x09C4,
0xFCFC,	0x2001,
0x26AA,	0x0000,
0x136A,	0x0043,
0x1372,	0x3308,
0x395A,	0x7F7F,
0x3FD8,	0x0100,
0x4C3C,	0x0000,
0x3FEC,	0x0200,
0x3FFE,	0x0608,
0x4004,	0x0006,
0x3FE2,	0x00FF,
0x4010,	0x0000,
0x3FD0,	0x0010,
0x3FD2,	0x000C,
0x3FE8,	0x20FF,
0x3FEA,	0xFF00,
0xAACA,	0x0000,
0xB2E4,	0x0101,
0xB47A,	0x1000,
0xB47C,	0x0000,
0xB47E,	0x00F5,
0x1AD8,	0x0101,
0x1A4C,	0x0002,
0x1982,	0x0000,
0x7C30,	0x0000,
0x7C34,	0x0001,
0x7C36,	0xB308,
0x291A,	0x0000,
0x79F0,	0x0000,
0x9048,	0x0000,
0x904A,	0x0000,
0x904C,	0x0000,
0x904E,	0x0000,
0x9050,	0x0000,
0x9054,	0x0000,
0x9056,	0x0000,
0x9058,	0x0000,
0x905A,	0x0000,
0x0C14,	0x0000,
0x0C16,	0x0000,
0x0C18,	0x0000,
0x0C1A,	0x0000,
0xFCFC,	0x2000,
0x4BE2,	0x0000,
0x4BF4,	0x0200,
0x4C06,	0x0200,
0x51D4,	0x0000,
0x51D6,	0x0000,
0x51D8,	0x0000,
0x51DA,	0x0000,
0x51DC,	0x0000,
0x51DE,	0x0000,
0x51E0,	0x0000,
0x51E2,	0x0000,
0x4BE0,	0x0000,
0x4BEE,	0x0000,
0x4C00,	0x0000,
0x4FF4,	0x0000,
0x4FF6,	0x0000,
0x4FF8,	0x0000,
0x4FFA,	0x0000,
0x4BF0,	0x0000,
0x4C02,	0x0000,
0x5094,	0x0000,
0x5096,	0x0000,
0x5098,	0x0000,
0x509A,	0x0000,
0x509C,	0x0000,
0x509E,	0x0000,
0x50A0,	0x0000,
0x50A2,	0x0000,
0x50A4,	0x0000,
0x50A6,	0x0000,
0x50A8,	0x0000,
0x50AA,	0x0000,
0x50AC,	0x0000,
0x50AE,	0x0000,
0x50B0,	0x0000,
0x50B2,	0x0000,
0xFCFC,	0x4000,
0xBA8C,	0x0000,
0xBA90,	0x0000,
0xFEFA,	0x0000,
0xFEFC,	0x0000,
0xF33A,	0x0008,
0xFD7C,	0x000A,
0xF338,	0x0022,
0xFD7A,	0x0022,
0xF31E,	0x0000,
0xF32A,	0x0000,
0xF320,	0x0000,
0xF32C,	0x0000,
0xFCFC,	0x2001,
0x0C04,	0x2E28,
0x0C0A,	0x2E28,
0x19E4,	0x0001,
0x7C48,	0x03C0,
0x2872,	0x0000,
0x26B2,	0xFDA2,
0x26B4,	0xFDA0,
0x26B6,	0x0040,
0x26C4,	0x001B,
0x26B8,	0x0080,
0x26C6,	0x0024,
0x26BA,	0x0100,
0x26C8,	0x002B,
0x26BC,	0x0200,
0x26CA,	0x0030,
0x26BE,	0x0200,
0x26CC,	0x0030,
0x26C0,	0x0200,
0x26CE,	0x0030,
0x26C2,	0x0200,
0x26D0,	0x0030,
0x26D2,	0x0033,
0x26B0,	0x0101,
0x2874,	0x0000,
0x2876,	0x0000,
0x2878,	0x0000,
0x287A,	0x0000,
0x287C,	0x0000,
0x287E,	0x0000,
0x2880,	0x0000,
0x2882,	0x0000,
0x2886,	0x0000,
0x2888,	0x0000,
0x288A,	0x0000,
0x288C,	0x0000,
0x288E,	0x0000,
0x2890,	0x0000,
0x2892,	0x0000,
0x2894,	0x0000,
0x2898,	0x0000,
0x289A,	0x0000,
0x289C,	0x0000,
0x289E,	0x0000,
0x28A0,	0x0000,
0x28A2,	0x0000,
0x28A4,	0x0000,
0x28A6,	0x0000,
0x28CE,	0x0000,
0x28D0,	0x0000,
0x28D2,	0x0000,
0x28D4,	0x0000,
0x28D6,	0x0000,
0x28D8,	0x0000,
0x28DA,	0x0000,
0x28DC,	0x0000,
0x28AA,	0x0000,
0x28BC,	0x0000,
0x28AC,	0x0000,
0x28BE,	0x0000,
0x28AE,	0x0000,
0x28C0,	0x0000,
0x28B0,	0x0000,
0x28C2,	0x0000,
0x28B2,	0x0000,
0x28C4,	0x0000,
0x28B4,	0x0000,
0x28C6,	0x0000,
0x28B6,	0x0000,
0x28C8,	0x0000,
0x28B8,	0x0000,
0x28CA,	0x0000,
0xFCFC,	0x2000,
0x1300,	0x0001,
0xFCFC,	0x2002,
0xA044,	0x0001,
0xA046,	0x0101,
0xAE90,	0x0000,
0xAE9A,	0x0001,
0xFCFC,	0x4001,
0x0606,	0x0024,
0x0608,	0x0014,
0x060A,	0x0034,
0xFCFC,	0x4000,
0x020C,	0x0000,
};

//LN2 seamless
static u16 s5khp3sp23_seamless_custom2[] = {
0xFCFC,	0x4000,
0x0340,	0x0F70,
0x0136,	0x1800,
0x013E,	0x0000,
0x0304,	0x0003,
0x0306,	0x00FA,
0x030C,	0x0001,
0x030E,	0x0003,
0x0310,	0x00AA,
0x0312,	0x0001,
0x031A,	0x0002,
0x031C,	0x0026,
0x031E,	0x0002,
0xFCFC,	0x2001,
0x19EC,	0x0200,
0x19EE,	0x0400,
0x19F0,	0x0800,
0xAACA,	0x0000,
0xB2E4,	0x0101,
0xB47A,	0x1000,
0xB47C,	0x0000,
0xB47E,	0x00F5,
0x1AD8,	0x0101,
0x1A4C,	0x0002,
0x1982,	0x0000,
0xFCFC,	0x4000,
0x0B30,	0x0100,
};

//2X seamless
static u16 s5khp3sp23_seamless_custom3[] = {
0xFCFC,	0x4000,
0x0340,	0x1250,
0x0136,	0x1800,
0x013E,	0x0000,
0x0304,	0x0003,
0x0306,	0x00DC,
0x030C,	0x0001,
0x030E,	0x0003,
0x0310,	0x00AA,
0x0312,	0x0001,
0x031A,	0x0002,
0x031C,	0x0026,
0x031E,	0x0002,
0xFCFC,	0x2001,
0x19EC,	0x0100,
0x19EE,	0x0400,
0x19F0,	0x0400,
0xAACA,	0x0000,
0xB2E4,	0x0101,
0xB47A,	0x1000,
0xB47C,	0x0000,
0xB47E,	0x00F5,
0x1AD8,	0x0101,
0x1A4C,	0x0002,
0x1982,	0x0000,
0xFCFC,	0x4000,
0x0B30,	0x0101,
};

//4X seamless
static u16 s5khp3sp23_seamless_custom4[] = {
0xFCFC,	0x4000,
0x0340,	0x0CCF,
0x0136,	0x1800,
0x013E,	0x0000,
0x0304,	0x0003,
0x0306,	0x00FA,
0x030C,	0x0001,
0x030E,	0x0003,
0x0310,	0x00AA,
0x0312,	0x0001,
0x031A,	0x0003,
0x031C,	0x0037,
0x031E,	0x0002,
0xFCFC,	0x2001,
0x19EC,	0x0100,
0x19EE,	0x0400,
0x19F0,	0x0400,
0xAACA,	0x0000,
0xB2E4,	0x0101,
0xB47A,	0x1000,
0xB47C,	0x0000,
0xB47E,	0x00F5,
0x1AD8,	0x0101,
0x1A4C,	0x0002,
0x1982,	0x0000,
0xFCFC,	0x4000,
0x0B30,	0x0102,
};

//capture iDCG seamless
static u16 s5khp3sp23_seamless_custom5[] = {
0xFCFC,	0x4000,
0x0340,	0x0F70,
0x0136,	0x1800,
0x013E,	0x0000,
0x0304,	0x0003,
0x0306,	0x00FA,
0x030C,	0x0001,
0x030E,	0x0003,
0x0310,	0x00AA,
0x0312,	0x0001,
0x031A,	0x0002,
0x031C,	0x0026,
0x031E,	0x0002,
0xFCFC,	0x2001,
0x19EC,	0x0200,
0x19EE,	0x0400,
0x19F0,	0x0800,
0xAACA,	0x0000,
0xB2E4,	0x0001,
0xB47A,	0x1000,
0xB47C,	0x0000,
0xB47E,	0x0565,
0x1AD8,	0x0101,
0x1A4C,	0x0102,
0x1982,	0x0000,
0xFCFC,	0x4000,
0x0B30,	0x0103,
};

#endif
