/* SPDX-License-Identifier: GPL-2.0 */
/*
 * Copyright (c) 2019 MediaTek Inc.
 */
/*****************************************************************************
 *
 * Filename:
 * ---------
 *	 s5khp3sp_Sensor_setting.h
 *
 * Project:
 * --------
 * Description:
 * ------------
 *	 CMOS sensor header file
 *
 ****************************************************************************/
#ifndef _S5KHP3SP_SENSOR_SETTING_H
#define _S5KHP3SP_SENSOR_SETTING_H

#include "kd_camera_typedef.h"

static u16 sensor_init_addr_data[] = {
	0xFCFC,0x2001,
	0xAAD4,0x0000,
	0xAAD6,0x3721,
	0xAAD8,0x2002,
	0xAADA,0xA5E7,
	0xAADC,0x0000,
	0xAADE,0x37E3,
	0xAAE0,0x2002,
	0xAAE2,0xA6A3,
	0xAAE4,0x0000,
	0xAAE6,0x6DFD,
	0xAAE8,0x2002,
	0xAAEA,0xA8EB,
	0xAAEC,0x0000,
	0xAAEE,0xC345,
	0xAAF0,0x2002,
	0xAAF2,0xA9B7,
	0xAAF4,0x0003,
	0xAAF6,0x54C5,
	0xAAF8,0x2002,
	0xAAFA,0xAAA7,
	0xAAFC,0x0003,
	0xAAFE,0x5463,
	0xAB00,0x2002,
	0xAB02,0xB0E7,
	0xAB04,0x0003,
	0xAB06,0x5D0B,
	0xAB08,0x2002,
	0xAB0A,0xAEDD,
	0xAB0C,0x0003,
	0xAB0E,0x5EC5,
	0xAB10,0x2002,
	0xAB12,0xB127,
	0xAB14,0x0002,
	0xAB16,0x52F9,
	0xAB18,0x2002,
	0xAB1A,0xD057,
	0xAB1C,0x0003,
	0xAB1E,0x3C53,
	0xAB20,0x2002,
	0xAB22,0xD087,
	0xAB24,0x0003,
	0xAB26,0x3963,
	0xAB28,0x2002,
	0xAB2A,0xB78D,
	0xAB2C,0x0003,
	0xAB2E,0x5B7D,
	0xAB30,0x2002,
	0xAB32,0xB7E1,
	0xAB34,0x0000,
	0xAB36,0x5805,
	0xAB38,0x2002,
	0xAB3A,0xB963,
	0xAB3C,0x0000,
	0xAB3E,0x641D,
	0xAB40,0x2002,
	0xAB42,0xBA1F,
	0xAB44,0x0000,
	0xAB46,0x66BB,
	0xAB48,0x2002,
	0xAB4A,0xBA79,
	0xAB4C,0x0003,
	0xAB4E,0x44DD,
	0xAB50,0x2002,
	0xAB52,0xBBF5,
	0xAB54,0x0001,
	0xAB56,0x4607,
	0xAB58,0x2002,
	0xAB5A,0xBDB5,
	0xAB5C,0x0001,
	0xAB5E,0x4831,
	0xAB60,0x2002,
	0xAB62,0xBFFD,
	0xAB64,0x0001,
	0xAB66,0x404D,
	0xAB68,0x2002,
	0xAB6A,0xC0B9,
	0xAB6C,0x0003,
	0xAB6E,0x8F8B,
	0xAB70,0x2002,
	0xAB72,0xC29F,
	0xAB74,0x0000,
	0xAB76,0x7D07,
	0xAB78,0x2002,
	0xAB7A,0xC3B7,
	0xAB7C,0x0000,
	0xAB7E,0x7C99,
	0xAB80,0x2002,
	0xAB82,0xC731,
	0xAB84,0x0002,
	0xAB86,0x21B1,
	0xAB88,0x2002,
	0xAB8A,0xC945,
	0xAB8C,0x0003,
	0xAB8E,0x90CB,
	0xAB90,0x2002,
	0xAB92,0xC31F,
	0xAB94,0x0000,
	0xAB96,0x5FE5,
	0xAB98,0x2002,
	0xAB9A,0xD661,
	0xAB9C,0x0001,
	0xAB9E,0xEFDF,
	0xABA0,0x2002,
	0xABA2,0xC9B7,
	0xABA4,0x0003,
	0xABA6,0x91D9,
	0xABA8,0x2002,
	0xABAA,0xCD73,
	0xABAC,0x0001,
	0xABAE,0x6E83,
	0xABB0,0x2002,
	0xABB2,0xC9F3,
	0xABB4,0x0002,
	0xABB6,0x3BB7,
	0xABB8,0x2002,
	0xABBA,0xD2C5,
	0xABBC,0x0002,
	0xABBE,0x3DD9,
	0xABC0,0x2002,
	0xABC2,0xD33F,
	0xABC4,0x0001,
	0xABC6,0x33B3,
	0xABC8,0x2002,
	0xABCA,0xD001,
	0xABCC,0x0002,
	0xABCE,0x9151,
	0xABD0,0x2002,
	0xABD2,0xD369,
	0xABD4,0x0000,
	0xABD6,0x14A9,
	0xABD8,0x2002,
	0xABDA,0xDFD1,
	0xABDC,0x0000,
	0xABDE,0x1567,
	0xABE0,0x2002,
	0xABE2,0xE023,
	0xABE4,0x0003,
	0xABE6,0x8E79,
	0xABE8,0x2002,
	0xABEA,0xD0F5,
	0xABEC,0x0003,
	0xABEE,0x793F,
	0xABF0,0x2002,
	0xABF2,0xE15F,
	0xABF4,0x0001,
	0xABF6,0xBD7D,
	0xABF8,0x2002,
	0xABFA,0xE357,
	0xABFC,0x0001,
	0xABFE,0xAD77,
	0xAC00,0x2002,
	0xAC02,0xE39D,
	0xFCFC,0x2002,
	0xDD10,0x0000,
	0xDD12,0x0008,
	0xDD14,0x0000,
	0xDD16,0x0000,
	0xDD18,0x0000,
	0xDD1A,0x0000,
	0xDD1C,0x0000,
	0xDD1E,0x0000,
	0xDD20,0x0000,
	0xDD22,0x0000,
	0xDD24,0x0000,
	0xDD26,0x0000,
	0xDD28,0x0000,
	0xDD2A,0x0000,
	0xDD2C,0x0000,
	0xDD2E,0x0000,
	0xDD30,0x0000,
	0xDD32,0x0000,
	0xDD34,0xFFFF,
	0xDD36,0xFFFF,
	0xDD38,0x0000,
	0xDD3C,0x0000,
	0xDD3E,0xB140,
	0xDD40,0x0000,
	0xDD42,0xB740,
	0xDD44,0x0000,
	0xDD46,0xBD40,
	0xDD48,0x0000,
	0xDD4A,0xC340,
	0xDD4C,0x0000,
	0xDD4E,0xC940,
	0xDD50,0x0000,
	0xDD52,0xCF40,
	0xDD54,0x0000,
	0xDD56,0xD540,
	0xDD58,0x0000,
	0xDD5A,0xDB40,
	0xDD5C,0x0000,
	0xDD5E,0x0416,
	0xDD60,0x0F00,
	0xDD62,0x0400,
	0xDD64,0x0000,
	0xDD66,0x0000,
	0xDD68,0x0000,
	0xDD6A,0x0000,
	0xDD6C,0x0000,
	0xDD6E,0x0000,
	0xDD70,0x0000,
	0xDD72,0x0000,
	0xDD74,0x0000,
	0xDD76,0x0000,
	0xDD78,0x0000,
	0xDD7A,0x0000,
	0xDD7C,0x0401,
	0xDD7E,0x0025,
	0xDD80,0x0000,
	0xDD82,0x0000,
	0xDD84,0x0000,
	0xDD86,0x0000,
	0xDD88,0x0000,
	0xDD8A,0x0000,
	0xDD8C,0x0005,
	0xDD8E,0x0100,
0xDD90, 0x000A,
	0xDD92,0x0000,
	0xDD94,0x0000,
	0xDD96,0x0000,
	0xDD98,0x0000,
	0xDD9A,0x0000,
	0xDD9C,0x0000,
	0xDD9E,0x0000,
	0xDDA0,0x0000,
	0xDDA2,0x0000,
	0xDDA4,0x0000,
	0xDDA6,0x0000,
	0xDDA8,0x0000,
	0xDDAA,0x0000,
	0xDDAC,0x0000,
	0xDDAE,0x0000,
	0xDDB0,0x0000,
	0xDDB2,0x0000,
	0xDDB4,0x0000,
	0xDDB6,0x0000,
	0xDDB8,0x0000,
	0xDDBA,0x0000,
	0xDDBC,0x0000,
	0xDDBE,0x0000,
	0xDDC0,0x0000,
	0xDDC2,0x0000,
	0xDDC4,0x0000,
	0xDDC6,0x0000,
	0xDDC8,0x0000,
	0xDDCA,0x0000,
	0xDDCC,0x0000,
	0xDDCE,0x0000,
	0xDDD0,0x0000,
	0xDDD2,0x0000,
	0xDDD4,0x0000,
	0xDDD6,0x0000,
	0xDDD8,0x0000,
	0xDDDA,0xFFFF,
	0xDDDC,0x0000,
0xDDDE, 0x00D6,
	0xDDE0,0x0000,
	0xDDE2,0x0100,
	0xDDE4,0x0000,
	0xDDE6,0x0400,
	0xDDE8,0x0000,
	0xDDEA,0x0800,
	0xDDEC,0x0000,
	0xDDEE,0x0C00,
	0xDDF0,0x0000,
	0xDDF2,0x1000,
	0xDDF4,0x0000,
	0xDDF6,0x0100,
	0xDDF8,0x0000,
	0xDDFA,0x0400,
	0xDDFC,0x0000,
	0xDDFE,0x0800,
	0xDE00,0x0000,
	0xDE02,0x0C00,
	0xDE04,0x0000,
	0xDE06,0x1000,
	0xDE08,0x0000,
	0xDE0A,0x0100,
	0xDE0C,0x0000,
	0xDE0E,0x0400,
	0xDE10,0x0000,
	0xDE12,0x0800,
	0xDE14,0x0000,
	0xDE16,0x0C00,
	0xDE18,0x0000,
	0xDE1A,0x1000,
	0xDE1C,0x0000,
	0xDE1E,0x0100,
	0xDE20,0x0000,
	0xDE22,0x0080,
	0xDE24,0x0000,
	0xDE26,0x0033,
	0xDE28,0x0000,
	0xDE2A,0x0020,
	0xDE2C,0x0000,
	0xDE2E,0x0000,
	0xDE30,0x0000,
	0xDE32,0x0100,
	0xDE34,0x0000,
	0xDE36,0x0080,
	0xDE38,0x0000,
	0xDE3A,0x0033,
	0xDE3C,0x0000,
	0xDE3E,0x0020,
	0xDE40,0x0000,
	0xDE42,0x0000,
	0xDE44,0x0000,
	0xDE46,0x0100,
	0xDE48,0x0000,
	0xDE4A,0x0080,
	0xDE4C,0x0000,
	0xDE4E,0x0033,
	0xDE50,0x0000,
	0xDE52,0x0020,
	0xDE54,0x0000,
	0xDE56,0x0000,
	0xDE58,0x0200,
	0xDE5A,0x0400,
0xDEE4, 0x4D00,
	0xDEE6,0x0D75,
	0xDEE8,0x0D75,
	0xDEEA,0x0002,
	0xDEEC,0x0200,
	0xDEF0,0x0000,
	0xDEF2,0x0000,
	0xDEF4,0x0000,
	0xDEF6,0x0000,
	0xDEF8,0x0000,
	0xDEFA,0x0000,
    0xDEFC, 0x008B,
	0xDF84,0x0000,
	0xDF86,0x0000,
	0xDF88,0x0000,
	0xDF8A,0x0000,
	0xDF8C,0x0000,
	0xDF8E,0x0000,
	0xDF90,0x0B48,
	0xDF92,0x10B5,
	0xDF94,0x0949,
	0xDF96,0x0B4A,
	0xDF98,0xC0F8,
	0xDF9A,0x001C,
	0xDF9C,0x511A,
	0xDF9E,0xC0F8,
	0xDFA0,0x041C,
	0xDFA2,0x00F0,
	0xDFA4,0x8BFA,
	0xDFA6,0x0028,
	0xDFA8,0x07D0,
	0xDFAA,0xFFF7,
	0xDFAC,0x89FB,
	0xDFAE,0x00F0,
	0xDFB0,0x64FA,
	0xDFB2,0xBDE8,
	0xDFB4,0x1040,
	0xDFB6,0x04F0,
	0xDFB8,0x2BBA,
	0xDFBA,0x10BD,
	0xDFBC,0x2002,
	0xDFBE,0xE57C,
	0xDFC0,0x2002,
	0xDFC2,0x5430,
	0xDFC4,0x2002,
	0xDFC6,0xFF50,
	0xDFC8,0x0000,
	0xDFCA,0x0000,
	0xDFCC,0x0000,
	0xDFCE,0x0000,
	0xDFD0,0x2DE9,
	0xDFD2,0xF041,
	0xDFD4,0x0646,
	0xDFD6,0xFF48,
	0xDFD8,0x0D46,
	0xDFDA,0x0022,
	0xDFDC,0xD0F8,
	0xDFDE,0x8440,
	0xDFE0,0x200C,
	0xDFE2,0xA1B2,
	0xDFE4,0x0746,
	0xDFE6,0xFFF7,
	0xDFE8,0xEAFB,
	0xDFEA,0x2946,
	0xDFEC,0x3046,
	0xDFEE,0x00F0,
	0xDFF0,0x6AFA,
	0xDFF2,0xA1B2,
	0xDFF4,0x0122,
	0xDFF6,0x3846,
	0xDFF8,0xFFF7,
	0xDFFA,0xE1FB,
	0xDFFC,0xFFF7,
	0xDFFE,0x2FFC,
	0xE000,0x0028,
	0xE002,0x09D0,
	0xE004,0x00F0,
	0xE006,0x64FA,
	0xE008,0x0028,
	0xE00A,0x05D0,
	0xE00C,0xF248,
	0xE00E,0x0178,
	0xE010,0xF248,
	0xE012,0x19B1,
	0xE014,0x0021,
	0xE016,0x0181,
	0xE018,0xBDE8,
	0xE01A,0xF081,
	0xE01C,0xF049,
	0xE01E,0xC98A,
	0xE020,0xF9E7,
	0xE022,0x2DE9,
	0xE024,0xF047,
	0xE026,0x1546,
	0xE028,0x0E46,
	0xE02A,0x0446,
	0xE02C,0xFFF7,
	0xE02E,0x17FC,
	0xE030,0x0028,
	0xE032,0x21D0,
	0xE034,0xEB48,
	0xE036,0xDFF8,
	0xE038,0xA4A3,
	0xE03A,0x4FF0,
	0xE03C,0x0008,
	0xE03E,0x90F8,
	0xE040,0xDE01,
	0xE042,0xD8B1,
	0xE044,0x002E,
	0xE046,0x17D1,
	0xE048,0x2068,
	0xE04A,0xC068,
	0xE04C,0x408A,
	0xE04E,0x0028,
	0xE050,0x12D0,
	0xE052,0x00F0,
	0xE054,0x3DFA,
	0xE056,0x0028,
	0xE058,0x0ED0,
	0xE05A,0x2068,
	0xE05C,0xBAF8,
	0xE05E,0x0220,
	0xE060,0xC168,
	0xE062,0x498A,
	0xE064,0x8A42,
	0xE066,0x5CD2,
	0xE068,0x891A,
	0xE06A,0x8180,
	0xE06C,0x2068,
	0xE06E,0xBAF8,
	0xE070,0x0220,
	0xE072,0x4188,
	0xE074,0x1144,
	0xE076,0x4180,
	0xE078,0xBDE8,
	0xE07A,0xF087,
	0xE07C,0x012E,
	0xE07E,0x49D1,
	0xE080,0x2068,
	0xE082,0xC168,
	0xE084,0x4A8A,
	0xE086,0xCAB3,
	0xE088,0x898B,
	0xE08A,0xC180,
	0xE08C,0x00F0,
	0xE08E,0x20FA,
	0xE090,0x0100,
	0xE092,0xB146,
	0xE094,0xD44F,
	0xE096,0xA5F1,
	0xE098,0x0100,
	0xE09A,0x86B2,
	0xE09C,0x30D0,
	0xE09E,0x00F0,
	0xE0A0,0x1CFA,
	0xE0A2,0x60B3,
	0xE0A4,0x2168,
	0xE0A6,0xBAF8,
	0xE0A8,0x0200,
	0xE0AA,0xC968,
	0xE0AC,0x498A,
	0xE0AE,0x8842,
	0xE0B0,0x18D2,
	0xE0B2,0xCB49,
	0xE0B4,0x91F8,
	0xE0B6,0x2210,
	0xE0B8,0xA1B1,
	0xE0BA,0x87F8,
	0xE0BC,0x0090,
	0xE0BE,0x2168,
	0xE0C0,0xD1F8,
	0xE0C2,0x0CC0,
	0xE0C4,0xBCF8,
	0xE0C6,0x12C0,
	0xE0C8,0xACEB,
	0xE0CA,0x0000,
	0xE0CC,0x6843,
	0xE0CE,0x8880,
	0xE0D0,0x2068,
	0xE0D2,0xBAF8,
	0xE0D4,0x0220,
	0xE0D6,0x4188,
	0xE0D8,0x1144,
	0xE0DA,0x4180,
	0xE0DC,0xA7F8,
	0xE0DE,0x0290,
	0xE0E0,0xBE80,
	0xE0E2,0xC9E7,
	0xE0E4,0x87F8,
	0xE0E6,0x0080,
	0xE0E8,0x2068,
	0xE0EA,0xC368,
	0xE0EC,0x4288,
	0xE0EE,0x5B8A,
	0xE0F0,0x1A44,
	0xE0F2,0x4280,
	0xE0F4,0x2068,
	0xE0F6,0xA0F8,
	0xE0F8,0x0480,
	0xE0FA,0xBDE7,
	0xE0FC,0x0AE0,
	0xE0FE,0xFFE7,
	0xE100,0x87F8,
	0xE102,0x0090,
	0xE104,0x2068,
	0xE106,0xC168,
	0xE108,0x498A,
	0xE10A,0x6943,
	0xE10C,0x8180,
	0xE10E,0xA7F8,
	0xE110,0x0290,
	0xE112,0xE5E7,
	0xE114,0x2168,
	0xE116,0xA1F8,
	0xE118,0x0480,
	0xE11A,0x2168,
	0xE11C,0xA1F8,
	0xE11E,0x0680,
	0xE120,0xAAE7,
	0xE122,0x4288,
	0xE124,0x1144,
	0xE126,0x4180,
	0xE128,0x2168,
	0xE12A,0xA1F8,
	0xE12C,0x0480,
	0xE12E,0xA3E7,
	0xE130,0x10B5,
	0xE132,0x00F0,
	0xE134,0xCDF9,
	0xE136,0x0446,
	0xE138,0xFFF7,
	0xE13A,0x91FB,
	0xE13C,0x38B1,
	0xE13E,0x34B1,
	0xE140,0x00F0,
	0xE142,0xD0F9,
	0xE144,0x18B1,
	0xE146,0xA948,
	0xE148,0x0079,
	0xE14A,0x0128,
	0xE14C,0x06D1,
	0xE14E,0x6422,
	0xE150,0xBDE8,
	0xE152,0x1040,
	0xE154,0x0021,
	0xE156,0xA648,
	0xE158,0xFFF7,
	0xE15A,0xEABB,
	0xE15C,0x10BD,
	0xE15E,0x70B5,
	0xE160,0xA448,
	0xE162,0x0022,
	0xE164,0x90F8,
	0xE166,0x0461,
	0xE168,0x9A48,
	0xE16A,0xD0F8,
	0xE16C,0x9040,
	0xE16E,0x200C,
	0xE170,0xA1B2,
	0xE172,0x0546,
	0xE174,0xFFF7,
	0xE176,0x23FB,
	0xE178,0x00F0,
	0xE17A,0xB9F9,
	0xE17C,0xA1B2,
	0xE17E,0x0122,
	0xE180,0x2846,
	0xE182,0xFFF7,
	0xE184,0x1CFB,
	0xE186,0x002E,
	0xE188,0x0CD1,
	0xE18A,0x00F0,
	0xE18C,0xB5F9,
	0xE18E,0x9749,
	0xE190,0x994A,
	0xE192,0x20B1,
	0xE194,0x994B,
	0xE196,0x0888,
	0xE198,0x1880,
	0xE19A,0x088D,
	0xE19C,0x00E0,
	0xE19E,0x4888,
	0xE1A0,0xA2F8,
	0xE1A2,0x5803,
	0xE1A4,0x70BD,
	0xE1A6,0x70B5,
	0xE1A8,0x0028,
	0xE1AA,0x0FD1,
	0xE1AC,0x8F48,
	0xE1AE,0x90F8,
	0xE1B0,0x2B00,
	0xE1B2,0x0128,
	0xE1B4,0x0AD1,
	0xE1B6,0x8F4C,
	0xE1B8,0x0220,
	0xE1BA,0x94F8,
	0xE1BC,0x5059,
	0xE1BE,0x84F8,
	0xE1C0,0x5009,
	0xE1C2,0x04F5,
	0xE1C4,0x1564,
	0xE1C6,0x00F0,
	0xE1C8,0x9CF9,
	0xE1CA,0x2570,
	0xE1CC,0x70BD,
	0xE1CE,0x70B5,
	0xE1D0,0x0528,
	0xE1D2,0x1CD0,
	0xE1D4,0x0B28,
	0xE1D6,0x36D1,
	0xE1D8,0x8948,
	0xE1DA,0x8A49,
	0xE1DC,0xB0F8,
	0xE1DE,0xA20B,
	0xE1E0,0x0880,
	0xE1E2,0x894C,
	0xE1E4,0x94F8,
	0xE1E6,0x8050,
	0xE1E8,0x002D,
	0xE1EA,0x2CD0,
	0xE1EC,0x814B,
	0xE1EE,0xB4F8,
	0xE1F0,0xBC10,
	0xE1F2,0x0020,
	0xE1F4,0xB3F8,
	0xE1F6,0x2221,
	0xE1F8,0x04EB,
	0xE1FA,0x4006,
	0xE1FC,0xB6F8,
	0xE1FE,0xA060,
	0xE200,0xB242,
	0xE202,0x21D2,
	0xE204,0x04EB,
	0xE206,0x4000,
	0xE208,0xB0F8,
	0xE20A,0xAE10,
	0xE20C,0x1FE0,
	0xE20E,0x8048,
	0xE210,0x7E49,
	0xE212,0x90F8,
	0xE214,0xB424,
	0xE216,0x42B9,
	0xE218,0xB0F8,
	0xE21A,0x3025,
	0xE21C,0x0A82,
	0xE21E,0xB0F8,
	0xE220,0x3225,
	0xE222,0x4A82,
	0xE224,0xB0F8,
	0xE226,0x3425,
	0xE228,0x8A82,
	0xE22A,0x90F8,
	0xE22C,0xB424,
	0xE22E,0x7949,
	0xE230,0x002A,
	0xE232,0x08D1,
	0xE234,0xB0F8,
	0xE236,0xEE25,
	0xE238,0x0A82,
	0xE23A,0xB0F8,
	0xE23C,0xF025,
	0xE23E,0x4A82,
	0xE240,0xB0F8,
	0xE242,0xF205,
	0xE244,0x8882,
	0xE246,0x70BD,
	0xE248,0x401C,
	0xE24A,0x0728,
	0xE24C,0xD4D3,
	0xE24E,0x34F8,
	0xE250,0xBE2F,
	0xE252,0x02F1,
	0xE254,0x8042,
	0xE256,0x1180,
	0xE258,0x6088,
	0xE25A,0x00F1,
	0xE25C,0x8040,
	0xE25E,0x0180,
	0xE260,0x022D,
	0xE262,0xF0D1,
	0xE264,0x6149,
	0xE266,0xB3F8,
	0xE268,0xDE23,
	0xE26A,0x0020,
	0xE26C,0x4C8C,
	0xE26E,0x01EB,
	0xE270,0x4003,
	0xE272,0xDB88,
	0xE274,0x9A42,
	0xE276,0x03D2,
	0xE278,0x01EB,
	0xE27A,0x4000,
	0xE27C,0x848A,
	0xE27E,0x02E0,
	0xE280,0x401C,
	0xE282,0x0728,
	0xE284,0xF3D3,
	0xE286,0x888C,
	0xE288,0x00F1,
	0xE28A,0x8040,
	0xE28C,0x0480,
	0xE28E,0xC88C,
	0xE290,0x00F1,
	0xE292,0x8040,
	0xE294,0x0480,
	0xE296,0x70BD,
	0xE298,0x7CB5,
	0xE29A,0x0528,
	0xE29C,0x20D1,
	0xE29E,0x00F0,
	0xE2A0,0x35F9,
	0xE2A2,0x5D4C,
	0xE2A4,0x0090,
	0xE2A6,0x94F8,
	0xE2A8,0xD00B,
	0xE2AA,0x8DF8,
	0xE2AC,0x0400,
	0xE2AE,0x4F4E,
	0xE2B0,0x009D,
	0xE2B2,0x0120,
	0xE2B4,0xFFF7,
	0xE2B6,0xFFFB,
	0xE2B8,0x00F0,
	0xE2BA,0x28F9,
	0xE2BC,0x0090,
	0xE2BE,0x94F8,
	0xE2C0,0xD00B,
	0xE2C2,0x8DF8,
	0xE2C4,0x0400,
	0xE2C6,0x9DF8,
	0xE2C8,0x0400,
	0xE2CA,0x0228,
	0xE2CC,0x08D0,
	0xE2CE,0xB4F8,
	0xE2D0,0xA209,
	0xE2D2,0x96F8,
	0xE2D4,0x2A10,
	0xE2D6,0x0844,
	0xE2D8,0x0099,
	0xE2DA,0x2844,
	0xE2DC,0x8842,
	0xE2DE,0xE8D8,
	0xE2E0,0x7CBD,
	0xE2E2,0x0328,
	0xE2E4,0x36D1,
	0xE2E6,0x4148,
	0xE2E8,0x90F8,
	0xE2EA,0x2C10,
	0xE2EC,0x0129,
	0xE2EE,0x31D1,
	0xE2F0,0x4049,
	0xE2F2,0xB1F8,
	0xE2F4,0xDE23,
	0xE2F6,0x4449,
	0xE2F8,0x8B8C,
	0xE2FA,0x4849,
	0xE2FC,0x9A42,
	0xE2FE,0x13D9,
	0xE300,0x90F8,
	0xE302,0x3B20,
	0xE304,0x81F8,
	0xE306,0x8620,
	0xE308,0x90F8,
	0xE30A,0x3020,
	0xE30C,0x81F8,
	0xE30E,0x2020,
	0xE310,0x90F8,
	0xE312,0x3420,
	0xE314,0x81F8,
	0xE316,0x2120,
	0xE318,0x10F8,
	0xE31A,0x2E2F,
	0xE31C,0x01F8,
	0xE31E,0x1E2F,
	0xE320,0x0279,
	0xE322,0x4A70,
	0xE324,0x4089,
	0xE326,0x13E0,
	0xE328,0x90F8,
	0xE32A,0x3A20,
	0xE32C,0x81F8,
	0xE32E,0x8620,
	0xE330,0x90F8,
	0xE332,0x2F20,
	0xE334,0x81F8,
	0xE336,0x2020,
	0xE338,0x90F8,
	0xE33A,0x3320,
	0xE33C,0x81F8,
	0xE33E,0x2120,
	0xE340,0x10F8,
	0xE342,0x2D2F,
	0xE344,0x01F8,
	0xE346,0x1E2F,
	0xE348,0x0279,
	0xE34A,0x4A70,
	0xE34C,0xB0F8,
	0xE34E,0x0900,
	0xE350,0xA1F8,
	0xE352,0x7200,
	0xE354,0x7047,
	0xE356,0x2DE9,
	0xE358,0xF041,
	0xE35A,0x2F4E,
	0xE35C,0x8046,
	0xE35E,0x0025,
	0xE360,0x96F8,
	0xE362,0x140C,
	0xE364,0x18B1,
	0xE366,0x0125,
	0xE368,0x0020,
	0xE36A,0x86F8,
	0xE36C,0x140C,
	0xE36E,0x1948,
	0xE370,0x0022,
	0xE372,0xD0F8,
	0xE374,0x9440,
	0xE376,0x200C,
	0xE378,0xA1B2,
	0xE37A,0x0746,
	0xE37C,0xFFF7,
	0xE37E,0x1FFA,
	0xE380,0x4046,
	0xE382,0x00F0,
	0xE384,0xC8F8,
	0xE386,0xA1B2,
	0xE388,0x0122,
	0xE38A,0x3846,
	0xE38C,0xFFF7,
	0xE38E,0x17FA,
	0xE390,0x002D,
	0xE392,0x02D0,
	0xE394,0x0120,
	0xE396,0x86F8,
	0xE398,0x140C,
	0xE39A,0x3DE6,
	0xE39C,0x2DE9,
	0xE39E,0xF041,
	0xE3A0,0x1D4D,
	0xE3A2,0x0646,
	0xE3A4,0x0022,
	0xE3A6,0x95F8,
	0xE3A8,0x2F0C,
	0xE3AA,0x401E,
	0xE3AC,0x85F8,
	0xE3AE,0x2F0C,
	0xE3B0,0x0848,
	0xE3B2,0x05F6,
	0xE3B4,0x2F45,
	0xE3B6,0xD0F8,
	0xE3B8,0x9840,
	0xE3BA,0x200C,
	0xE3BC,0xA1B2,
	0xE3BE,0x0746,
	0xE3C0,0xFFF7,
	0xE3C2,0xFDF9,
	0xE3C4,0x3046,
	0xE3C6,0x00F0,
	0xE3C8,0xABF8,
	0xE3CA,0xA1B2,
	0xE3CC,0x0122,
	0xE3CE,0x3846,
	0xE3D0,0x26E0,
	0xE3D2,0x0000,
	0xE3D4,0x2002,
	0xE3D6,0x70F0,
	0xE3D8,0x2002,
	0xE3DA,0x4840,
	0xE3DC,0x2001,
	0xE3DE,0xBDB0,
	0xE3E0,0x2001,
	0xE3E2,0x24A0,
	0xE3E4,0x2001,
	0xE3E6,0x2160,
	0xE3E8,0x2001,
	0xE3EA,0xBDA0,
	0xE3EC,0x2002,
	0xE3EE,0xE540,
	0xE3F0,0x2001,
	0xE3F2,0xC2A0,
	0xE3F4,0x2002,
	0xE3F6,0x72B0,
	0xE3F8,0x4000,
	0xE3FA,0xF000,
	0xE3FC,0x4000,
	0xE3FE,0xFF08,
	0xE400,0x2002,
	0xE402,0x82B0,
	0xE404,0x4000,
	0xE406,0xBA8E,
	0xE408,0x2002,
	0xE40A,0xDD10,
	0xE40C,0x2002,
	0xE40E,0x7C60,
	0xE410,0x2001,
	0xE412,0x1160,
	0xE414,0x2002,
	0xE416,0x8FBC,
	0xE418,0x2002,
	0xE41A,0x5430,
	0xE41C,0x2001,
	0xE41E,0x35D0,
	0xE420,0xFFF7,
	0xE422,0xCDF9,
	0xE424,0x2878,
	0xE426,0x401C,
	0xE428,0x2870,
	0xE42A,0xF5E5,
	0xE42C,0x70B5,
	0xE42E,0x1C4D,
	0xE430,0x0024,
	0xE432,0xE868,
	0xE434,0x70B1,
	0xE436,0x0822,
	0xE438,0x1A49,
	0xE43A,0x0838,
	0xE43C,0xFFF7,
	0xE43E,0xC3FA,
	0xE440,0x1848,
	0xE442,0x1C38,
	0xE444,0x016A,
	0xE446,0x491C,
	0xE448,0x04D0,
	0xE44A,0xC069,
	0xE44C,0x401C,
	0xE44E,0x01D0,
	0xE450,0xEC60,
	0xE452,0x2C61,
	0xE454,0x144D,
	0xE456,0x6868,
	0xE458,0x0028,
	0xE45A,0x0DD0,
	0xE45C,0x0822,
	0xE45E,0x1349,
	0xE460,0x0838,
	0xE462,0xFFF7,
	0xE464,0xB0FA,
	0xE466,0x1148,
	0xE468,0x3038,
	0xE46A,0x416B,
	0xE46C,0x491C,
	0xE46E,0x03D0,
	0xE470,0x006B,
	0xE472,0x401C,
	0xE474,0x00D0,
	0xE476,0x6C60,
	0xE478,0x70BD,
	0xE47A,0xAFF2,
	0xE47C,0xAD21,
	0xE47E,0x0C48,
	0xE480,0x4160,
	0xE482,0xAFF2,
	0xE484,0x5331,
	0xE486,0x0B4A,
	0xE488,0xD166,
	0xE48A,0xAFF2,
	0xE48C,0xF311,
	0xE48E,0x4162,
	0xE490,0xAFF2,
	0xE492,0xED21,
	0xE494,0x0161,
	0xE496,0xAFF2,
	0xE498,0xB510,
	0xE49A,0x0749,
	0xE49C,0x8860,
	0xE49E,0xC5E7,
	0xE4A0,0x2002,
	0xE4A2,0xDEE4,
	0xE4A4,0x2002,
	0xE4A6,0x23BC,
	0xE4A8,0x2001,
	0xE4AA,0x76E0,
	0xE4AC,0x2002,
	0xE4AE,0x3F50,
	0xE4B0,0x2001,
	0xE4B2,0xB8B0,
	0xE4B4,0x2000,
	0xE4B6,0x0D60,
	0xE4B8,0x2002,
	0xE4BA,0xDCF0,
	0xE4BC,0x41F2,
	0xE4BE,0x290C,
	0xE4C0,0xC0F2,
	0xE4C2,0x030C,
	0xE4C4,0x6047,
	0xE4C6,0x41F2,
	0xE4C8,0xA94C,
	0xE4CA,0xC0F2,
	0xE4CC,0x000C,
	0xE4CE,0x6047,
	0xE4D0,0x44F2,
	0xE4D2,0x672C,
	0xE4D4,0xC0F2,
	0xE4D6,0x030C,
	0xE4D8,0x6047,
	0xE4DA,0x44F2,
	0xE4DC,0x912C,
	0xE4DE,0xC0F2,
	0xE4E0,0x030C,
	0xE4E2,0x6047,
	0xE4E4,0x44F2,
	0xE4E6,0x7D2C,
	0xE4E8,0xC0F2,
	0xE4EA,0x030C,
	0xE4EC,0x6047,
	0xE4EE,0x47F6,
	0xE4F0,0x3F1C,
	0xE4F2,0xC0F2,
	0xE4F4,0x030C,
	0xE4F6,0x6047,
	0xE4F8,0x49F2,
	0xE4FA,0xEF7C,
	0xE4FC,0xC0F2,
	0xE4FE,0x010C,
	0xE500,0x6047,
	0xE502,0x4AF6,
	0xE504,0xB11C,
	0xE506,0xC0F2,
	0xE508,0x000C,
	0xE50A,0x6047,
	0xE50C,0x43F6,
	0xE50E,0x2B5C,
	0xE510,0xC0F2,
	0xE512,0x030C,
	0xE514,0x6047,
	0xE516,0x4BF6,
	0xE518,0x7D5C,
	0xE51A,0xC0F2,
	0xE51C,0x010C,
	0xE51E,0x6047,
	0xE520,0x4AF6,
	0xE522,0x775C,
	0xE524,0xC0F2,
	0xE526,0x010C,
	0xE528,0x6047,
	0xE52A,0x0000,
	0xE52C,0x0000,
	0xE52E,0x0000,
	0xE530,0x0000,
	0xE532,0x0000,
	0xE534,0x1B73,
	0xE536,0x0686,
	0xE538,0x0000,
	0xE53A,0x00AF,
	0xE53C,0xFDC7,
	0xE53E,0xDECE,
	0xE540,0x0029,
	0xE542,0x0000,
    0xE544, 0x00FF,
	0xE546,0x0000,
	0xE548,0x0000,
	0xE54A,0x0000,
	0xE54C,0x0000,
	0xE54E,0x0000,
	0xE550,0x0000,
	0xE552,0x0000,
	0xE554,0x0000,
	0xE556,0x0000,
	0xE558,0x0000,
	0xE55A,0x0000,
	0xE55C,0x0000,
	0xE55E,0x0000,
	0xE560,0x0000,
	0xE562,0x0000,
	0xE564,0x0000,
	0xE566,0x0000,
	0xE568,0x0001,
	0xE56A,0x0000,
	0xE56C,0x0002,
	0xE56E,0x0201,
	0xE570,0x0102,
	0xE572,0x0201,
	0xE574,0x01FA,
	0xE576,0x0040,
	0xE578,0x0040,
	0xE57A,0x0001,
	0xFCFC,0x2003,
	0x2404,0x0000,
	0x2406,0x0000,
	0x2408,0x0000,
	0x240A,0x0000,
	0x240C,0x0000,
	0x240E,0x0000,
	0x2410,0x7047,
	0x2412,0x0000,
	0xFCFC,0x2000,
	0x516E,0x0100,
	0x5170,0x2710,
	0x1474,0x0001,
	0x1476,0x89C0,
	0x1480,0x0001,
	0x1482,0x89C0,
	0x12F8,0x0000,
	0x1444,0x09C4,
	0xFCFC,0x2001,
	0x9E1C,0x0003,
	0x76E4,0x0001,
	0x76E6,0xB308,
	0x76E8,0x0001,
	0x76EA,0xC280,
	0x76EC,0x0000,
	0x76EE,0x07B8,
	0x76F0,0x0000,
	0x76F2,0x07C0,
	0x76FC,0x2006,
	0x76FE,0xC000,
	0x7700,0x2006,
	0x7702,0xD000,
	0x7704,0x2006,
	0x7706,0xE000,
	0x7732,0x0000,
	0x7764,0x0003,
	0x7766,0x0001,
	0x74A4,0x0000,
	0x74A6,0x0000,
	0x74A8,0x0001,
	0x74AA,0x9E64,
	0x7534,0x0012,
	0x74FE,0x0000,
	0x7500,0x0202,
	0x0FD8,0x0003,
	0x0FDA,0x0020,
	0x0FDC,0x0040,
	0x0F8A,0x982C,
	0x0F8C,0xA4C2,
	0x0F8E,0x20A0,
	0x08D4,0x2E28,
	0x08DA,0x2E28,
	0x0F9C,0x0001,
	0x0F9E,0x0201,
	0x0922,0x7C3F,
	0x0924,0x7F0B,
	0x1016,0x0000,
	0x23C4,0x0000,
	0x0910,0x37C0,
	0x2322,0x37C0,
	0x2338,0x0022,
	0x233A,0x0022,
	0x1014,0x4A5A,
	0x1012,0x4A5A,
	0x08B6,0x0040,
	0x08B8,0x2040,
	0x0876,0x0000,
	0x0878,0x0000,
	0x087A,0x0000,
	0x087C,0x0000,
	0x087E,0x0000,
	0x0880,0x0000,
	0x0882,0x1313,
	0x0884,0x1313,
	0x0886,0x1313,
	0x0888,0x1313,
	0x088A,0x130F,
	0x088C,0x1313,
	0x0822,0x0E06,
	0x0824,0x0E0E,
	0x0826,0x0E0E,
	0x082A,0x0A06,
	0x082C,0x0606,
	0x083A,0x0206,
	0x083C,0x0202,
	0x083E,0x0202,
	0x0842,0x0006,
	0x0844,0x0606,
	0x0852,0x0202,
	0x0854,0x0202,
	0x0856,0x0202,
	0x0858,0x0202,
	0x085A,0x0202,
	0x085C,0x0202,
	0x0E7C,0x1000,
	0x0E7E,0x1000,
	0x0E80,0x1000,
	0x0E82,0x1000,
	0x1658,0x0001,
	0x165A,0x7330,
	0x165C,0x0001,
	0x165E,0x7348,
	0x1660,0x0000,
	0x1662,0x0000,
	0x1664,0x0000,
	0x1666,0x0000,
	0x1668,0x0000,
	0x166A,0x0000,
	0x166C,0x0000,
	0x166E,0x0000,
	0x16B8,0x0000,
	0x16BA,0x0000,
	0x16BC,0x0000,
	0x16BE,0x0000,
	0x16C0,0x0000,
	0x16C2,0x0000,
	0x16C4,0x0000,
	0x16C6,0x0000,
	0x16C8,0x0000,
	0x16CA,0x0000,
	0x16CC,0x0000,
	0x16CE,0x0000,
	0x1708,0x0001,
	0x170A,0x7360,
	0x170C,0x0000,
	0x170E,0x0000,
	0x1710,0x0000,
	0x1712,0x0000,
	0x1714,0x0000,
	0x1716,0x0000,
	0x1718,0x0000,
	0x171A,0x0000,
	0x171C,0x0000,
	0x171E,0x0000,
	0x1720,0x0000,
	0x1722,0x0000,
	0x1724,0x0000,
	0x1726,0x0000,
	0x1778,0x0000,
	0x177A,0x0000,
	0x177C,0x0000,
	0x177E,0x0000,
	0x1780,0x0000,
	0x1782,0x0000,
	0x1784,0x0000,
	0x1786,0x0000,
	0x1788,0x0000,
	0x178A,0x0000,
	0x178C,0x0000,
	0x178E,0x0000,
	0x77E0,0x0000,
	0x77E2,0x0CC0,
	0x7840,0x0201,
	0x9E7C,0x00FF,
	0x35C2,0x0DFF,
	0x8EA0,0x0000,
	0x8EA2,0x0000,
	0x77E8,0x0000,
	0x753A,0xFFFE,
	0x753C,0x007F,
	0x753E,0xE000,
	0x7540,0xFFFF,
	0x7542,0x0007,
	0x7544,0xFF00,
	0x7546,0x3FFF,
	0x7548,0x0000,
	0x754A,0xFFF0,
	0x754C,0x03FF,
	0x754E,0x0000,
	0x7550,0xFFFD,
	0x7552,0x013F,
	0x7554,0xB000,
	0x7556,0xFFFF,
	0x7558,0x000F,
	0x755A,0x0000,
	0x755C,0x0000,
	0x755E,0x0000,
	0x7560,0x0000,
	0x7562,0xFC00,
	0x7564,0xFFFF,
	0x7566,0x0000,
	0x7568,0x0000,
	0x756A,0xF000,
	0x756C,0xFFFF,
	0x756E,0xFFFF,
	0x7570,0xFFFF,
	0x7572,0x3FFF,
	0x7574,0x0000,
	0x7576,0xFFF0,
	0x7578,0x03FF,
	0x757A,0x0000,
	0x757C,0xFFFB,
	0x757E,0xFE7F,
	0x7580,0x6FFF,
	0x7582,0x0000,
	0x7584,0x0010,
	0x7586,0xFE00,
	0x7588,0xBFFF,
	0x758A,0xFFFF,
	0x758C,0x001F,
	0x758E,0x0400,
	0x7590,0x0000,
	0x7592,0x0193,
	0x7594,0x5950,
	0x7596,0xF3FE,
	0x7598,0xFFE2,
	0x759A,0xDD28,
	0x759C,0xCF3F,
	0x759E,0x9010,
	0x75A0,0xFF2E,
	0x75A2,0x8913,
	0x75A4,0x1100,
	0x75A6,0x3FD6,
	0x75A8,0xF497,
	0x75AA,0x23CF,
	0x75AC,0xA401,
	0x75AE,0xFF01,
	0x75B0,0xF498,
	0x75B2,0x993F,
	0x75B4,0xD00C,
	0x75B6,0xFFA5,
	0x75B8,0x6773,
	0x75BA,0x8100,
	0x75BC,0x3FE7,
	0x75BE,0xFFFF,
	0x75C0,0x003F,
	0x75C2,0xF000,
	0x75C4,0xFFFF,
	0x75C6,0x0003,
	0x75C8,0xFF00,
	0x75CA,0x3FFF,
	0x75CC,0x0000,
	0x75CE,0xFFF0,
	0x75D0,0x03FF,
	0x75D2,0x0000,
	0x75D4,0xFFFD,
	0x75D6,0x00FF,
	0x75D8,0xC000,
	0x75DA,0xFFFF,
	0x75DC,0x000B,
	0x75DE,0x0000,
	0x75E0,0x0000,
	0x75E2,0x0000,
	0x75E4,0x0000,
	0x75E6,0xFC00,
	0x75E8,0xFFFF,
	0x75EA,0x0000,
	0x75EC,0x0000,
	0x75EE,0xF000,
	0x75F0,0xFFFF,
	0x75F2,0xFFFF,
	0x75F4,0xFFFF,
	0x75F6,0x3FFF,
	0x75F8,0x0000,
	0x75FA,0xFFF0,
	0x75FC,0x03FF,
	0x75FE,0x0000,
	0x7600,0xFFFC,
	0x7602,0xFEFF,
	0x7604,0x4FFF,
	0x7606,0x0000,
	0x7608,0x000C,
	0x760A,0xFE00,
	0x760C,0xFFFF,
	0x760E,0xFFFF,
	0x7610,0x000F,
	0x7612,0x0000,
	0x7614,0x0000,
	0x7616,0xFF86,
	0x7618,0x164F,
	0x761A,0x03FF,
	0x761C,0xFFCE,
	0x761E,0xE9A4,
	0x7620,0x4E3F,
	0x7622,0xD00B,
	0x7624,0xFF6D,
	0x7626,0x4C23,
	0x7628,0x6500,
	0x762A,0x3FE5,
	0x762C,0xFC02,
	0x762E,0xC14F,
	0x7630,0x7400,
	0x7632,0xFF62,
	0x7634,0xEDC4,
	0x7636,0x4D3F,
	0x7638,0xD008,
	0x763A,0xFF98,
	0x763C,0x43F3,
	0x763E,0x6100,
	0x7640,0x3FF4,
	0x7642,0xFFFF,
	0x7644,0x003F,
	0x7646,0xF000,
	0x7648,0xFFFF,
	0x764A,0x0003,
	0x764C,0x0000,
	0x764E,0xC000,
	0x7650,0xFFFF,
	0x7652,0x000F,
	0x7654,0x0000,
	0x7656,0x0000,
	0x7658,0x0000,
	0x765A,0xFF80,
	0x765C,0x1FFF,
	0x765E,0x0000,
	0x7660,0xFFF8,
	0x7662,0xFFFF,
	0x7664,0x3FFF,
	0x7666,0x0000,
	0x7668,0x0000,
	0x766A,0xFC00,
	0x766C,0xFFFF,
	0x766E,0xFFFE,
	0x7670,0xFFFF,
	0x7672,0xFFFF,
	0x7674,0xFFFF,
	0x7676,0xFFFF,
	0x7678,0x00FF,
	0x767A,0x0000,
	0x767C,0x0000,
	0x767E,0xFFF0,
	0x7680,0xFFFF,
	0x7682,0xFFFF,
	0x7684,0x0001,
	0x7686,0x0040,
	0x7688,0xD000,
	0x768A,0xFFFF,
	0x768C,0xFFFB,
	0x768E,0x00FF,
	0x7690,0x0000,
	0x7692,0x0000,
	0x7694,0x0000,
	0x7696,0x0000,
	0x7698,0x0000,
	0x769A,0x064A,
	0x769C,0x0D50,
	0x769E,0x7401,
	0x76A0,0x002B,
	0x76A2,0x0641,
	0x76A4,0xDE40,
	0x76A6,0xCFF6,
	0x76A8,0xFD8A,
	0x76AA,0xBBF3,
	0x76AC,0xDD00,
	0x76AE,0x402A,
	0x76B0,0xFE4D,
	0x76B2,0x48CF,
	0x76B4,0x53FF,
	0x76B6,0x0077,
	0x76B8,0x160D,
	0x76BA,0x2B40,
	0x76BC,0x0FFD,
	0x76BE,0x0071,
	0x76C0,0x8864,
	0x76C2,0x4CFF,
	0x76C4,0x3FFD,
	0x74A0,0x0000,
	0x76E0,0x0000,
	0x772C,0x0003,
	0x772E,0x0003,
	0x7496,0x0100,
	0x3796,0x0100,
	0x34A8,0x0002,
	0x7494,0x0101,
	0x77AA,0x0101,
	0x24BA,0x0000,
	0x24B8,0x0000,
	0x096E,0x0894,
	0x0970,0x0858,
	0x0972,0x0621,
	0x0974,0x0522,
	0x6C9A,0x0000,
	0xFCFC,0x2002,
	0x9F10,0xFFFF,
	0x9F12,0xFEFF,
	0x9F14,0xFFFF,
	0x9F16,0xFFFF,
	0x9F18,0xFFE8,
	0x9F1A,0x087F,
	0x9F1C,0x4000,
	0x9F1E,0xFFFE,
	0x9F20,0xFFFF,
	0x9F22,0xFFFF,
	0x9F24,0xEFFF,
	0x9F26,0xFFFF,
	0x9F28,0xFFE5,
	0x9F2A,0x077F,
	0x9F2C,0x9000,
	0x9F2E,0xFFFE,
	0x9F30,0xFFFC,
	0x9F32,0x003F,
	0x9F34,0xF000,
	0x9F36,0xFFFF,
	0x9F38,0xFFE3,
	0x9F3A,0x083F,
	0x9F3C,0x6000,
	0x9F3E,0xFFFE,
	0x9F40,0xFFFF,
	0x9F42,0xFFFF,
	0x9F44,0xFFFF,
	0x9F46,0xFFFF,
	0x9F48,0xFFE3,
	0x9F4A,0x087F,
	0x9F4C,0x4000,
	0x9F4E,0xFFFE,
	0x9F50,0xFFF8,
	0x9F52,0x017F,
	0x9F54,0x9000,
	0x9F56,0xFFFF,
	0x9F58,0xFFFA,
	0x9F5A,0x01FF,
	0x9F5C,0x8000,
	0x9F5E,0xFFFF,
	0x9F60,0xFFF9,
	0x9F62,0x01FF,
	0x9F64,0x8000,
	0x9F66,0xFFFF,
	0x9F68,0xFFF9,
	0x9F6A,0x01BF,
	0x9F6C,0xA000,
	0x9F6E,0xFFFF,
	0x9F70,0xFFF8,
	0x9F72,0x01FF,
	0x9F74,0xA000,
	0x9F76,0xFFFF,
	0x9F78,0xFFF8,
	0x9F7A,0x01FF,
	0x9F7C,0x8000,
	0x9F7E,0xFFFF,
	0x9F80,0xFFF8,
	0x9F82,0x01FF,
	0x9F84,0x9000,
	0x9F86,0xFFFF,
	0x9F88,0xFFF7,
	0x9F8A,0x01FF,
	0x9F8C,0x7000,
	0x9F8E,0xFFFF,
	0x9F90,0x0002,
	0x9F92,0xFF40,
	0x9F94,0x2FFF,
	0x9F96,0x0000,
	0x9F98,0x0001,
	0x9F9A,0xFF40,
	0x9F9C,0x2FFF,
	0x9F9E,0x0000,
	0x9FA0,0x0001,
	0x9FA2,0xFF40,
	0x9FA4,0x2FFF,
	0x9FA6,0x0000,
	0x9FA8,0x0002,
	0x9FAA,0xFF40,
	0x9FAC,0x2FFF,
	0x9FAE,0x0000,
	0x9FB0,0x0004,
	0x9FB2,0xFF00,
	0x9FB4,0x3FFF,
	0x9FB6,0x0000,
	0x9FB8,0x0004,
	0x9FBA,0xFF00,
	0x9FBC,0x3FFF,
	0x9FBE,0x0000,
	0x9FC0,0x0004,
	0x9FC2,0xFF00,
	0x9FC4,0x3FFF,
	0x9FC6,0x0000,
	0x9FC8,0x0004,
	0x9FCA,0xFEC0,
	0x9FCC,0x3FFF,
	0x9FCE,0x0000,
	0x9FD0,0x0011,
	0x9FD2,0x0440,
	0x9FD4,0x3000,
	0x9FD6,0x0001,
	0x9FD8,0xFFF4,
	0x9FDA,0xFBFF,
	0x9FDC,0x4FFF,
	0x9FDE,0xFFFF,
	0x9FE0,0x000E,
	0x9FE2,0x0400,
	0x9FE4,0x2000,
	0x9FE6,0x0001,
	0x9FE8,0xFFF3,
	0x9FEA,0xFCBF,
	0x9FEC,0x8FFF,
	0x9FEE,0xFFFF,
	0x9FF0,0x000E,
	0x9FF2,0x02C0,
	0x9FF4,0xC000,
	0x9FF6,0x0000,
	0x9FF8,0xFFF4,
	0x9FFA,0xFC7F,
	0x9FFC,0x5FFF,
	0x9FFE,0xFFFF,
	0xA000,0x0015,
	0xA002,0x0440,
	0xA004,0x3000,
	0xA006,0x0001,
	0xA008,0xFFF4,
	0xA00A,0xFC7F,
	0xA00C,0x6FFF,
	0xA00E,0xFFFF,
	0xA010,0x0008,
	0xA012,0x01C0,
	0xA014,0x7000,
	0xA016,0x0000,
	0xA018,0xFFFA,
	0xA01A,0xFE3F,
	0xA01C,0x8FFF,
	0xA01E,0xFFFF,
	0xA020,0x0006,
	0xA022,0x01C0,
	0xA024,0x7000,
	0xA026,0x0000,
	0xA028,0xFFF8,
	0xA02A,0xFE7F,
	0xA02C,0xAFFF,
	0xA02E,0xFFFF,
	0xA030,0x0006,
	0xA032,0x0180,
	0xA034,0x5000,
	0xA036,0x0000,
	0xA038,0xFFF8,
	0xA03A,0xFEBF,
	0xA03C,0x9FFF,
	0xA03E,0xFFFF,
	0xA040,0x0008,
	0xA042,0x01C0,
	0xA044,0x7000,
	0xA046,0x0000,
	0xA048,0xFFF9,
	0xA04A,0xFEFF,
	0xA04C,0xAFFF,
	0xA04E,0xFFFF,
	0xA050,0xFFFC,
	0xA052,0xFFBF,
	0xA054,0xDFFF,
	0xA056,0xFFFF,
	0xA058,0x0002,
	0xA05A,0x0080,
	0xA05C,0x2000,
	0xA05E,0x0000,
	0xA060,0xFFFD,
	0xA062,0xFF3F,
	0xA064,0xDFFF,
	0xA066,0xFFFF,
	0xA068,0x0003,
	0xA06A,0x0040,
	0xA06C,0x2000,
	0xA06E,0x0000,
	0xA070,0xFFFB,
	0xA072,0xFEFF,
	0xA074,0xBFFF,
	0xA076,0xFFFF,
	0xA078,0x0003,
	0xA07A,0x00C0,
	0xA07C,0x3000,
	0xA07E,0x0000,
	0xA080,0xFFFB,
	0xA082,0xFF3F,
	0xA084,0xBFFF,
	0xA086,0xFFFF,
	0xA088,0x0003,
	0xA08A,0x0100,
	0xA08C,0x4000,
	0xA08E,0x0000,
	0xA090,0xE1CB,
	0xA092,0x25CE,
	0xA094,0xA3B7,
	0xA096,0xEA8A,
	0xA098,0x8BAF,
	0xA09A,0x29D1,
	0xA09C,0xC426,
	0xA09E,0x158D,
	0xA0A0,0x8F17,
	0xA0A2,0xD3CE,
	0xA0A4,0x339B,
	0xA0A6,0xE4D8,
	0xA0A8,0xC95B,
	0xA0AA,0x1111,
	0xA0AC,0x8432,
	0xA0AE,0x1666,
	0xA0B0,0x6F9A,
	0xA0B2,0x394E,
	0xA0B4,0x8398,
	0xA0B6,0xE4B6,
	0xA0B8,0xC7E3,
	0xA0BA,0xA351,
	0xA0BC,0x3438,
	0xA0BE,0x1A4E,
	0xA0C0,0x8383,
	0xA0C2,0xE3CE,
	0xA0C4,0x83A3,
	0xA0C6,0xE711,
	0xA0C8,0xBFA6,
	0xA0CA,0xAF51,
	0xA0CC,0x2435,
	0xA0CE,0x19E0,
	0xA0D0,0x3AFD,
	0xA0D2,0x2C90,
	0xA0D4,0xF3F9,
	0xA0D6,0x0140,
	0xA0D8,0x2617,
	0xA0DA,0xB550,
	0xA0DC,0xE3F5,
	0xA0DE,0x00EE,
	0xA0E0,0x0609,
	0xA0E2,0x5A90,
	0xA0E4,0xA3E9,
	0xA0E6,0xFE09,
	0xA0E8,0x4F56,
	0xA0EA,0x1610,
	0xA0EC,0x13FC,
	0xA0EE,0x0204,
	0xA0F0,0x0321,
	0xA0F2,0x6D50,
	0xA0F4,0x13EB,
	0xA0F6,0xFE8F,
	0xA0F8,0x4B1E,
	0xA0FA,0x3B90,
	0xA0FC,0x93FC,
	0xA0FE,0x0348,
	0xA100,0x138B,
	0xA102,0xC7D0,
	0xA104,0x43F0,
	0xA106,0xFFC9,
	0xA108,0x40EF,
	0xA10A,0x9710,
	0xA10C,0x23F8,
	0xA10E,0x0279,
	0xA110,0xFDAE,
	0xA112,0xA5CF,
	0xA114,0x0404,
	0xA116,0x0017,
	0xA118,0xF429,
	0xA11A,0xAACF,
	0xA11C,0xC400,
	0xA11E,0xFEC5,
	0xA120,0x039D,
	0xA122,0x5B90,
	0xA124,0xA404,
	0xA126,0xFFC2,
	0xA128,0xED1D,
	0xA12A,0xA10F,
	0xA12C,0xF401,
	0xA12E,0xFF2B,
	0xA130,0xEE35,
	0xA132,0x878F,
	0xA134,0x1408,
	0xA136,0x0040,
	0xA138,0xDE80,
	0xA13A,0x7B8F,
	0xA13C,0x3404,
	0xA13E,0xFF35,
	0xA140,0xF587,
	0xA142,0x5C4F,
	0xA144,0x5409,
	0xA146,0x0090,
	0xA148,0xDA33,
	0xA14A,0x974F,
	0xA14C,0x5403,
	0xA14E,0xFEB6,
	0xA150,0xFFF7,
	0xA152,0x00FF,
	0xA154,0x0000,
	0xA156,0x0000,
	0xA158,0x007B,
	0xA15A,0xE700,
	0xA15C,0x7FFF,
	0xA15E,0x0008,
	0xA160,0x0003,
	0xA162,0x0300,
	0xA164,0x0000,
	0xA166,0x0000,
	0xA168,0x0087,
	0xA16A,0xE700,
	0xA16C,0xFFFF,
	0xA16E,0x0008,
	0xA170,0x0013,
	0xA172,0x0200,
	0xA174,0x4000,
	0xA176,0x0002,
	0xA178,0x008B,
	0xA17A,0xE500,
	0xA17C,0xFFFF,
	0xA17E,0x0009,
	0xA180,0x0003,
	0xA182,0x0600,
	0xA184,0x0000,
	0xA186,0x0000,
	0xA188,0x0087,
	0xA18A,0xDC00,
	0xA18C,0xFFFF,
	0xA18E,0x000A,
	0xA190,0x001F,
	0xA192,0xFA00,
	0xA194,0x3FFF,
	0xA196,0x0002,
	0xA198,0x001B,
	0xA19A,0xF900,
	0xA19C,0xFFFF,
	0xA19E,0x0001,
	0xA1A0,0x001F,
	0xA1A2,0xFB00,
	0xA1A4,0xFFFF,
	0xA1A6,0x0001,
	0xA1A8,0x001F,
	0xA1AA,0xF900,
	0xA1AC,0x3FFF,
	0xA1AE,0x0002,
	0xA1B0,0x002B,
	0xA1B2,0xF900,
	0xA1B4,0x3FFF,
	0xA1B6,0x0004,
	0xA1B8,0x0023,
	0xA1BA,0xF800,
	0xA1BC,0xBFFF,
	0xA1BE,0x0002,
	0xA1C0,0x0023,
	0xA1C2,0xFE00,
	0xA1C4,0x3FFF,
	0xA1C6,0x0002,
	0xA1C8,0x0023,
	0xA1CA,0xF400,
	0xA1CC,0x7FFF,
	0xA1CE,0x0003,
	0xA1D0,0xFFF0,
	0xA1D2,0x03FF,
	0xA1D4,0x0000,
	0xA1D6,0xFFFF,
	0xA1D8,0xFFF4,
	0xA1DA,0x04FF,
	0xA1DC,0x0000,
	0xA1DE,0xFFFF,
	0xA1E0,0xFFF8,
	0xA1E2,0x04FF,
	0xA1E4,0x0000,
	0xA1E6,0xFFFF,
	0xA1E8,0xFFF0,
	0xA1EA,0x03FF,
	0xA1EC,0xC000,
	0xA1EE,0xFFFE,
	0xA1F0,0xFFEC,
	0xA1F2,0x02FF,
	0xA1F4,0x0000,
	0xA1F6,0xFFFE,
	0xA1F8,0xFFF0,
	0xA1FA,0x02FF,
	0xA1FC,0x0000,
	0xA1FE,0xFFFF,
	0xA200,0xFFEC,
	0xA202,0x00FF,
	0xA204,0x0000,
	0xA206,0xFFFF,
	0xA208,0xFFEC,
	0xA20A,0x04FF,
	0xA20C,0x8000,
	0xA20E,0xFFFE,
	0xA210,0x0040,
	0xA212,0x1300,
	0xA214,0x0000,
	0xA216,0x0004,
	0xA218,0xFFB7,
	0xA21A,0xF3FF,
	0xA21C,0x7FFF,
	0xA21E,0xFFFC,
	0xA220,0x002C,
	0xA222,0x1400,
	0xA224,0x4000,
	0xA226,0x0004,
	0xA228,0xFFB3,
	0xA22A,0xEDFF,
	0xA22C,0xBFFF,
	0xA22E,0xFFFA,
	0xA230,0x002C,
	0xA232,0x1700,
	0xA234,0x8000,
	0xA236,0x0003,
	0xA238,0xFFB7,
	0xA23A,0xEBFF,
	0xA23C,0x7FFF,
	0xA23E,0xFFFC,
	0xA240,0x004C,
	0xA242,0x1E00,
	0xA244,0x8000,
	0xA246,0x0005,
	0xA248,0xFFBB,
	0xA24A,0xF2FF,
	0xA24C,0xBFFF,
	0xA24E,0xFFFE,
	0xA250,0x0020,
	0xA252,0x0900,
	0xA254,0x0000,
	0xA256,0x0002,
	0xA258,0xFFE7,
	0xA25A,0xF8FF,
	0xA25C,0xBFFF,
	0xA25E,0xFFFE,
	0xA260,0x0018,
	0xA262,0x0800,
	0xA264,0xC000,
	0xA266,0x0001,
	0xA268,0xFFE3,
	0xA26A,0xF6FF,
	0xA26C,0x3FFF,
	0xA26E,0xFFFE,
	0xA270,0x0018,
	0xA272,0x0900,
	0xA274,0xC000,
	0xA276,0x0000,
	0xA278,0xFFE3,
	0xA27A,0xF2FF,
	0xA27C,0xBFFF,
	0xA27E,0xFFFE,
	0xA280,0x0020,
	0xA282,0x0E00,
	0xA284,0x4000,
	0xA286,0x0002,
	0xA288,0xFFE7,
	0xA28A,0xF5FF,
	0xA28C,0x7FFF,
	0xA28E,0xFFFF,
	0xA290,0xFFF3,
	0xA292,0xFBFF,
	0xA294,0xFFFF,
	0xA296,0xFFFE,
	0xA298,0x0004,
	0xA29A,0x0300,
	0xA29C,0xC000,
	0xA29E,0x0000,
	0xA2A0,0xFFF7,
	0xA2A2,0xFBFF,
	0xA2A4,0x3FFF,
	0xA2A6,0xFFFF,
	0xA2A8,0x000C,
	0xA2AA,0x0400,
	0xA2AC,0x0000,
	0xA2AE,0x0001,
	0xA2B0,0xFFEF,
	0xA2B2,0xFCFF,
	0xA2B4,0xFFFF,
	0xA2B6,0xFFFF,
	0xA2B8,0x0010,
	0xA2BA,0x0500,
	0xA2BC,0x4000,
	0xA2BE,0x0000,
	0xA2C0,0xFFEF,
	0xA2C2,0xFAFF,
	0xA2C4,0x3FFF,
	0xA2C6,0xFFFF,
	0xA2C8,0x0010,
	0xA2CA,0x0300,
	0xA2CC,0x0000,
	0xA2CE,0x0000,
	0xA2D0,0x4378,
	0xA2D2,0xBC3C,
	0xA2D4,0xCE5F,
	0xA2D6,0xA6D7,
	0xA2D8,0xC2B5,
	0xA2DA,0x3A43,
	0xA2DC,0x517B,
	0xA2DE,0x3844,
	0xA2E0,0xE778,
	0xA2E2,0x583A,
	0xA2E4,0x0E40,
	0xA2E6,0xA4A3,
	0xA2E8,0x5451,
	0xA2EA,0x2E44,
	0xA2EC,0x91C2,
	0xA2EE,0x48AE,
	0xA2F0,0x0074,
	0xA2F2,0x233A,
	0xA2F4,0xCDC1,
	0xA2F6,0x90EF,
	0xA2F8,0x2C91,
	0xA2FA,0x9544,
	0xA2FC,0x51C9,
	0xA2FE,0x5AF2,
	0xA300,0xC460,
	0xA302,0xF43A,
	0xA304,0x8E25,
	0xA306,0xBC6C,
	0xA308,0x1241,
	0xA30A,0x4D44,
	0xA30C,0xD161,
	0xA30E,0x2A96,
	0xA310,0xFC45,
	0xA312,0x973F,
	0xA314,0x1004,
	0xA316,0xF732,
	0xA318,0xFFC9,
	0xA31A,0x643F,
	0xA31C,0x1021,
	0xA31E,0xFC48,
	0xA320,0x4F10,
	0xA322,0x573F,
	0xA324,0x0FE2,
	0xA326,0xF06B,
	0xA328,0x7491,
	0xA32A,0x3540,
	0xA32C,0x1038,
	0xA32E,0x00A1,
	0xA330,0x08B0,
	0xA332,0xC23F,
	0xA334,0x4F79,
	0xA336,0xDC02,
	0xA338,0x4025,
	0xA33A,0xDF40,
	0xA33C,0xD054,
	0xA33E,0x120D,
	0xA340,0x5CF0,
	0xA342,0x0A3F,
	0xA344,0x8FC4,
	0xA346,0x010E,
	0xA348,0x06D9,
	0xA34A,0x4840,
	0xA34C,0x1022,
	0xA34E,0xFC23,
	0xA350,0x4D59,
	0xA352,0x5840,
	0xA354,0x8FEF,
	0xA356,0x03E5,
	0xA358,0x1434,
	0xA35A,0xEF40,
	0xA35C,0x8FEA,
	0xA35E,0x041B,
	0xA360,0x408C,
	0xA362,0xF840,
	0xA364,0x9003,
	0xA366,0x0928,
	0xA368,0x0620,
	0xA36A,0x0B40,
	0xA36C,0xCFDE,
	0xA36E,0x00E3,
	0xA370,0x4739,
	0xA372,0xB140,
	0xA374,0xD02D,
	0xA376,0x0DBF,
	0xA378,0xEE34,
	0xA37A,0x0C3F,
	0xA37C,0x0FE3,
	0xA37E,0xFB0C,
	0xA380,0x5BD9,
	0xA382,0xAD40,
	0xA384,0x9017,
	0xA386,0xFFCD,
	0xA388,0xE3A4,
	0xA38A,0xB63F,
	0xA38C,0x8FF2,
	0xA38E,0x02CC,
	0xA390,0xFFC0,
	0xA392,0xF7FF,
	0xA394,0xFFFF,
	0xA396,0x0000,
	0xA398,0xFE40,
	0xA39A,0x7BFF,
	0xA39C,0x0000,
	0xA39E,0x0000,
	0xA3A0,0xFFF0,
	0xA3A2,0xEFFF,
	0xA3A4,0xFFFF,
	0xA3A6,0x0000,
	0xA3A8,0xFE30,
	0xA3AA,0x7FFF,
	0xA3AC,0x0000,
	0xA3AE,0x0000,
	0xA3B0,0xFFC0,
	0xA3B2,0x0FFF,
	0xA3B4,0x0000,
	0xA3B6,0x0000,
	0xA3B8,0xFDE0,
	0xA3BA,0x8BFF,
	0xA3BC,0x0000,
	0xA3BE,0x0000,
	0xA3C0,0x0010,
	0xA3C2,0xEC00,
	0xA3C4,0xFFFF,
	0xA3C6,0x0000,
	0xA3C8,0xFD50,
	0xA3CA,0xA7FF,
	0xA3CC,0x0000,
	0xA3CE,0x0000,
	0xA3D0,0xFF80,
	0xA3D2,0x17FF,
	0xA3D4,0x0000,
	0xA3D6,0x0000,
	0xA3D8,0xFF80,
	0xA3DA,0x1BFF,
	0xA3DC,0x0000,
	0xA3DE,0x0000,
	0xA3E0,0xFF90,
	0xA3E2,0x17FF,
	0xA3E4,0x0000,
	0xA3E6,0x0000,
	0xA3E8,0xFF70,
	0xA3EA,0x1FFF,
	0xA3EC,0x0000,
	0xA3EE,0x0000,
	0xA3F0,0xFF50,
	0xA3F2,0x33FF,
	0xA3F4,0x0000,
	0xA3F6,0x0000,
	0xA3F8,0xFF60,
	0xA3FA,0x23FF,
	0xA3FC,0x0000,
	0xA3FE,0x0000,
	0xA400,0xFFA0,
	0xA402,0x0FFF,
	0xA404,0x0000,
	0xA406,0x0000,
	0xA408,0xFF10,
	0xA40A,0x2BFF,
	0xA40C,0x0000,
	0xA40E,0x0000,
	0xA410,0x003F,
	0xA412,0xF000,
	0xA414,0xFFFF,
	0xA416,0x0000,
	0xA418,0x003F,
	0xA41A,0xEC00,
	0xA41C,0xFFFF,
	0xA41E,0x0000,
	0xA420,0x002F,
	0xA422,0xEC00,
	0xA424,0xFFFF,
	0xA426,0x0000,
	0xA428,0x003F,
	0xA42A,0xEC00,
	0xA42C,0xFFFF,
	0xA42E,0x0000,
	0xA430,0x004F,
	0xA432,0xEC00,
	0xA434,0xFFFF,
	0xA436,0x0000,
	0xA438,0x003F,
	0xA43A,0xF400,
	0xA43C,0xFFFF,
	0xA43E,0x0000,
	0xA440,0x001F,
	0xA442,0xFC00,
	0xA444,0xFFFF,
	0xA446,0x0000,
	0xA448,0x005F,
	0xA44A,0xEC00,
	0xA44C,0xFFFF,
	0xA44E,0x0000,
	0xA450,0x0110,
	0xA452,0x4800,
	0xA454,0x0000,
	0xA456,0x0000,
	0xA458,0xFF4F,
	0xA45A,0xC3FF,
	0xA45C,0xFFFF,
	0xA45E,0x0000,
	0xA460,0x0120,
	0xA462,0x4C00,
	0xA464,0x0000,
	0xA466,0x0000,
	0xA468,0xFEFF,
	0xA46A,0xA7FF,
	0xA46C,0xFFFF,
	0xA46E,0x0000,
	0xA470,0x00F0,
	0xA472,0x6000,
	0xA474,0x0000,
	0xA476,0x0000,
	0xA478,0xFF3F,
	0xA47A,0xBBFF,
	0xA47C,0xFFFF,
	0xA47E,0x0000,
	0xA480,0x0170,
	0xA482,0x8000,
	0xA484,0x0000,
	0xA486,0x0000,
	0xA488,0xFFCF,
	0xA48A,0xD7FF,
	0xA48C,0xFFFF,
	0xA48E,0x0000,
	0xA490,0x0080,
	0xA492,0x2800,
	0xA494,0x0000,
	0xA496,0x0000,
	0xA498,0xFF9F,
	0xA49A,0xE7FF,
	0xA49C,0xFFFF,
	0xA49E,0x0000,
	0xA4A0,0x0070,
	0xA4A2,0x2000,
	0xA4A4,0x0000,
	0xA4A6,0x0000,
	0xA4A8,0xFF8F,
	0xA4AA,0xDFFF,
	0xA4AC,0xFFFF,
	0xA4AE,0x0000,
	0xA4B0,0x0030,
	0xA4B2,0x2800,
	0xA4B4,0x0000,
	0xA4B6,0x0000,
	0xA4B8,0xFF7F,
	0xA4BA,0xDBFF,
	0xA4BC,0xFFFF,
	0xA4BE,0x0000,
	0xA4C0,0x0090,
	0xA4C2,0x4000,
	0xA4C4,0x0000,
	0xA4C6,0x0000,
	0xA4C8,0xFFBF,
	0xA4CA,0xEBFF,
	0xA4CC,0xFFFF,
	0xA4CE,0x0000,
	0xA4D0,0xFFBF,
	0xA4D2,0xEBFF,
	0xA4D4,0xFFFF,
	0xA4D6,0x0000,
	0xA4D8,0x0030,
	0xA4DA,0x0C00,
	0xA4DC,0x0000,
	0xA4DE,0x0000,
	0xA4E0,0xFFBF,
	0xA4E2,0xEFFF,
	0xA4E4,0xFFFF,
	0xA4E6,0x0000,
	0xA4E8,0x0040,
	0xA4EA,0x0C00,
	0xA4EC,0x0000,
	0xA4EE,0x0000,
	0xA4F0,0xFFFF,
	0xA4F2,0xEFFF,
	0xA4F4,0xFFFF,
	0xA4F6,0x0000,
	0xA4F8,0x0020,
	0xA4FA,0x0C00,
	0xA4FC,0x0000,
	0xA4FE,0x0000,
	0xA500,0xFFCF,
	0xA502,0xE7FF,
	0xA504,0xFFFF,
	0xA506,0x0000,
	0xA508,0x0010,
	0xA50A,0x0800,
	0xA50C,0x0000,
	0xA50E,0x0000,
	0xA510,0xE803,
	0xA512,0x10E8,
	0xA514,0x3A2C,
	0xA516,0x0000,
	0xA518,0xBEA4,
	0xA51A,0x5D1A,
	0xA51C,0x431A,
	0xA51E,0x0000,
	0xA520,0x4C23,
	0xA522,0x7CE7,
	0xA524,0x3A08,
	0xA526,0x0000,
	0xA528,0x6D14,
	0xA52A,0xA11F,
	0xA52C,0x4438,
	0xA52E,0x0000,
	0xA530,0xAC43,
	0xA532,0x24E5,
	0xA534,0x3702,
	0xA536,0x0000,
	0xA538,0x10C4,
	0xA53A,0x1927,
	0xA53C,0x432C,
	0xA53E,0x0000,
	0xA540,0x1923,
	0xA542,0x7CED,
	0xA544,0x392D,
	0xA546,0x0000,
	0xA548,0xFF74,
	0xA54A,0xAD1D,
	0xA54C,0x40A0,
	0xA54E,0x0000,
	0xA550,0xF9E3,
	0xA552,0x7D01,
	0xA554,0x3F49,
	0xA556,0x0000,
	0xA558,0x4A63,
	0xA55A,0xB103,
	0xA55C,0x3F9A,
	0xA55E,0x0000,
	0xA560,0xB903,
	0xA562,0x00FF,
	0xA564,0x3ECD,
	0xA566,0x0000,
	0xA568,0x9FD4,
	0xA56A,0x4104,
	0xA56C,0x3FF0,
	0xA56E,0x0000,
	0xA570,0x0B53,
	0xA572,0x2CFE,
	0xA574,0x3C87,
	0xA576,0x0000,
	0xA578,0x5174,
	0xA57A,0x5D0A,
	0xA57C,0x3FCC,
	0xA57E,0x0000,
	0xA580,0x1FA4,
	0xA582,0xF904,
	0xA584,0x3E70,
	0xA586,0x0000,
	0xA588,0x8053,
	0xA58A,0x6506,
	0xA58C,0x3EA5,
	0xA58E,0x0000,
	0xA590,0x30D4,
	0xA592,0xCCFF,
	0xA594,0x4034,
	0xA596,0x0000,
	0xA598,0x3CA4,
	0xA59A,0xF4FF,
	0xA59C,0x403B,
	0xA59E,0x0000,
	0xA5A0,0xD184,
	0xA5A2,0xFD00,
	0xA5A4,0x409B,
	0xA5A6,0x0000,
	0xA5A8,0x6F74,
	0xA5AA,0xFCFE,
	0xA5AC,0x4006,
	0xA5AE,0x0000,
	0xA5B0,0x4D94,
	0xA5B2,0xE500,
	0xA5B4,0x4146,
	0xA5B6,0x0000,
	0xA5B8,0x9133,
	0xA5BA,0x5CFC,
	0xA5BC,0x4011,
	0xA5BE,0x0000,
	0xA5C0,0xCA23,
	0xA5C2,0x74FE,
	0xA5C4,0x408D,
	0xA5C6,0x0000,
	0xA5C8,0xB734,
	0xA5CA,0x08FD,
	0xA5CC,0x4082,
	0xA5CE,0x0000,
	0xFCFC,0x4000,
	0xFD80,0x0086,
	0xF33E,0x0086,
	0xFD5A,0xA400,
	0xFD5C,0xA6FD,
	0xFD66,0x0183,
	0xFD6A,0x0190,
	0xFD68,0x0183,
	0xFD6C,0x0190,
	0xF338,0x0022,
	0xFD7A,0x0022,
	0xFCFC,0x2002,
	0xDD14,0x0001,
	0xDD16,0x7378,
	0xDEF0,0x0001,
	0xDEF2,0x89C8,
	0xDEF4,0x2006,
	0xDEF6,0xC000,

};

static u16 addr_data_pair_preview[] = {
0xFCFC, 0x4000,
0x6214, 0xFF7D,
0x6218, 0x0000,
0xA100, 0x2F06,
0xA102, 0x0000,
0x0344, 0x0010,
0x0348, 0x3FCF,
0x0346, 0x0010,
0x034A, 0x300F,
0x034C, 0x0FF0,
0x034E, 0x0C00,
0x0340, 0x1900,
0x0342, 0x28A0,
0x0900, 0x3244,
0x0380, 0x0004,
0x0382, 0x0004,
0x0384, 0x0004,
0x0386, 0x0004,
0x040C, 0x0000,
0x0400, 0x1010,
0x0408, 0x0100,
0x040A, 0x0100,
0x0350, 0x0000,
0x0352, 0x0000,
0x0136, 0x1800,
0x013E, 0x0000,
0x0304, 0x0003,
0x0306, 0x00FA,
0x030C, 0x0001,
0x030E, 0x0003,
0x0310, 0x008E,
0x0312, 0x0000,
0x031A, 0x0003,
0x031C, 0x002D,
0x031E, 0x0002,
0x0B08, 0x0100,
0x0202, 0x0014,
0x022C, 0x0014,
0x0226, 0x0014,
0x0702, 0x0000,
0x0704, 0x0000,
0x0112, 0x0A0A,
0x0114, 0x0301,
0x0118, 0x0004,
0x011A, 0x0001,
0x011C, 0x0101,
0x0270, 0x2B2B,
0x0272, 0x2B10,
0x0260, 0x0001,
0x0262, 0x0200,
0x0264, 0x0102,
0x0266, 0x0000,
0x0274, 0x3030,  //by lipengpeng 20240715 
0x0720, 0x0001,
0x0724, 0x0000,
0x0728, 0x07F8,
0x072A, 0x0300,
0x072C, 0x01FC,
0x072E, 0x0300,
0xFCFC, 0x2001,
0x8AA0, 0x0200,
0x8B20, 0x0000,
0xFCFC, 0x2000,
0x1498, 0x0000,
0x426C, 0x8C18,
0x426E, 0x0005,
0x4270, 0xF00A,
0x4272, 0x0001,
0x4274, 0xFDC8,
0x4276, 0x80F1,
0x4278, 0xBA84,
0x427A, 0x0200,
0x427C, 0xBA86,
0x427E, 0x0200,
0x4280, 0xBA88,
0x4282, 0x0200,
0x4284, 0xBA8A,
0x4286, 0x0200,
0x4288, 0xBA00,
0x428A, 0x002A,
0x428C, 0x8DD8,
0x428E, 0xFFFF,
0x4290, 0x8DDA,
0x4292, 0xFFFF,
0x4294, 0x8DDC,
0x4296, 0xFFFF,
0x4298, 0x8DF6,
0x429A, 0x1212,
0x429C, 0x8D2A,
0x429E, 0xFFFF,
0x42A0, 0x8D2E,
0x42A2, 0xFFFF,
0x42A4, 0xE426,
0x42A6, 0x0000,
0x42A8, 0xE432,
0x42AA, 0x0014,
0x42AC, 0x0000,
0x42AE, 0x0000,
0x42B0, 0x0000,
0x42B2, 0x0000,
0x42B4, 0x0000,
0x42B6, 0x0000,
0x42B8, 0x0000,
0x42BA, 0x0000,
0x4402, 0x0001,
0x440A, 0x0008,
0x4400, 0x0000,
0x4408, 0x000E,
0x43FC, 0x000E,
0x4404, 0x0010,
0x4412, 0x0000,
0x441A, 0x0000,
0x440C, 0x0000,
0x4414, 0x0000,
0xFCFC, 0x2001,
0x8D10, 0x0000,
0x8DA6, 0x0400,
0x8DA8, 0x0400,
0x8DAA, 0x0400,
0x9802, 0x0032,
0x9804, 0x0032,
0x9806, 0x0028,
0x9808, 0x001E,
0x980A, 0x001E,
0x980C, 0x001E,
0x9812, 0x0032,
0x9814, 0x0032,
0x9816, 0x0028,
0x9818, 0x001E,
0x981A, 0x001E,
0x981C, 0x001E,
0x9822, 0x0032,
0x9824, 0x0032,
0x9826, 0x0028,
0x9828, 0x001E,
0x982A, 0x001E,
0x982C, 0x001E,
0x9832, 0x0032,
0x9834, 0x0032,
0x9836, 0x0028,
0x9838, 0x001E,
0x983A, 0x001E,
0x983C, 0x001E,
0x9842, 0x0050,
0x9844, 0x0032,
0x9846, 0x0032,
0x9848, 0x0028,
0x984A, 0x0028,
0x984C, 0x0028,
0x9852, 0x0001,
0x9854, 0x0001,
0x9856, 0x0001,
0x9858, 0x0001,
0x985A, 0x0001,
0x985C, 0x0001,
0x1638, 0x0100,
0x1656, 0x0100,
0x169C, 0x0200,
0x169E, 0x0800,
0x168A, 0x0002,
0x168C, 0x0008,
0x1690, 0x0200,
0x1692, 0x0400,
0x1694, 0x0800,
0x1FEE, 0x0001,
0x1FF0, 0x0001,
0x1FF8, 0x0001,
0x1FFA, 0x0001,
0x1FFC, 0x0001,
0x2000, 0x0001,
0x2002, 0x0001,
0x1FAE, 0x0022,
0x2006, 0x000A,
0x1FBA, 0x0000,
0x1FD6, 0x0014,
0x1FBE, 0x0001,
0x2008, 0x0000,
0x2020, 0x0001,
0x200A, 0x0000,
0x2022, 0x0001,
0x1FD8, 0x0014,
0x1FC0, 0x0001,
0x2012, 0x0000,
0x202A, 0x0001,
0x1FE0, 0x0014,
0x1FC8, 0x0001,
0x2038, 0x0000,
0x2014, 0x0042,
0x202C, 0x00D8,
0x1FE2, 0x0084,
0x1FCA, 0x00C0,
0x2016, 0x0000,
0x202E, 0x0001,
0x1FE4, 0x0014,
0x1FCC, 0x0001,
0x1FE8, 0x0014,
0x1FD0, 0x0001,
0x201A, 0x0000,
0x2032, 0x0001,
0x3656, 0x0100,
0x35EE, 0x0202,
0x35F0, 0x0101,
0x3660, 0x0040,
0x3620, 0x0100,
0x7C20, 0x0001,
0x7C2E, 0x0FF0,
0x7C30, 0x0C00,
0x07C2, 0x0C06,
0x07C4, 0x0100,
0x079E, 0x0A28,
0x3500, 0x0200,
0x34EC, 0x0000,
0x34EE, 0x0000,
0xB860, 0x0000,
0xB862, 0x0001,
0x2500, 0x0000,
0x34A0, 0x8822,
0xAEE0, 0x0000,
0xA220, 0x0000,
0xA22C, 0x0020,
0xA230, 0x0010,
0xA24A, 0x0000,
0xA38C, 0x0000,
0xA3C2, 0x0009,
0xA3C4, 0x0000,
0xA3C6, 0x0000,
0xA3D6, 0x0000,
0xA3D8, 0x0000,
0xA3E0, 0x1020,
0xA3E2, 0x0000,
0xA3E4, 0x0000,
0xA3E8, 0x0000,
0x0FC4, 0x00E4,
0x36B0, 0x0204,
0x8DF0, 0x0100,
0x84C4, 0x0001,
0x84C6, 0x0001,
0x84B2, 0x0101,
0x8C2C, 0xFFFF,
0x84B8, 0x0000,
0x84BA, 0x0000,
0x8B02, 0x0201,
0x8B04, 0x0101,
0x8B06, 0x0100,
0x8B0E, 0x0804,
0x8B10, 0x0404,
0x8B12, 0x0402,
0x235C, 0x0000,
0x237C, 0x0002,
0x23B4, 0x0000,
0x23B6, 0x0000,
0x23B8, 0x0000,
0x23BA, 0x0000,
0x1CDE, 0x0B82,
0x1CE8, 0x003A,
0x1D0C, 0x0809,
0x1E98, 0x0220,
0x0B28, 0x030F,
0x0B2A, 0x030F,
0x23C6, 0x0001,
0x2386, 0x0507,
0x35C8, 0xFF01,
0x35A0, 0x0100,
0x841A, 0x0040,
0x8426, 0x0000,
0x8438, 0x2000,
0x8486, 0x0200,
0x8488, 0x0200,
0x848A, 0x0200,
0x848C, 0x0200,
0x841E, 0x0005,
0x8420, 0x0503,
0x8414, 0x0101,
0x24CC, 0x0103,
0x8B00, 0x03FF,
0x8B0C, 0x03FF,
0x8AE6, 0x077E,
0x36B2, 0x0100,
0x3742, 0x01A0,
0x3744, 0x415F,
0x3746, 0x00C4,
0x3748, 0x30C3,
0x8B1E, 0x0000,
0x8D9C, 0x0101,
0x0792, 0x0514,
0x1D4A, 0x0003,
0x1D4C, 0x0003,
0x1D4E, 0x0003,
0x1D50, 0x0003,
0x1D52, 0x0003,
0x1D54, 0x0003,
0x1D56, 0x0003,
0x1D58, 0x0003,
0x1D5A, 0x0003,
0x1D5C, 0x0003,
0x08BC, 0x0381,
0x0912, 0x03C0,
0x2324, 0x03C0,
0x0F8A, 0x98EC,
0x0F90, 0x0189,
0x0F88, 0xA6FD,
0x0920, 0x3CC7,
0x0922, 0x7D3F,
0x092E, 0x0000,
0x233C, 0x0022,
0x2338, 0x0036,
0x233A, 0x0036,
0x0F8E, 0x2020,
0x08AC, 0x0034,
0x08B6, 0x8C40,
0x08B8, 0xAC40,
0x0822, 0x0E06,
0x0826, 0x0E06,
0x0828, 0x0606,
0x083A, 0x0206,
0x083E, 0x0206,
0x0840, 0x0606,
0x0852, 0x0202,
0x0856, 0x0202,
0x0858, 0x0202,
0x0882, 0x1313,
0x0888, 0x0A0B,
0x088A, 0x1313,
0x08A0, 0x0A13,
0x08A2, 0x1313,
0x7874, 0x0100,
0x8B30, 0x0100,
0x8B42, 0x0100,
0x8BA0, 0x0211,
0x8BE0, 0x0200,
0x8BB0, 0x0200,
0x097E, 0x0101,
0x0980, 0x0100,
0x098C, 0x0028,
0x09A2, 0x0028,
0x09B8, 0x0028,
0x1770, 0x0101,
0x1772, 0x0001,
0x24B6, 0x0002,
0x365C, 0x0106,
0x365E, 0x0000,
0x0FCA, 0x0010,
0x0FCE, 0x000A,
0x6868, 0x0001,
0x686A, 0x0004,
0x686C, 0x2024,
0x686E, 0x0000,
0x6870, 0x0000,
0x6872, 0x0000,
0x6874, 0x0000,
0x6876, 0x0000,
0x6878, 0x0000,
0x68AA, 0x0000,
0x692C, 0x0004,
0x692E, 0x2024,
0x696C, 0x090D,
0x696E, 0x292D,
0x6828, 0x0100,
0x682A, 0x0420,
0x682C, 0x2400,
0x682E, 0x0000,
0x6830, 0x0000,
0x6832, 0x0000,
0x6834, 0x0000,
0x6836, 0x0000,
0x6838, 0x0000,
0x68AC, 0x0004,
0x68AE, 0x2024,
0x68EC, 0x090D,
0x68EE, 0x292D,
0x6C1A, 0x0000,
0x6C1C, 0x0000,
0x6C1E, 0x0000,
0x6C20, 0x0000,
0x6C2A, 0x0000,
0x6C2C, 0x0000,
0x6C2E, 0x0000,
0x6C30, 0x0000,
0x6C3A, 0x0000,
0x6C3C, 0x0000,
0x6C3E, 0x0000,
0x6C40, 0x0000,
0x6C4A, 0x0000,
0x6C4C, 0x0000,
0x6C4E, 0x0000,
0x6C50, 0x0000,
0x6C22, 0x0000,
0x6C24, 0x0000,
0x6C26, 0x0000,
0x6C28, 0x0000,
0x6C32, 0x0000,
0x6C34, 0x0000,
0x6C36, 0x0000,
0x6C38, 0x0000,
0x6C42, 0x0000,
0x6C44, 0x0000,
0x6C46, 0x0000,
0x6C48, 0x0000,
0x6C52, 0x0000,
0x6C54, 0x0000,
0x6C56, 0x0000,
0x6C58, 0x0000,
0x6C5A, 0x0000,
0x6C5C, 0x0000,
0x6C5E, 0x0000,
0x6C60, 0x0000,
0x6C6A, 0x0000,
0x6C6C, 0x0000,
0x6C6E, 0x0000,
0x6C70, 0x0000,
0x6C7A, 0x0000,
0x6C7C, 0x0000,
0x6C7E, 0x0000,
0x6C80, 0x0000,
0x6C8A, 0x0000,
0x6C8C, 0x0000,
0x6C8E, 0x0000,
0x6C90, 0x0000,
0x6C62, 0x0000,
0x6C64, 0x0000,
0x6C66, 0x0000,
0x6C68, 0x0000,
0x6C72, 0x0000,
0x6C74, 0x0000,
0x6C76, 0x0000,
0x6C78, 0x0000,
0x6C82, 0x0000,
0x6C84, 0x0000,
0x6C86, 0x0000,
0x6C88, 0x0000,
0x6C92, 0x0000,
0x6C94, 0x0000,
0x6C96, 0x0000,
0x6C98, 0x0000,
0xFCFC, 0x2002,
0xE564, 0x0000,
0xE566, 0x0000,
0xE546, 0x0000,
0xE554, 0x0000,
0xE548, 0x0000,
0xE556, 0x0000,
0xE54A, 0x0000,
0xE558, 0x0000,
0xE54C, 0x0000,
0xE55A, 0x0000,
0xE54E, 0x0000,
0xE55C, 0x0000,
0xE550, 0x0000,
0xE55E, 0x0000,
0xE552, 0x0000,
0xE560, 0x0000,
0xE562, 0x0000,
0xE544, 0x007E,
0xDD34, 0x002F,
0xDD36, 0xFF01,
0xDEF8, 0x0001,
0xDEFA, 0x0001,
0xDDDA, 0x0101,
0xDD8E, 0x0100,
0xDDD2, 0xFDA2,
0xDDD4, 0xFDA0,
0xDD92, 0x0040,
0xDDA0, 0x001B,
0xDD94, 0x0080,
0xDDA2, 0x001B,
0xDD96, 0x0100,
0xDDA4, 0x0020,
0xDD98, 0x0200,
0xDDA6, 0x001B,
0xDD9A, 0x0400,
0xDDA8, 0x0028,
0xDD9C, 0x0800,
0xDDAA, 0x002E,
0xDD9E, 0x1000,
0xDDAC, 0x0033,
0xDDAE, 0x0033,
0xDD60, 0x0F01,
0xDD62, 0x0200,
0xDEFC, 0x0100,
0xDD90, 0x0088,
0xDDB0, 0x0000,
0xDDB2, 0x0000,
0xDDB4, 0x0000,
0xDDB6, 0x0000,
0xDDB8, 0x0000,
0xDDBA, 0x0000,
0xDDBC, 0x0000,
0xDDBE, 0x0000,
0xDDC0, 0x0000,
0xDDC2, 0x0000,
0xDDC4, 0x0000,
0xDDC6, 0x0000,
0xDDC8, 0x0000,
0xDDCA, 0x0000,
0xDDCC, 0x0000,
0xDDCE, 0x0000,
0xDDD0, 0x0000,
0xDDDC, 0x0101,
0xDDDE, 0x01D6,
0xDDE0, 0x0000,
0xDDE2, 0x0000,
0xDDE4, 0x0000,
0xDDE6, 0x0000,
0xDDE8, 0x0000,
0xDDEA, 0x0000,
0xDDEC, 0x0000,
0xDDEE, 0x0000,
0xDDF0, 0x0000,
0xDDF2, 0x0000,
0xDDF4, 0x0000,
0xDDF6, 0x0000,
0xDDF8, 0x0000,
0xDDFA, 0x0000,
0xDDFC, 0x0000,
0xDDFE, 0x0000,
0xDE00, 0x0000,
0xDE02, 0x0000,
0xDE04, 0x0000,
0xDE06, 0x0000,
0xDE08, 0x0000,
0xDE0A, 0x0000,
0xDE0C, 0x0000,
0xDE0E, 0x0000,
0xDE10, 0x0000,
0xDE12, 0x0000,
0xDE14, 0x0000,
0xDE16, 0x0000,
0xDE18, 0x0000,
0xDE1A, 0x0000,
0xDE1C, 0x0000,
0xDE1E, 0x0000,
0xDE20, 0x0000,
0xDE22, 0x0000,
0xDE24, 0x0000,
0xDE26, 0x0000,
0xDE28, 0x0000,
0xDE2A, 0x0000,
0xDE2C, 0x0000,
0xDE2E, 0x0000,
0xDE30, 0x0000,
0xDE32, 0x0000,
0xDE34, 0x0000,
0xDE36, 0x0000,
0xDE38, 0x0000,
0xDE3A, 0x0000,
0xDE3C, 0x0000,
0xDE3E, 0x0000,
0xDE40, 0x0000,
0xDE42, 0x0000,
0xDE44, 0x0000,
0xDE46, 0x0000,
0xDE48, 0x0000,
0xDE4A, 0x0000,
0xDE4C, 0x0000,
0xDE4E, 0x0000,
0xDE50, 0x0000,
0xDE52, 0x0000,
0xDE54, 0x0000,
0xDE56, 0x0000,
0xFCFC, 0x2000,
0x51E0, 0x0000,
0x51F4, 0x0180,
0x51F6, 0x0180,
0x4262, 0x00FF,
0x4264, 0xFFFF,
0x4266, 0xFFFF,
0x4268, 0xFFFF,
0x51DA, 0x0102,
0x1382, 0x0101,
0x51D8, 0x4040,
0x14A4, 0x0001,
0x517A, 0x0703,
0x517C, 0x0508,
0x50F2, 0x0100,
0x510A, 0x0000,
0x50F6, 0x05DC,
0x443C, 0x0001,
0x505C, 0x0000,
0x505E, 0x0005,
0x505A, 0x0001,
0x4440, 0x0001,
0x4442, 0x0101,
0x12AA, 0x0002,
0x1300, 0x0101,
0x12CA, 0x0100,
0x12D0, 0x0100,
0x4446, 0x0100,
0x1328, 0x5000,
0x1332, 0x8300,
0x1346, 0x0100,
0x518E, 0x0010,
0x51AC, 0x0144,
0x5190, 0x0004,
0x51AE, 0x0036,
0x5192, 0x0004,
0x51B0, 0x0010,
0x5194, 0x0002,
0x51B2, 0x0010,
0x5196, 0x0002,
0x51B4, 0x0010,
0x5198, 0x0004,
0x51B6, 0x0006,
0x519A, 0x0002,
0x51B8, 0x0006,
0x519C, 0x0002,
0x51BA, 0x0006,
0x519E, 0x0002,
0x51BC, 0x0010,
0x51A0, 0x0002,
0x51BE, 0x0006,
0x5226, 0x0010,
0x4A20, 0x0000,
0x4A22, 0x0001,
0x4A2A, 0x0200,
0x4A3C, 0x0200,
0x4A2E, 0x0400,
0x4A40, 0x0401,
0x4A30, 0x03FF,
0x4A42, 0x0400,
0x4A50, 0x0000,
0x4A52, 0x0000,
0x4A54, 0x0000,
0x4A56, 0x0000,
0x4A2C, 0x0200,
0x4A3E, 0x0200,
0x4AF0, 0x0000,
0x4AF2, 0x0000,
0x4AF4, 0x0000,
0x4AF6, 0x0000,
0x4B90, 0x0009,
0x4B92, 0x000A,
0x4B94, 0x4000,
0x4B96, 0xEF56,
0x4C30, 0x049B,
0x4C32, 0x0489,
0x4C34, 0x4000,
0x4C36, 0xF300,
0x53AA, 0x004B,
0x53C2, 0x004B,
0x53DA, 0x004B,
0x549A, 0x0008,
0x57CA, 0x006B,
0x57FA, 0x005E,
0x62F2, 0x0093,
0x79BA, 0x0047,
0x7B52, 0x0002,
0x65C2, 0x0010,
0x65F2, 0x0030,
0x5782, 0x002D,
0x62DA, 0x0019,
0x7A62, 0x014F,
0x54FA, 0x0008,
0x5484, 0x0008,
0x549C, 0x0008,
0x54CC, 0x0008,
0x54FC, 0x0008,
0x5664, 0x001E,
0x56F4, 0x001E,
0x5784, 0x002D,
0x57CC, 0x006B,
0x57E4, 0x006B,
0x57FC, 0x005E,
0x5814, 0x005E,
0x62DC, 0x0019,
0x62F4, 0x0093,
0x6324, 0x0093,
0x79BC, 0x0047,
0x7A4C, 0x00AF,
0x7A64, 0x00A0,
0x7B54, 0x0002,
0x548C, 0x0008,
0x54A4, 0x0008,
0x54D4, 0x0008,
0x5504, 0x0008,
0x566C, 0x001E,
0x56FC, 0x001E,
0x578C, 0x002D,
0x57D4, 0x006B,
0x57EC, 0x006B,
0x5804, 0x005E,
0x581C, 0x005E,
0x62E4, 0x0019,
0x62FC, 0x0093,
0x632C, 0x0093,
0x79C4, 0x0047,
0x7A54, 0x00AF,
0x7A6C, 0x00CB,
0x7B5C, 0x0002,
0x7B74, 0x0047,
0x56CC, 0x0023,
0x569C, 0x007D,
0x5506, 0x0028,
0x79C6, 0x0067,
0x57D6, 0x009B,
0x57EE, 0x009B,
0x5806, 0x008E,
0x581E, 0x008E,
0x62FE, 0x00B3,
0x632E, 0x00B3,
0x54A6, 0x0010,
0x54D6, 0x0022,
0x566E, 0x02E4,
0x56CE, 0x0023,
0x65CE, 0x0017,
0x65E6, 0x002E,
0x65FE, 0x0035,
0x7A6E, 0x011B,
0x7A56, 0x00CF,
0x7B76, 0x0067,
0x7B78, 0x0047,
0x5508, 0x0008,
0x79C8, 0x0047,
0x57D8, 0x006B,
0x57F0, 0x006B,
0x5808, 0x005E,
0x5820, 0x005E,
0x6300, 0x0093,
0x6330, 0x0093,
0x54A8, 0x0008,
0x54D8, 0x0008,
0x56D0, 0x0023,
0x65D0, 0x0010,
0x65E8, 0x0029,
0x6600, 0x0030,
0x550C, 0x0008,
0x56D4, 0x0023,
0x5794, 0x0069,
0x57AC, 0x0069,
0x62EC, 0x0055,
0x6304, 0x0093,
0x631C, 0x0055,
0x6334, 0x0093,
0x57DC, 0x006B,
0x57F4, 0x006B,
0x580C, 0x005E,
0x5824, 0x005E,
0x65D4, 0x0010,
0x65EC, 0x0030,
0x6604, 0x0030,
0x79CC, 0x0055,
0x79E4, 0x0055,
0x7A5C, 0x0118,
0x7A74, 0x0131,
0x7A8C, 0x0131,
0x7B7C, 0x0055,
0x1380, 0x0002,
0x5206, 0x1000,
0x1310, 0x29DE,
0x1314, 0x28FD,
0x135C, 0x20FF,
0x1444, 0x09C4,
0xFCFC, 0x2001,
0x34AA, 0x7F02,
0x3AC8, 0x0100,
0x3AEC, 0x070F,
0x3AF2, 0x0006,
0x3AD2, 0x00FF,
0x3AFE, 0x0100,
0x3AC0, 0x0010,
0x3AC2, 0x000C,
0x3AD8, 0x2009,
0x3ADA, 0x0900,
0x3B00, 0xFFF6,
0x3B02, 0xFFFE,
0x3B04, 0xFFFE,
0x3B06, 0xFFFE,
0x3B08, 0x0000,
0x3B0A, 0x0000,
0x3B0C, 0xFFFE,
0x3B0E, 0xFFFF,
0x3B10, 0xFFFD,
0x3B12, 0x0000,
0x3B14, 0xFFFF,
0x3B16, 0x0002,
0x3B18, 0x0002,
0x3B1A, 0x0001,
0x3B1C, 0x0001,
0x3B1E, 0xFFFC,
0x3B20, 0xFFF4,
0x3B22, 0xFFFB,
0x3B24, 0xFFFB,
0x3B26, 0xFFFD,
0x3B28, 0xFFFC,
0x3B2A, 0xFFFC,
0x3B2C, 0xFFFD,
0x3B2E, 0xFFFD,
0x3B30, 0xFFFB,
0x3B32, 0xFFFC,
0x3B34, 0xFFFD,
0x3B36, 0xFFFF,
0x3B38, 0x0001,
0x3B3A, 0x0000,
0x3B3C, 0x0000,
0x3B3E, 0xFFFC,
0x3B40, 0xFFF6,
0x3B42, 0xFFFE,
0x3B44, 0xFFFF,
0x3B46, 0xFFFE,
0x3B48, 0xFFFE,
0x3B4A, 0x0000,
0x3B4C, 0x0000,
0x3B4E, 0x0000,
0x3B50, 0xFFFE,
0x3B52, 0xFFFF,
0x3B54, 0x0000,
0x3B56, 0x0002,
0x3B58, 0x0002,
0x3B5A, 0x0004,
0x3B5C, 0x0002,
0x3B5E, 0xFFFE,
0x3B60, 0xFFF7,
0x3B62, 0xFFFF,
0x3B64, 0x0000,
0x3B66, 0x0002,
0x3B68, 0x0002,
0x3B6A, 0x0002,
0x3B6C, 0x0001,
0x3B6E, 0x0002,
0x3B70, 0xFFFF,
0x3B72, 0x0000,
0x3B74, 0x0002,
0x3B76, 0x0003,
0x3B78, 0x0004,
0x3B7A, 0x0006,
0x3B7C, 0x0004,
0x3B7E, 0x0000,
0x3B80, 0xFFF5,
0x3B82, 0xFFFB,
0x3B84, 0xFFFD,
0x3B86, 0xFFFE,
0x3B88, 0xFFFE,
0x3B8A, 0xFFFF,
0x3B8C, 0x0001,
0x3B8E, 0x0000,
0x3B90, 0xFFFF,
0x3B92, 0xFFFF,
0x3B94, 0x0000,
0x3B96, 0x0002,
0x3B98, 0x0001,
0x3B9A, 0x0002,
0x3B9C, 0x0002,
0x3B9E, 0xFFFD,
0x3BA0, 0xFFF6,
0x3BA2, 0xFFFD,
0x3BA4, 0x0000,
0x3BA6, 0xFFFF,
0x3BA8, 0x0001,
0x3BAA, 0x0002,
0x3BAC, 0x0001,
0x3BAE, 0x0002,
0x3BB0, 0x0001,
0x3BB2, 0x0000,
0x3BB4, 0x0001,
0x3BB6, 0x0002,
0x3BB8, 0x0003,
0x3BBA, 0x0003,
0x3BBC, 0x0003,
0x3BBE, 0xFFFE,
0x3BC0, 0xFFF4,
0x3BC2, 0xFFFB,
0x3BC4, 0xFFFD,
0x3BC6, 0xFFFF,
0x3BC8, 0x0000,
0x3BCA, 0x0000,
0x3BCC, 0x0002,
0x3BCE, 0x0001,
0x3BD0, 0xFFFF,
0x3BD2, 0x0001,
0x3BD4, 0x0000,
0x3BD6, 0x0000,
0x3BD8, 0x0001,
0x3BDA, 0x0005,
0x3BDC, 0x0003,
0x3BDE, 0xFFFE,
0x3BE0, 0xFFF3,
0x3BE2, 0xFFFB,
0x3BE4, 0xFFFC,
0x3BE6, 0xFFFE,
0x3BE8, 0xFFFD,
0x3BEA, 0xFFFE,
0x3BEC, 0x0000,
0x3BEE, 0x0000,
0x3BF0, 0xFFFF,
0x3BF2, 0x0000,
0x3BF4, 0x0001,
0x3BF6, 0x0000,
0x3BF8, 0x0003,
0x3BFA, 0x0007,
0x3BFC, 0x0005,
0x3BFE, 0xFFFF,
0x3C00, 0xFFF3,
0x3C02, 0xFFF7,
0x3C04, 0xFFFB,
0x3C06, 0xFFFB,
0x3C08, 0xFFFC,
0x3C0A, 0xFFFC,
0x3C0C, 0xFFFE,
0x3C0E, 0xFFFF,
0x3C10, 0xFFFF,
0x3C12, 0x0000,
0x3C14, 0xFFFE,
0x3C16, 0x0000,
0x3C18, 0x0002,
0x3C1A, 0x0006,
0x3C1C, 0x0005,
0x3C1E, 0x0003,
0x3C20, 0xFFF1,
0x3C22, 0xFFF9,
0x3C24, 0xFFFB,
0x3C26, 0xFFFC,
0x3C28, 0xFFFE,
0x3C2A, 0xFFFD,
0x3C2C, 0xFFFD,
0x3C2E, 0xFFFE,
0x3C30, 0xFFFE,
0x3C32, 0xFFFF,
0x3C34, 0x0000,
0x3C36, 0x0000,
0x3C38, 0x0002,
0x3C3A, 0x0007,
0x3C3C, 0x0004,
0x3C3E, 0x0000,
0x3C40, 0xFFF3,
0x3C42, 0xFFFC,
0x3C44, 0xFFFF,
0x3C46, 0xFFFF,
0x3C48, 0x0000,
0x3C4A, 0x0001,
0x3C4C, 0x0003,
0x3C4E, 0x0003,
0x3C50, 0x0004,
0x3C52, 0x0004,
0x3C54, 0x0005,
0x3C56, 0x0005,
0x3C58, 0x0008,
0x3C5A, 0x000A,
0x3C5C, 0x0008,
0x3C5E, 0x0005,
0x3C60, 0xFFF8,
0x3C62, 0x0001,
0x3C64, 0x0003,
0x3C66, 0x0006,
0x3C68, 0x0007,
0x3C6A, 0x000A,
0x3C6C, 0x0007,
0x3C6E, 0x000B,
0x3C70, 0x000B,
0x3C72, 0x000C,
0x3C74, 0x000F,
0x3C76, 0x000F,
0x3C78, 0x0010,
0x3C7A, 0x0016,
0x3C7C, 0x0014,
0x3C7E, 0x0010,
0xA56A, 0x0000,
0xAD84, 0x0101,
0xAF1A, 0x1000,
0xAF1C, 0x0000,
0xAF1E, 0x00F5,
0x1774, 0x0101,
0x16E8, 0x0002,
0x1636, 0x0000,
0x76E0, 0x0000,
0x74A0, 0x0000,
0x8AE8, 0x0000,
0x8AEA, 0x0000,
0x8AEC, 0xFFFC,
0x8AEE, 0xFFFC,
0x8AF2, 0x0000,
0x8AF4, 0x0000,
0x8AF6, 0xFFFD,
0x8AF8, 0xFFFD,
0xFCFC, 0x2000,
0x4A26, 0x0101,
0x4A36, 0x0020,
0x4A48, 0x0020,
0x4E10, 0x000C,
0x4E12, 0x000C,
0x4E14, 0x4000,
0x4E16, 0xF33A,
0x4A38, 0x0020,
0x4A4A, 0x0020,
0x4EB0, 0x000C,
0x4EB2, 0x000C,
0x4EB4, 0x4000,
0x4EB6, 0xFD7C,
0x4A24, 0x0101,
0x4A32, 0x01FF,
0x4A44, 0x0200,
0x4CD0, 0x0101,
0x4CD2, 0x0189,
0x4CD4, 0x4000,
0x4CD6, 0xFD1A,
0x4A34, 0x003F,
0x4A46, 0x0040,
0x4D70, 0x000B,
0x4D72, 0x000C,
0x4D74, 0x4000,
0x4D76, 0xFD7C,
0x4D78, 0x000B,
0x4D7A, 0x000C,
0x4D7C, 0x4000,
0x4D7E, 0xF33A,
0x4D80, 0x000B,
0x4D82, 0x000A,
0x4D84, 0x4000,
0x4D86, 0xFD8E,
0xFCFC, 0x4000,
0x0B02, 0x0102,
0x0B04, 0x0011,
0x0BE2, 0x0000,
0x0BC2, 0x0000,
0x0BC4, 0x0000,
0x021E, 0x0000,
0x0228, 0x0100,
0x0722, 0x0800,
0xBA8C, 0x0000,
0xBA90, 0x0000,
0xF33A, 0x000C,
0xFD7C, 0x000C,
0xF338, 0x0022,
0xFD7A, 0x0022,
0xF31E, 0x001C,
0xF32A, 0x001C,
0xF320, 0x001C,
0xF32C, 0x001C,
};

static u16 addr_data_pair_capture[] = {
0xFCFC, 0x4000,
0x6214, 0xFF7D,
0x6218, 0x0000,
0xA100, 0x2F06,
0xA102, 0x0000,
0x0344, 0x0010,
0x0348, 0x3FCF,
0x0346, 0x0010,
0x034A, 0x300F,
0x034C, 0x0FF0,
0x034E, 0x0C00,
0x0340, 0x1900,
0x0342, 0x28A0,
0x0900, 0x3244,
0x0380, 0x0004,
0x0382, 0x0004,
0x0384, 0x0004,
0x0386, 0x0004,
0x040C, 0x0000,
0x0400, 0x1010,
0x0408, 0x0100,
0x040A, 0x0100,
0x0350, 0x0000,
0x0352, 0x0000,
0x0136, 0x1800,
0x013E, 0x0000,
0x0304, 0x0003,
0x0306, 0x00FA,
0x030C, 0x0001,
0x030E, 0x0003,
0x0310, 0x008E,
0x0312, 0x0000,
0x031A, 0x0003,
0x031C, 0x002D,
0x031E, 0x0002,
0x0B08, 0x0100,
0x0202, 0x0014,
0x022C, 0x0014,
0x0226, 0x0014,
0x0702, 0x0000,
0x0704, 0x0000,
0x0112, 0x0A0A,
0x0114, 0x0301,
0x0118, 0x0004,
0x011A, 0x0001,
0x011C, 0x0101,
0x0270, 0x2B2B,
0x0272, 0x2B10,
0x0260, 0x0001,
0x0262, 0x0200,
0x0264, 0x0102,
0x0266, 0x0000,
0x0274, 0x3030,//by lipengpeng 20240715 
0x0720, 0x0001,
0x0724, 0x0000,
0x0728, 0x07F8,
0x072A, 0x0300,
0x072C, 0x01FC,
0x072E, 0x0300,
0xFCFC, 0x2001,
0x8AA0, 0x0200,
0x8B20, 0x0000,
0xFCFC, 0x2000,
0x1498, 0x0000,
0x426C, 0x8C18,
0x426E, 0x0005,
0x4270, 0xF00A,
0x4272, 0x0001,
0x4274, 0xFDC8,
0x4276, 0x80F1,
0x4278, 0xBA84,
0x427A, 0x0200,
0x427C, 0xBA86,
0x427E, 0x0200,
0x4280, 0xBA88,
0x4282, 0x0200,
0x4284, 0xBA8A,
0x4286, 0x0200,
0x4288, 0xBA00,
0x428A, 0x002A,
0x428C, 0x8DD8,
0x428E, 0xFFFF,
0x4290, 0x8DDA,
0x4292, 0xFFFF,
0x4294, 0x8DDC,
0x4296, 0xFFFF,
0x4298, 0x8DF6,
0x429A, 0x1212,
0x429C, 0x8D2A,
0x429E, 0xFFFF,
0x42A0, 0x8D2E,
0x42A2, 0xFFFF,
0x42A4, 0xE426,
0x42A6, 0x0000,
0x42A8, 0xE432,
0x42AA, 0x0014,
0x42AC, 0x0000,
0x42AE, 0x0000,
0x42B0, 0x0000,
0x42B2, 0x0000,
0x42B4, 0x0000,
0x42B6, 0x0000,
0x42B8, 0x0000,
0x42BA, 0x0000,
0x4402, 0x0001,
0x440A, 0x0008,
0x4400, 0x0000,
0x4408, 0x000E,
0x43FC, 0x000E,
0x4404, 0x0010,
0x4412, 0x0000,
0x441A, 0x0000,
0x440C, 0x0000,
0x4414, 0x0000,
0xFCFC, 0x2001,
0x8D10, 0x0000,
0x8DA6, 0x0400,
0x8DA8, 0x0400,
0x8DAA, 0x0400,
0x9802, 0x0032,
0x9804, 0x0032,
0x9806, 0x0028,
0x9808, 0x001E,
0x980A, 0x001E,
0x980C, 0x001E,
0x9812, 0x0032,
0x9814, 0x0032,
0x9816, 0x0028,
0x9818, 0x001E,
0x981A, 0x001E,
0x981C, 0x001E,
0x9822, 0x0032,
0x9824, 0x0032,
0x9826, 0x0028,
0x9828, 0x001E,
0x982A, 0x001E,
0x982C, 0x001E,
0x9832, 0x0032,
0x9834, 0x0032,
0x9836, 0x0028,
0x9838, 0x001E,
0x983A, 0x001E,
0x983C, 0x001E,
0x9842, 0x0050,
0x9844, 0x0032,
0x9846, 0x0032,
0x9848, 0x0028,
0x984A, 0x0028,
0x984C, 0x0028,
0x9852, 0x0001,
0x9854, 0x0001,
0x9856, 0x0001,
0x9858, 0x0001,
0x985A, 0x0001,
0x985C, 0x0001,
0x1638, 0x0100,
0x1656, 0x0100,
0x169C, 0x0200,
0x169E, 0x0800,
0x168A, 0x0002,
0x168C, 0x0008,
0x1690, 0x0200,
0x1692, 0x0400,
0x1694, 0x0800,
0x1FEE, 0x0001,
0x1FF0, 0x0001,
0x1FF8, 0x0001,
0x1FFA, 0x0001,
0x1FFC, 0x0001,
0x2000, 0x0001,
0x2002, 0x0001,
0x1FAE, 0x0022,
0x2006, 0x000A,
0x1FBA, 0x0000,
0x1FD6, 0x0014,
0x1FBE, 0x0001,
0x2008, 0x0000,
0x2020, 0x0001,
0x200A, 0x0000,
0x2022, 0x0001,
0x1FD8, 0x0014,
0x1FC0, 0x0001,
0x2012, 0x0000,
0x202A, 0x0001,
0x1FE0, 0x0014,
0x1FC8, 0x0001,
0x2038, 0x0000,
0x2014, 0x0042,
0x202C, 0x00D8,
0x1FE2, 0x0084,
0x1FCA, 0x00C0,
0x2016, 0x0000,
0x202E, 0x0001,
0x1FE4, 0x0014,
0x1FCC, 0x0001,
0x1FE8, 0x0014,
0x1FD0, 0x0001,
0x201A, 0x0000,
0x2032, 0x0001,
0x3656, 0x0100,
0x35EE, 0x0202,
0x35F0, 0x0101,
0x3660, 0x0040,
0x3620, 0x0100,
0x7C20, 0x0001,
0x7C2E, 0x0FF0,
0x7C30, 0x0C00,
0x07C2, 0x0C06,
0x07C4, 0x0100,
0x079E, 0x0A28,
0x3500, 0x0200,
0x34EC, 0x0000,
0x34EE, 0x0000,
0xB860, 0x0000,
0xB862, 0x0001,
0x2500, 0x0000,
0x34A0, 0x8822,
0xAEE0, 0x0000,
0xA220, 0x0000,
0xA22C, 0x0020,
0xA230, 0x0010,
0xA24A, 0x0000,
0xA38C, 0x0000,
0xA3C2, 0x0009,
0xA3C4, 0x0000,
0xA3C6, 0x0000,
0xA3D6, 0x0000,
0xA3D8, 0x0000,
0xA3E0, 0x1020,
0xA3E2, 0x0000,
0xA3E4, 0x0000,
0xA3E8, 0x0000,
0x0FC4, 0x00E4,
0x36B0, 0x0204,
0x8DF0, 0x0100,
0x84C4, 0x0001,
0x84C6, 0x0001,
0x84B2, 0x0101,
0x8C2C, 0xFFFF,
0x84B8, 0x0000,
0x84BA, 0x0000,
0x8B02, 0x0201,
0x8B04, 0x0101,
0x8B06, 0x0100,
0x8B0E, 0x0804,
0x8B10, 0x0404,
0x8B12, 0x0402,
0x235C, 0x0000,
0x237C, 0x0002,
0x23B4, 0x0000,
0x23B6, 0x0000,
0x23B8, 0x0000,
0x23BA, 0x0000,
0x1CDE, 0x0B82,
0x1CE8, 0x003A,
0x1D0C, 0x0809,
0x1E98, 0x0220,
0x0B28, 0x030F,
0x0B2A, 0x030F,
0x23C6, 0x0001,
0x2386, 0x0507,
0x35C8, 0xFF01,
0x35A0, 0x0100,
0x841A, 0x0040,
0x8426, 0x0000,
0x8438, 0x2000,
0x8486, 0x0200,
0x8488, 0x0200,
0x848A, 0x0200,
0x848C, 0x0200,
0x841E, 0x0005,
0x8420, 0x0503,
0x8414, 0x0101,
0x24CC, 0x0103,
0x8B00, 0x03FF,
0x8B0C, 0x03FF,
0x8AE6, 0x077E,
0x36B2, 0x0100,
0x3742, 0x01A0,
0x3744, 0x415F,
0x3746, 0x00C4,
0x3748, 0x30C3,
0x8B1E, 0x0000,
0x8D9C, 0x0101,
0x0792, 0x0514,
0x1D4A, 0x0003,
0x1D4C, 0x0003,
0x1D4E, 0x0003,
0x1D50, 0x0003,
0x1D52, 0x0003,
0x1D54, 0x0003,
0x1D56, 0x0003,
0x1D58, 0x0003,
0x1D5A, 0x0003,
0x1D5C, 0x0003,
0x08BC, 0x0381,
0x0912, 0x03C0,
0x2324, 0x03C0,
0x0F8A, 0x98EC,
0x0F90, 0x0189,
0x0F88, 0xA6FD,
0x0920, 0x3CC7,
0x0922, 0x7D3F,
0x092E, 0x0000,
0x233C, 0x0022,
0x2338, 0x0036,
0x233A, 0x0036,
0x0F8E, 0x2020,
0x08AC, 0x0034,
0x08B6, 0x8C40,
0x08B8, 0xAC40,
0x0822, 0x0E06,
0x0826, 0x0E06,
0x0828, 0x0606,
0x083A, 0x0206,
0x083E, 0x0206,
0x0840, 0x0606,
0x0852, 0x0202,
0x0856, 0x0202,
0x0858, 0x0202,
0x0882, 0x1313,
0x0888, 0x0A0B,
0x088A, 0x1313,
0x08A0, 0x0A13,
0x08A2, 0x1313,
0x7874, 0x0100,
0x8B30, 0x0100,
0x8B42, 0x0100,
0x8BA0, 0x0211,
0x8BE0, 0x0200,
0x8BB0, 0x0200,
0x097E, 0x0101,
0x0980, 0x0100,
0x098C, 0x0028,
0x09A2, 0x0028,
0x09B8, 0x0028,
0x1770, 0x0101,
0x1772, 0x0001,
0x24B6, 0x0002,
0x365C, 0x0106,
0x365E, 0x0000,
0x0FCA, 0x0010,
0x0FCE, 0x000A,
0x6868, 0x0001,
0x686A, 0x0004,
0x686C, 0x2024,
0x686E, 0x0000,
0x6870, 0x0000,
0x6872, 0x0000,
0x6874, 0x0000,
0x6876, 0x0000,
0x6878, 0x0000,
0x68AA, 0x0000,
0x692C, 0x0004,
0x692E, 0x2024,
0x696C, 0x090D,
0x696E, 0x292D,
0x6828, 0x0100,
0x682A, 0x0420,
0x682C, 0x2400,
0x682E, 0x0000,
0x6830, 0x0000,
0x6832, 0x0000,
0x6834, 0x0000,
0x6836, 0x0000,
0x6838, 0x0000,
0x68AC, 0x0004,
0x68AE, 0x2024,
0x68EC, 0x090D,
0x68EE, 0x292D,
0x6C1A, 0x0000,
0x6C1C, 0x0000,
0x6C1E, 0x0000,
0x6C20, 0x0000,
0x6C2A, 0x0000,
0x6C2C, 0x0000,
0x6C2E, 0x0000,
0x6C30, 0x0000,
0x6C3A, 0x0000,
0x6C3C, 0x0000,
0x6C3E, 0x0000,
0x6C40, 0x0000,
0x6C4A, 0x0000,
0x6C4C, 0x0000,
0x6C4E, 0x0000,
0x6C50, 0x0000,
0x6C22, 0x0000,
0x6C24, 0x0000,
0x6C26, 0x0000,
0x6C28, 0x0000,
0x6C32, 0x0000,
0x6C34, 0x0000,
0x6C36, 0x0000,
0x6C38, 0x0000,
0x6C42, 0x0000,
0x6C44, 0x0000,
0x6C46, 0x0000,
0x6C48, 0x0000,
0x6C52, 0x0000,
0x6C54, 0x0000,
0x6C56, 0x0000,
0x6C58, 0x0000,
0x6C5A, 0x0000,
0x6C5C, 0x0000,
0x6C5E, 0x0000,
0x6C60, 0x0000,
0x6C6A, 0x0000,
0x6C6C, 0x0000,
0x6C6E, 0x0000,
0x6C70, 0x0000,
0x6C7A, 0x0000,
0x6C7C, 0x0000,
0x6C7E, 0x0000,
0x6C80, 0x0000,
0x6C8A, 0x0000,
0x6C8C, 0x0000,
0x6C8E, 0x0000,
0x6C90, 0x0000,
0x6C62, 0x0000,
0x6C64, 0x0000,
0x6C66, 0x0000,
0x6C68, 0x0000,
0x6C72, 0x0000,
0x6C74, 0x0000,
0x6C76, 0x0000,
0x6C78, 0x0000,
0x6C82, 0x0000,
0x6C84, 0x0000,
0x6C86, 0x0000,
0x6C88, 0x0000,
0x6C92, 0x0000,
0x6C94, 0x0000,
0x6C96, 0x0000,
0x6C98, 0x0000,
0xFCFC, 0x2002,
0xE564, 0x0000,
0xE566, 0x0000,
0xE546, 0x0000,
0xE554, 0x0000,
0xE548, 0x0000,
0xE556, 0x0000,
0xE54A, 0x0000,
0xE558, 0x0000,
0xE54C, 0x0000,
0xE55A, 0x0000,
0xE54E, 0x0000,
0xE55C, 0x0000,
0xE550, 0x0000,
0xE55E, 0x0000,
0xE552, 0x0000,
0xE560, 0x0000,
0xE562, 0x0000,
0xE544, 0x007E,
0xDD34, 0x002F,
0xDD36, 0xFF01,
0xDEF8, 0x0001,
0xDEFA, 0x0001,
0xDDDA, 0x0101,
0xDD8E, 0x0100,
0xDDD2, 0xFDA2,
0xDDD4, 0xFDA0,
0xDD92, 0x0040,
0xDDA0, 0x001B,
0xDD94, 0x0080,
0xDDA2, 0x001B,
0xDD96, 0x0100,
0xDDA4, 0x0020,
0xDD98, 0x0200,
0xDDA6, 0x001B,
0xDD9A, 0x0400,
0xDDA8, 0x0028,
0xDD9C, 0x0800,
0xDDAA, 0x002E,
0xDD9E, 0x1000,
0xDDAC, 0x0033,
0xDDAE, 0x0033,
0xDD60, 0x0F01,
0xDD62, 0x0200,
0xDEFC, 0x0100,
0xDD90, 0x0088,
0xDDB0, 0x0000,
0xDDB2, 0x0000,
0xDDB4, 0x0000,
0xDDB6, 0x0000,
0xDDB8, 0x0000,
0xDDBA, 0x0000,
0xDDBC, 0x0000,
0xDDBE, 0x0000,
0xDDC0, 0x0000,
0xDDC2, 0x0000,
0xDDC4, 0x0000,
0xDDC6, 0x0000,
0xDDC8, 0x0000,
0xDDCA, 0x0000,
0xDDCC, 0x0000,
0xDDCE, 0x0000,
0xDDD0, 0x0000,
0xDDDC, 0x0101,
0xDDDE, 0x01D6,
0xDDE0, 0x0000,
0xDDE2, 0x0000,
0xDDE4, 0x0000,
0xDDE6, 0x0000,
0xDDE8, 0x0000,
0xDDEA, 0x0000,
0xDDEC, 0x0000,
0xDDEE, 0x0000,
0xDDF0, 0x0000,
0xDDF2, 0x0000,
0xDDF4, 0x0000,
0xDDF6, 0x0000,
0xDDF8, 0x0000,
0xDDFA, 0x0000,
0xDDFC, 0x0000,
0xDDFE, 0x0000,
0xDE00, 0x0000,
0xDE02, 0x0000,
0xDE04, 0x0000,
0xDE06, 0x0000,
0xDE08, 0x0000,
0xDE0A, 0x0000,
0xDE0C, 0x0000,
0xDE0E, 0x0000,
0xDE10, 0x0000,
0xDE12, 0x0000,
0xDE14, 0x0000,
0xDE16, 0x0000,
0xDE18, 0x0000,
0xDE1A, 0x0000,
0xDE1C, 0x0000,
0xDE1E, 0x0000,
0xDE20, 0x0000,
0xDE22, 0x0000,
0xDE24, 0x0000,
0xDE26, 0x0000,
0xDE28, 0x0000,
0xDE2A, 0x0000,
0xDE2C, 0x0000,
0xDE2E, 0x0000,
0xDE30, 0x0000,
0xDE32, 0x0000,
0xDE34, 0x0000,
0xDE36, 0x0000,
0xDE38, 0x0000,
0xDE3A, 0x0000,
0xDE3C, 0x0000,
0xDE3E, 0x0000,
0xDE40, 0x0000,
0xDE42, 0x0000,
0xDE44, 0x0000,
0xDE46, 0x0000,
0xDE48, 0x0000,
0xDE4A, 0x0000,
0xDE4C, 0x0000,
0xDE4E, 0x0000,
0xDE50, 0x0000,
0xDE52, 0x0000,
0xDE54, 0x0000,
0xDE56, 0x0000,
0xFCFC, 0x2000,
0x51E0, 0x0000,
0x51F4, 0x0180,
0x51F6, 0x0180,
0x4262, 0x00FF,
0x4264, 0xFFFF,
0x4266, 0xFFFF,
0x4268, 0xFFFF,
0x51DA, 0x0102,
0x1382, 0x0101,
0x51D8, 0x4040,
0x14A4, 0x0001,
0x517A, 0x0703,
0x517C, 0x0508,
0x50F2, 0x0100,
0x510A, 0x0000,
0x50F6, 0x05DC,
0x443C, 0x0001,
0x505C, 0x0000,
0x505E, 0x0005,
0x505A, 0x0001,
0x4440, 0x0001,
0x4442, 0x0101,
0x12AA, 0x0002,
0x1300, 0x0101,
0x12CA, 0x0100,
0x12D0, 0x0100,
0x4446, 0x0100,
0x1328, 0x5000,
0x1332, 0x8300,
0x1346, 0x0100,
0x518E, 0x0010,
0x51AC, 0x0144,
0x5190, 0x0004,
0x51AE, 0x0036,
0x5192, 0x0004,
0x51B0, 0x0010,
0x5194, 0x0002,
0x51B2, 0x0010,
0x5196, 0x0002,
0x51B4, 0x0010,
0x5198, 0x0004,
0x51B6, 0x0006,
0x519A, 0x0002,
0x51B8, 0x0006,
0x519C, 0x0002,
0x51BA, 0x0006,
0x519E, 0x0002,
0x51BC, 0x0010,
0x51A0, 0x0002,
0x51BE, 0x0006,
0x5226, 0x0010,
0x4A20, 0x0000,
0x4A22, 0x0001,
0x4A2A, 0x0200,
0x4A3C, 0x0200,
0x4A2E, 0x0400,
0x4A40, 0x0401,
0x4A30, 0x03FF,
0x4A42, 0x0400,
0x4A50, 0x0000,
0x4A52, 0x0000,
0x4A54, 0x0000,
0x4A56, 0x0000,
0x4A2C, 0x0200,
0x4A3E, 0x0200,
0x4AF0, 0x0000,
0x4AF2, 0x0000,
0x4AF4, 0x0000,
0x4AF6, 0x0000,
0x4B90, 0x0009,
0x4B92, 0x000A,
0x4B94, 0x4000,
0x4B96, 0xEF56,
0x4C30, 0x049B,
0x4C32, 0x0489,
0x4C34, 0x4000,
0x4C36, 0xF300,
0x53AA, 0x004B,
0x53C2, 0x004B,
0x53DA, 0x004B,
0x549A, 0x0008,
0x57CA, 0x006B,
0x57FA, 0x005E,
0x62F2, 0x0093,
0x79BA, 0x0047,
0x7B52, 0x0002,
0x65C2, 0x0010,
0x65F2, 0x0030,
0x5782, 0x002D,
0x62DA, 0x0019,
0x7A62, 0x014F,
0x54FA, 0x0008,
0x5484, 0x0008,
0x549C, 0x0008,
0x54CC, 0x0008,
0x54FC, 0x0008,
0x5664, 0x001E,
0x56F4, 0x001E,
0x5784, 0x002D,
0x57CC, 0x006B,
0x57E4, 0x006B,
0x57FC, 0x005E,
0x5814, 0x005E,
0x62DC, 0x0019,
0x62F4, 0x0093,
0x6324, 0x0093,
0x79BC, 0x0047,
0x7A4C, 0x00AF,
0x7A64, 0x00A0,
0x7B54, 0x0002,
0x548C, 0x0008,
0x54A4, 0x0008,
0x54D4, 0x0008,
0x5504, 0x0008,
0x566C, 0x001E,
0x56FC, 0x001E,
0x578C, 0x002D,
0x57D4, 0x006B,
0x57EC, 0x006B,
0x5804, 0x005E,
0x581C, 0x005E,
0x62E4, 0x0019,
0x62FC, 0x0093,
0x632C, 0x0093,
0x79C4, 0x0047,
0x7A54, 0x00AF,
0x7A6C, 0x00CB,
0x7B5C, 0x0002,
0x7B74, 0x0047,
0x56CC, 0x0023,
0x569C, 0x007D,
0x5506, 0x0028,
0x79C6, 0x0067,
0x57D6, 0x009B,
0x57EE, 0x009B,
0x5806, 0x008E,
0x581E, 0x008E,
0x62FE, 0x00B3,
0x632E, 0x00B3,
0x54A6, 0x0010,
0x54D6, 0x0022,
0x566E, 0x02E4,
0x56CE, 0x0023,
0x65CE, 0x0017,
0x65E6, 0x002E,
0x65FE, 0x0035,
0x7A6E, 0x011B,
0x7A56, 0x00CF,
0x7B76, 0x0067,
0x7B78, 0x0047,
0x5508, 0x0008,
0x79C8, 0x0047,
0x57D8, 0x006B,
0x57F0, 0x006B,
0x5808, 0x005E,
0x5820, 0x005E,
0x6300, 0x0093,
0x6330, 0x0093,
0x54A8, 0x0008,
0x54D8, 0x0008,
0x56D0, 0x0023,
0x65D0, 0x0010,
0x65E8, 0x0029,
0x6600, 0x0030,
0x550C, 0x0008,
0x56D4, 0x0023,
0x5794, 0x0069,
0x57AC, 0x0069,
0x62EC, 0x0055,
0x6304, 0x0093,
0x631C, 0x0055,
0x6334, 0x0093,
0x57DC, 0x006B,
0x57F4, 0x006B,
0x580C, 0x005E,
0x5824, 0x005E,
0x65D4, 0x0010,
0x65EC, 0x0030,
0x6604, 0x0030,
0x79CC, 0x0055,
0x79E4, 0x0055,
0x7A5C, 0x0118,
0x7A74, 0x0131,
0x7A8C, 0x0131,
0x7B7C, 0x0055,
0x1380, 0x0002,
0x5206, 0x1000,
0x1310, 0x29DE,
0x1314, 0x28FD,
0x135C, 0x20FF,
0x1444, 0x09C4,
0xFCFC, 0x2001,
0x34AA, 0x7F02,
0x3AC8, 0x0100,
0x3AEC, 0x070F,
0x3AF2, 0x0006,
0x3AD2, 0x00FF,
0x3AFE, 0x0100,
0x3AC0, 0x0010,
0x3AC2, 0x000C,
0x3AD8, 0x2009,
0x3ADA, 0x0900,
0x3B00, 0xFFF6,
0x3B02, 0xFFFE,
0x3B04, 0xFFFE,
0x3B06, 0xFFFE,
0x3B08, 0x0000,
0x3B0A, 0x0000,
0x3B0C, 0xFFFE,
0x3B0E, 0xFFFF,
0x3B10, 0xFFFD,
0x3B12, 0x0000,
0x3B14, 0xFFFF,
0x3B16, 0x0002,
0x3B18, 0x0002,
0x3B1A, 0x0001,
0x3B1C, 0x0001,
0x3B1E, 0xFFFC,
0x3B20, 0xFFF4,
0x3B22, 0xFFFB,
0x3B24, 0xFFFB,
0x3B26, 0xFFFD,
0x3B28, 0xFFFC,
0x3B2A, 0xFFFC,
0x3B2C, 0xFFFD,
0x3B2E, 0xFFFD,
0x3B30, 0xFFFB,
0x3B32, 0xFFFC,
0x3B34, 0xFFFD,
0x3B36, 0xFFFF,
0x3B38, 0x0001,
0x3B3A, 0x0000,
0x3B3C, 0x0000,
0x3B3E, 0xFFFC,
0x3B40, 0xFFF6,
0x3B42, 0xFFFE,
0x3B44, 0xFFFF,
0x3B46, 0xFFFE,
0x3B48, 0xFFFE,
0x3B4A, 0x0000,
0x3B4C, 0x0000,
0x3B4E, 0x0000,
0x3B50, 0xFFFE,
0x3B52, 0xFFFF,
0x3B54, 0x0000,
0x3B56, 0x0002,
0x3B58, 0x0002,
0x3B5A, 0x0004,
0x3B5C, 0x0002,
0x3B5E, 0xFFFE,
0x3B60, 0xFFF7,
0x3B62, 0xFFFF,
0x3B64, 0x0000,
0x3B66, 0x0002,
0x3B68, 0x0002,
0x3B6A, 0x0002,
0x3B6C, 0x0001,
0x3B6E, 0x0002,
0x3B70, 0xFFFF,
0x3B72, 0x0000,
0x3B74, 0x0002,
0x3B76, 0x0003,
0x3B78, 0x0004,
0x3B7A, 0x0006,
0x3B7C, 0x0004,
0x3B7E, 0x0000,
0x3B80, 0xFFF5,
0x3B82, 0xFFFB,
0x3B84, 0xFFFD,
0x3B86, 0xFFFE,
0x3B88, 0xFFFE,
0x3B8A, 0xFFFF,
0x3B8C, 0x0001,
0x3B8E, 0x0000,
0x3B90, 0xFFFF,
0x3B92, 0xFFFF,
0x3B94, 0x0000,
0x3B96, 0x0002,
0x3B98, 0x0001,
0x3B9A, 0x0002,
0x3B9C, 0x0002,
0x3B9E, 0xFFFD,
0x3BA0, 0xFFF6,
0x3BA2, 0xFFFD,
0x3BA4, 0x0000,
0x3BA6, 0xFFFF,
0x3BA8, 0x0001,
0x3BAA, 0x0002,
0x3BAC, 0x0001,
0x3BAE, 0x0002,
0x3BB0, 0x0001,
0x3BB2, 0x0000,
0x3BB4, 0x0001,
0x3BB6, 0x0002,
0x3BB8, 0x0003,
0x3BBA, 0x0003,
0x3BBC, 0x0003,
0x3BBE, 0xFFFE,
0x3BC0, 0xFFF4,
0x3BC2, 0xFFFB,
0x3BC4, 0xFFFD,
0x3BC6, 0xFFFF,
0x3BC8, 0x0000,
0x3BCA, 0x0000,
0x3BCC, 0x0002,
0x3BCE, 0x0001,
0x3BD0, 0xFFFF,
0x3BD2, 0x0001,
0x3BD4, 0x0000,
0x3BD6, 0x0000,
0x3BD8, 0x0001,
0x3BDA, 0x0005,
0x3BDC, 0x0003,
0x3BDE, 0xFFFE,
0x3BE0, 0xFFF3,
0x3BE2, 0xFFFB,
0x3BE4, 0xFFFC,
0x3BE6, 0xFFFE,
0x3BE8, 0xFFFD,
0x3BEA, 0xFFFE,
0x3BEC, 0x0000,
0x3BEE, 0x0000,
0x3BF0, 0xFFFF,
0x3BF2, 0x0000,
0x3BF4, 0x0001,
0x3BF6, 0x0000,
0x3BF8, 0x0003,
0x3BFA, 0x0007,
0x3BFC, 0x0005,
0x3BFE, 0xFFFF,
0x3C00, 0xFFF3,
0x3C02, 0xFFF7,
0x3C04, 0xFFFB,
0x3C06, 0xFFFB,
0x3C08, 0xFFFC,
0x3C0A, 0xFFFC,
0x3C0C, 0xFFFE,
0x3C0E, 0xFFFF,
0x3C10, 0xFFFF,
0x3C12, 0x0000,
0x3C14, 0xFFFE,
0x3C16, 0x0000,
0x3C18, 0x0002,
0x3C1A, 0x0006,
0x3C1C, 0x0005,
0x3C1E, 0x0003,
0x3C20, 0xFFF1,
0x3C22, 0xFFF9,
0x3C24, 0xFFFB,
0x3C26, 0xFFFC,
0x3C28, 0xFFFE,
0x3C2A, 0xFFFD,
0x3C2C, 0xFFFD,
0x3C2E, 0xFFFE,
0x3C30, 0xFFFE,
0x3C32, 0xFFFF,
0x3C34, 0x0000,
0x3C36, 0x0000,
0x3C38, 0x0002,
0x3C3A, 0x0007,
0x3C3C, 0x0004,
0x3C3E, 0x0000,
0x3C40, 0xFFF3,
0x3C42, 0xFFFC,
0x3C44, 0xFFFF,
0x3C46, 0xFFFF,
0x3C48, 0x0000,
0x3C4A, 0x0001,
0x3C4C, 0x0003,
0x3C4E, 0x0003,
0x3C50, 0x0004,
0x3C52, 0x0004,
0x3C54, 0x0005,
0x3C56, 0x0005,
0x3C58, 0x0008,
0x3C5A, 0x000A,
0x3C5C, 0x0008,
0x3C5E, 0x0005,
0x3C60, 0xFFF8,
0x3C62, 0x0001,
0x3C64, 0x0003,
0x3C66, 0x0006,
0x3C68, 0x0007,
0x3C6A, 0x000A,
0x3C6C, 0x0007,
0x3C6E, 0x000B,
0x3C70, 0x000B,
0x3C72, 0x000C,
0x3C74, 0x000F,
0x3C76, 0x000F,
0x3C78, 0x0010,
0x3C7A, 0x0016,
0x3C7C, 0x0014,
0x3C7E, 0x0010,
0xA56A, 0x0000,
0xAD84, 0x0101,
0xAF1A, 0x1000,
0xAF1C, 0x0000,
0xAF1E, 0x00F5,
0x1774, 0x0101,
0x16E8, 0x0002,
0x1636, 0x0000,
0x76E0, 0x0000,
0x74A0, 0x0000,
0x8AE8, 0x0000,
0x8AEA, 0x0000,
0x8AEC, 0xFFFC,
0x8AEE, 0xFFFC,
0x8AF2, 0x0000,
0x8AF4, 0x0000,
0x8AF6, 0xFFFD,
0x8AF8, 0xFFFD,
0xFCFC, 0x2000,
0x4A26, 0x0101,
0x4A36, 0x0020,
0x4A48, 0x0020,
0x4E10, 0x000C,
0x4E12, 0x000C,
0x4E14, 0x4000,
0x4E16, 0xF33A,
0x4A38, 0x0020,
0x4A4A, 0x0020,
0x4EB0, 0x000C,
0x4EB2, 0x000C,
0x4EB4, 0x4000,
0x4EB6, 0xFD7C,
0x4A24, 0x0101,
0x4A32, 0x01FF,
0x4A44, 0x0200,
0x4CD0, 0x0101,
0x4CD2, 0x0189,
0x4CD4, 0x4000,
0x4CD6, 0xFD1A,
0x4A34, 0x003F,
0x4A46, 0x0040,
0x4D70, 0x000B,
0x4D72, 0x000C,
0x4D74, 0x4000,
0x4D76, 0xFD7C,
0x4D78, 0x000B,
0x4D7A, 0x000C,
0x4D7C, 0x4000,
0x4D7E, 0xF33A,
0x4D80, 0x000B,
0x4D82, 0x000A,
0x4D84, 0x4000,
0x4D86, 0xFD8E,
0xFCFC, 0x4000,
0x0B02, 0x0102,
0x0B04, 0x0011,
0x0BE2, 0x0000,
0x0BC2, 0x0000,
0x0BC4, 0x0000,
0x021E, 0x0000,
0x0228, 0x0100,
0x0722, 0x0800,
0xBA8C, 0x0000,
0xBA90, 0x0000,
0xF33A, 0x000C,
0xFD7C, 0x000C,
0xF338, 0x0022,
0xFD7A, 0x0022,
0xF31E, 0x001C,
0xF32A, 0x001C,
0xF320, 0x001C,
0xF32C, 0x001C,
};

static u16 addr_data_pair_normal_video[] = {
0xFCFC, 0x4000,
0x6214, 0xFF7D,
0x6218, 0x0000,
0xA100, 0x2F06,
0xA102, 0x0000,
0x0344, 0x0010,
0x0348, 0x3FCF,
0x0346, 0x0010,
0x034A, 0x300F,
0x034C, 0x0FF0,
0x034E, 0x0C00,
0x0340, 0x1900,
0x0342, 0x28A0,
0x0900, 0x3244,
0x0380, 0x0004,
0x0382, 0x0004,
0x0384, 0x0004,
0x0386, 0x0004,
0x040C, 0x0000,
0x0400, 0x1010,
0x0408, 0x0100,
0x040A, 0x0100,
0x0350, 0x0000,
0x0352, 0x0000,
0x0136, 0x1800,
0x013E, 0x0000,
0x0304, 0x0003,
0x0306, 0x00FA,
0x030C, 0x0001,
0x030E, 0x0003,
0x0310, 0x008E,
0x0312, 0x0000,
0x031A, 0x0003,
0x031C, 0x002D,
0x031E, 0x0002,
0x0B08, 0x0100,
0x0202, 0x0014,
0x022C, 0x0014,
0x0226, 0x0014,
0x0702, 0x0000,
0x0704, 0x0000,
0x0112, 0x0A0A,
0x0114, 0x0301,
0x0118, 0x0004,
0x011A, 0x0001,
0x011C, 0x0101,
0x0270, 0x2B2B,
0x0272, 0x2B10,
0x0260, 0x0001,
0x0262, 0x0200,
0x0264, 0x0102,
0x0266, 0x0000,
0x0274, 0x3030,//by lipengpeng 20240715 
0x0720, 0x0001,
0x0724, 0x0000,
0x0728, 0x07F8,
0x072A, 0x0300,
0x072C, 0x01FC,
0x072E, 0x0300,
0xFCFC, 0x2001,
0x8AA0, 0x0200,
0x8B20, 0x0000,
0xFCFC, 0x2000,
0x1498, 0x0000,
0x426C, 0x8C18,
0x426E, 0x0005,
0x4270, 0xF00A,
0x4272, 0x0001,
0x4274, 0xFDC8,
0x4276, 0x80F1,
0x4278, 0xBA84,
0x427A, 0x0200,
0x427C, 0xBA86,
0x427E, 0x0200,
0x4280, 0xBA88,
0x4282, 0x0200,
0x4284, 0xBA8A,
0x4286, 0x0200,
0x4288, 0xBA00,
0x428A, 0x002A,
0x428C, 0x8DD8,
0x428E, 0xFFFF,
0x4290, 0x8DDA,
0x4292, 0xFFFF,
0x4294, 0x8DDC,
0x4296, 0xFFFF,
0x4298, 0x8DF6,
0x429A, 0x1212,
0x429C, 0x8D2A,
0x429E, 0xFFFF,
0x42A0, 0x8D2E,
0x42A2, 0xFFFF,
0x42A4, 0xE426,
0x42A6, 0x0000,
0x42A8, 0xE432,
0x42AA, 0x0014,
0x42AC, 0x0000,
0x42AE, 0x0000,
0x42B0, 0x0000,
0x42B2, 0x0000,
0x42B4, 0x0000,
0x42B6, 0x0000,
0x42B8, 0x0000,
0x42BA, 0x0000,
0x4402, 0x0001,
0x440A, 0x0008,
0x4400, 0x0000,
0x4408, 0x000E,
0x43FC, 0x000E,
0x4404, 0x0010,
0x4412, 0x0000,
0x441A, 0x0000,
0x440C, 0x0000,
0x4414, 0x0000,
0xFCFC, 0x2001,
0x8D10, 0x0000,
0x8DA6, 0x0400,
0x8DA8, 0x0400,
0x8DAA, 0x0400,
0x9802, 0x0032,
0x9804, 0x0032,
0x9806, 0x0028,
0x9808, 0x001E,
0x980A, 0x001E,
0x980C, 0x001E,
0x9812, 0x0032,
0x9814, 0x0032,
0x9816, 0x0028,
0x9818, 0x001E,
0x981A, 0x001E,
0x981C, 0x001E,
0x9822, 0x0032,
0x9824, 0x0032,
0x9826, 0x0028,
0x9828, 0x001E,
0x982A, 0x001E,
0x982C, 0x001E,
0x9832, 0x0032,
0x9834, 0x0032,
0x9836, 0x0028,
0x9838, 0x001E,
0x983A, 0x001E,
0x983C, 0x001E,
0x9842, 0x0050,
0x9844, 0x0032,
0x9846, 0x0032,
0x9848, 0x0028,
0x984A, 0x0028,
0x984C, 0x0028,
0x9852, 0x0001,
0x9854, 0x0001,
0x9856, 0x0001,
0x9858, 0x0001,
0x985A, 0x0001,
0x985C, 0x0001,
0x1638, 0x0100,
0x1656, 0x0100,
0x169C, 0x0200,
0x169E, 0x0800,
0x168A, 0x0002,
0x168C, 0x0008,
0x1690, 0x0200,
0x1692, 0x0400,
0x1694, 0x0800,
0x1FEE, 0x0001,
0x1FF0, 0x0001,
0x1FF8, 0x0001,
0x1FFA, 0x0001,
0x1FFC, 0x0001,
0x2000, 0x0001,
0x2002, 0x0001,
0x1FAE, 0x0022,
0x2006, 0x000A,
0x1FBA, 0x0000,
0x1FD6, 0x0014,
0x1FBE, 0x0001,
0x2008, 0x0000,
0x2020, 0x0001,
0x200A, 0x0000,
0x2022, 0x0001,
0x1FD8, 0x0014,
0x1FC0, 0x0001,
0x2012, 0x0000,
0x202A, 0x0001,
0x1FE0, 0x0014,
0x1FC8, 0x0001,
0x2038, 0x0000,
0x2014, 0x0042,
0x202C, 0x00D8,
0x1FE2, 0x0084,
0x1FCA, 0x00C0,
0x2016, 0x0000,
0x202E, 0x0001,
0x1FE4, 0x0014,
0x1FCC, 0x0001,
0x1FE8, 0x0014,
0x1FD0, 0x0001,
0x201A, 0x0000,
0x2032, 0x0001,
0x3656, 0x0100,
0x35EE, 0x0202,
0x35F0, 0x0101,
0x3660, 0x0040,
0x3620, 0x0100,
0x7C20, 0x0001,
0x7C2E, 0x0FF0,
0x7C30, 0x0C00,
0x07C2, 0x0C06,
0x07C4, 0x0100,
0x079E, 0x0A28,
0x3500, 0x0200,
0x34EC, 0x0000,
0x34EE, 0x0000,
0xB860, 0x0000,
0xB862, 0x0001,
0x2500, 0x0000,
0x34A0, 0x8822,
0xAEE0, 0x0000,
0xA220, 0x0000,
0xA22C, 0x0020,
0xA230, 0x0010,
0xA24A, 0x0000,
0xA38C, 0x0000,
0xA3C2, 0x0009,
0xA3C4, 0x0000,
0xA3C6, 0x0000,
0xA3D6, 0x0000,
0xA3D8, 0x0000,
0xA3E0, 0x1020,
0xA3E2, 0x0000,
0xA3E4, 0x0000,
0xA3E8, 0x0000,
0x0FC4, 0x00E4,
0x36B0, 0x0204,
0x8DF0, 0x0100,
0x84C4, 0x0001,
0x84C6, 0x0001,
0x84B2, 0x0101,
0x8C2C, 0xFFFF,
0x84B8, 0x0000,
0x84BA, 0x0000,
0x8B02, 0x0201,
0x8B04, 0x0101,
0x8B06, 0x0100,
0x8B0E, 0x0804,
0x8B10, 0x0404,
0x8B12, 0x0402,
0x235C, 0x0000,
0x237C, 0x0002,
0x23B4, 0x0000,
0x23B6, 0x0000,
0x23B8, 0x0000,
0x23BA, 0x0000,
0x1CDE, 0x0B82,
0x1CE8, 0x003A,
0x1D0C, 0x0809,
0x1E98, 0x0220,
0x0B28, 0x030F,
0x0B2A, 0x030F,
0x23C6, 0x0001,
0x2386, 0x0507,
0x35C8, 0xFF01,
0x35A0, 0x0100,
0x841A, 0x0040,
0x8426, 0x0000,
0x8438, 0x2000,
0x8486, 0x0200,
0x8488, 0x0200,
0x848A, 0x0200,
0x848C, 0x0200,
0x841E, 0x0005,
0x8420, 0x0503,
0x8414, 0x0101,
0x24CC, 0x0103,
0x8B00, 0x03FF,
0x8B0C, 0x03FF,
0x8AE6, 0x077E,
0x36B2, 0x0100,
0x3742, 0x01A0,
0x3744, 0x415F,
0x3746, 0x00C4,
0x3748, 0x30C3,
0x8B1E, 0x0000,
0x8D9C, 0x0101,
0x0792, 0x0514,
0x1D4A, 0x0003,
0x1D4C, 0x0003,
0x1D4E, 0x0003,
0x1D50, 0x0003,
0x1D52, 0x0003,
0x1D54, 0x0003,
0x1D56, 0x0003,
0x1D58, 0x0003,
0x1D5A, 0x0003,
0x1D5C, 0x0003,
0x08BC, 0x0381,
0x0912, 0x03C0,
0x2324, 0x03C0,
0x0F8A, 0x98EC,
0x0F90, 0x0189,
0x0F88, 0xA6FD,
0x0920, 0x3CC7,
0x0922, 0x7D3F,
0x092E, 0x0000,
0x233C, 0x0022,
0x2338, 0x0036,
0x233A, 0x0036,
0x0F8E, 0x2020,
0x08AC, 0x0034,
0x08B6, 0x8C40,
0x08B8, 0xAC40,
0x0822, 0x0E06,
0x0826, 0x0E06,
0x0828, 0x0606,
0x083A, 0x0206,
0x083E, 0x0206,
0x0840, 0x0606,
0x0852, 0x0202,
0x0856, 0x0202,
0x0858, 0x0202,
0x0882, 0x1313,
0x0888, 0x0A0B,
0x088A, 0x1313,
0x08A0, 0x0A13,
0x08A2, 0x1313,
0x7874, 0x0100,
0x8B30, 0x0100,
0x8B42, 0x0100,
0x8BA0, 0x0211,
0x8BE0, 0x0200,
0x8BB0, 0x0200,
0x097E, 0x0101,
0x0980, 0x0100,
0x098C, 0x0028,
0x09A2, 0x0028,
0x09B8, 0x0028,
0x1770, 0x0101,
0x1772, 0x0001,
0x24B6, 0x0002,
0x365C, 0x0106,
0x365E, 0x0000,
0x0FCA, 0x0010,
0x0FCE, 0x000A,
0x6868, 0x0001,
0x686A, 0x0004,
0x686C, 0x2024,
0x686E, 0x0000,
0x6870, 0x0000,
0x6872, 0x0000,
0x6874, 0x0000,
0x6876, 0x0000,
0x6878, 0x0000,
0x68AA, 0x0000,
0x692C, 0x0004,
0x692E, 0x2024,
0x696C, 0x090D,
0x696E, 0x292D,
0x6828, 0x0100,
0x682A, 0x0420,
0x682C, 0x2400,
0x682E, 0x0000,
0x6830, 0x0000,
0x6832, 0x0000,
0x6834, 0x0000,
0x6836, 0x0000,
0x6838, 0x0000,
0x68AC, 0x0004,
0x68AE, 0x2024,
0x68EC, 0x090D,
0x68EE, 0x292D,
0x6C1A, 0x0000,
0x6C1C, 0x0000,
0x6C1E, 0x0000,
0x6C20, 0x0000,
0x6C2A, 0x0000,
0x6C2C, 0x0000,
0x6C2E, 0x0000,
0x6C30, 0x0000,
0x6C3A, 0x0000,
0x6C3C, 0x0000,
0x6C3E, 0x0000,
0x6C40, 0x0000,
0x6C4A, 0x0000,
0x6C4C, 0x0000,
0x6C4E, 0x0000,
0x6C50, 0x0000,
0x6C22, 0x0000,
0x6C24, 0x0000,
0x6C26, 0x0000,
0x6C28, 0x0000,
0x6C32, 0x0000,
0x6C34, 0x0000,
0x6C36, 0x0000,
0x6C38, 0x0000,
0x6C42, 0x0000,
0x6C44, 0x0000,
0x6C46, 0x0000,
0x6C48, 0x0000,
0x6C52, 0x0000,
0x6C54, 0x0000,
0x6C56, 0x0000,
0x6C58, 0x0000,
0x6C5A, 0x0000,
0x6C5C, 0x0000,
0x6C5E, 0x0000,
0x6C60, 0x0000,
0x6C6A, 0x0000,
0x6C6C, 0x0000,
0x6C6E, 0x0000,
0x6C70, 0x0000,
0x6C7A, 0x0000,
0x6C7C, 0x0000,
0x6C7E, 0x0000,
0x6C80, 0x0000,
0x6C8A, 0x0000,
0x6C8C, 0x0000,
0x6C8E, 0x0000,
0x6C90, 0x0000,
0x6C62, 0x0000,
0x6C64, 0x0000,
0x6C66, 0x0000,
0x6C68, 0x0000,
0x6C72, 0x0000,
0x6C74, 0x0000,
0x6C76, 0x0000,
0x6C78, 0x0000,
0x6C82, 0x0000,
0x6C84, 0x0000,
0x6C86, 0x0000,
0x6C88, 0x0000,
0x6C92, 0x0000,
0x6C94, 0x0000,
0x6C96, 0x0000,
0x6C98, 0x0000,
0xFCFC, 0x2002,
0xE564, 0x0000,
0xE566, 0x0000,
0xE546, 0x0000,
0xE554, 0x0000,
0xE548, 0x0000,
0xE556, 0x0000,
0xE54A, 0x0000,
0xE558, 0x0000,
0xE54C, 0x0000,
0xE55A, 0x0000,
0xE54E, 0x0000,
0xE55C, 0x0000,
0xE550, 0x0000,
0xE55E, 0x0000,
0xE552, 0x0000,
0xE560, 0x0000,
0xE562, 0x0000,
0xE544, 0x007E,
0xDD34, 0x002F,
0xDD36, 0xFF01,
0xDEF8, 0x0001,
0xDEFA, 0x0001,
0xDDDA, 0x0101,
0xDD8E, 0x0100,
0xDDD2, 0xFDA2,
0xDDD4, 0xFDA0,
0xDD92, 0x0040,
0xDDA0, 0x001B,
0xDD94, 0x0080,
0xDDA2, 0x001B,
0xDD96, 0x0100,
0xDDA4, 0x0020,
0xDD98, 0x0200,
0xDDA6, 0x001B,
0xDD9A, 0x0400,
0xDDA8, 0x0028,
0xDD9C, 0x0800,
0xDDAA, 0x002E,
0xDD9E, 0x1000,
0xDDAC, 0x0033,
0xDDAE, 0x0033,
0xDD60, 0x0F01,
0xDD62, 0x0200,
0xDEFC, 0x0100,
0xDD90, 0x0088,
0xDDB0, 0x0000,
0xDDB2, 0x0000,
0xDDB4, 0x0000,
0xDDB6, 0x0000,
0xDDB8, 0x0000,
0xDDBA, 0x0000,
0xDDBC, 0x0000,
0xDDBE, 0x0000,
0xDDC0, 0x0000,
0xDDC2, 0x0000,
0xDDC4, 0x0000,
0xDDC6, 0x0000,
0xDDC8, 0x0000,
0xDDCA, 0x0000,
0xDDCC, 0x0000,
0xDDCE, 0x0000,
0xDDD0, 0x0000,
0xDDDC, 0x0101,
0xDDDE, 0x01D6,
0xDDE0, 0x0000,
0xDDE2, 0x0000,
0xDDE4, 0x0000,
0xDDE6, 0x0000,
0xDDE8, 0x0000,
0xDDEA, 0x0000,
0xDDEC, 0x0000,
0xDDEE, 0x0000,
0xDDF0, 0x0000,
0xDDF2, 0x0000,
0xDDF4, 0x0000,
0xDDF6, 0x0000,
0xDDF8, 0x0000,
0xDDFA, 0x0000,
0xDDFC, 0x0000,
0xDDFE, 0x0000,
0xDE00, 0x0000,
0xDE02, 0x0000,
0xDE04, 0x0000,
0xDE06, 0x0000,
0xDE08, 0x0000,
0xDE0A, 0x0000,
0xDE0C, 0x0000,
0xDE0E, 0x0000,
0xDE10, 0x0000,
0xDE12, 0x0000,
0xDE14, 0x0000,
0xDE16, 0x0000,
0xDE18, 0x0000,
0xDE1A, 0x0000,
0xDE1C, 0x0000,
0xDE1E, 0x0000,
0xDE20, 0x0000,
0xDE22, 0x0000,
0xDE24, 0x0000,
0xDE26, 0x0000,
0xDE28, 0x0000,
0xDE2A, 0x0000,
0xDE2C, 0x0000,
0xDE2E, 0x0000,
0xDE30, 0x0000,
0xDE32, 0x0000,
0xDE34, 0x0000,
0xDE36, 0x0000,
0xDE38, 0x0000,
0xDE3A, 0x0000,
0xDE3C, 0x0000,
0xDE3E, 0x0000,
0xDE40, 0x0000,
0xDE42, 0x0000,
0xDE44, 0x0000,
0xDE46, 0x0000,
0xDE48, 0x0000,
0xDE4A, 0x0000,
0xDE4C, 0x0000,
0xDE4E, 0x0000,
0xDE50, 0x0000,
0xDE52, 0x0000,
0xDE54, 0x0000,
0xDE56, 0x0000,
0xFCFC, 0x2000,
0x51E0, 0x0000,
0x51F4, 0x0180,
0x51F6, 0x0180,
0x4262, 0x00FF,
0x4264, 0xFFFF,
0x4266, 0xFFFF,
0x4268, 0xFFFF,
0x51DA, 0x0102,
0x1382, 0x0101,
0x51D8, 0x4040,
0x14A4, 0x0001,
0x517A, 0x0703,
0x517C, 0x0508,
0x50F2, 0x0100,
0x510A, 0x0000,
0x50F6, 0x05DC,
0x443C, 0x0001,
0x505C, 0x0000,
0x505E, 0x0005,
0x505A, 0x0001,
0x4440, 0x0001,
0x4442, 0x0101,
0x12AA, 0x0002,
0x1300, 0x0101,
0x12CA, 0x0100,
0x12D0, 0x0100,
0x4446, 0x0100,
0x1328, 0x5000,
0x1332, 0x8300,
0x1346, 0x0100,
0x518E, 0x0010,
0x51AC, 0x0144,
0x5190, 0x0004,
0x51AE, 0x0036,
0x5192, 0x0004,
0x51B0, 0x0010,
0x5194, 0x0002,
0x51B2, 0x0010,
0x5196, 0x0002,
0x51B4, 0x0010,
0x5198, 0x0004,
0x51B6, 0x0006,
0x519A, 0x0002,
0x51B8, 0x0006,
0x519C, 0x0002,
0x51BA, 0x0006,
0x519E, 0x0002,
0x51BC, 0x0010,
0x51A0, 0x0002,
0x51BE, 0x0006,
0x5226, 0x0010,
0x4A20, 0x0000,
0x4A22, 0x0001,
0x4A2A, 0x0200,
0x4A3C, 0x0200,
0x4A2E, 0x0400,
0x4A40, 0x0401,
0x4A30, 0x03FF,
0x4A42, 0x0400,
0x4A50, 0x0000,
0x4A52, 0x0000,
0x4A54, 0x0000,
0x4A56, 0x0000,
0x4A2C, 0x0200,
0x4A3E, 0x0200,
0x4AF0, 0x0000,
0x4AF2, 0x0000,
0x4AF4, 0x0000,
0x4AF6, 0x0000,
0x4B90, 0x0009,
0x4B92, 0x000A,
0x4B94, 0x4000,
0x4B96, 0xEF56,
0x4C30, 0x049B,
0x4C32, 0x0489,
0x4C34, 0x4000,
0x4C36, 0xF300,
0x53AA, 0x004B,
0x53C2, 0x004B,
0x53DA, 0x004B,
0x549A, 0x0008,
0x57CA, 0x006B,
0x57FA, 0x005E,
0x62F2, 0x0093,
0x79BA, 0x0047,
0x7B52, 0x0002,
0x65C2, 0x0010,
0x65F2, 0x0030,
0x5782, 0x002D,
0x62DA, 0x0019,
0x7A62, 0x014F,
0x54FA, 0x0008,
0x5484, 0x0008,
0x549C, 0x0008,
0x54CC, 0x0008,
0x54FC, 0x0008,
0x5664, 0x001E,
0x56F4, 0x001E,
0x5784, 0x002D,
0x57CC, 0x006B,
0x57E4, 0x006B,
0x57FC, 0x005E,
0x5814, 0x005E,
0x62DC, 0x0019,
0x62F4, 0x0093,
0x6324, 0x0093,
0x79BC, 0x0047,
0x7A4C, 0x00AF,
0x7A64, 0x00A0,
0x7B54, 0x0002,
0x548C, 0x0008,
0x54A4, 0x0008,
0x54D4, 0x0008,
0x5504, 0x0008,
0x566C, 0x001E,
0x56FC, 0x001E,
0x578C, 0x002D,
0x57D4, 0x006B,
0x57EC, 0x006B,
0x5804, 0x005E,
0x581C, 0x005E,
0x62E4, 0x0019,
0x62FC, 0x0093,
0x632C, 0x0093,
0x79C4, 0x0047,
0x7A54, 0x00AF,
0x7A6C, 0x00CB,
0x7B5C, 0x0002,
0x7B74, 0x0047,
0x56CC, 0x0023,
0x569C, 0x007D,
0x5506, 0x0028,
0x79C6, 0x0067,
0x57D6, 0x009B,
0x57EE, 0x009B,
0x5806, 0x008E,
0x581E, 0x008E,
0x62FE, 0x00B3,
0x632E, 0x00B3,
0x54A6, 0x0010,
0x54D6, 0x0022,
0x566E, 0x02E4,
0x56CE, 0x0023,
0x65CE, 0x0017,
0x65E6, 0x002E,
0x65FE, 0x0035,
0x7A6E, 0x011B,
0x7A56, 0x00CF,
0x7B76, 0x0067,
0x7B78, 0x0047,
0x5508, 0x0008,
0x79C8, 0x0047,
0x57D8, 0x006B,
0x57F0, 0x006B,
0x5808, 0x005E,
0x5820, 0x005E,
0x6300, 0x0093,
0x6330, 0x0093,
0x54A8, 0x0008,
0x54D8, 0x0008,
0x56D0, 0x0023,
0x65D0, 0x0010,
0x65E8, 0x0029,
0x6600, 0x0030,
0x550C, 0x0008,
0x56D4, 0x0023,
0x5794, 0x0069,
0x57AC, 0x0069,
0x62EC, 0x0055,
0x6304, 0x0093,
0x631C, 0x0055,
0x6334, 0x0093,
0x57DC, 0x006B,
0x57F4, 0x006B,
0x580C, 0x005E,
0x5824, 0x005E,
0x65D4, 0x0010,
0x65EC, 0x0030,
0x6604, 0x0030,
0x79CC, 0x0055,
0x79E4, 0x0055,
0x7A5C, 0x0118,
0x7A74, 0x0131,
0x7A8C, 0x0131,
0x7B7C, 0x0055,
0x1380, 0x0002,
0x5206, 0x1000,
0x1310, 0x29DE,
0x1314, 0x28FD,
0x135C, 0x20FF,
0x1444, 0x09C4,
0xFCFC, 0x2001,
0x34AA, 0x7F02,
0x3AC8, 0x0100,
0x3AEC, 0x070F,
0x3AF2, 0x0006,
0x3AD2, 0x00FF,
0x3AFE, 0x0100,
0x3AC0, 0x0010,
0x3AC2, 0x000C,
0x3AD8, 0x2009,
0x3ADA, 0x0900,
0x3B00, 0xFFF6,
0x3B02, 0xFFFE,
0x3B04, 0xFFFE,
0x3B06, 0xFFFE,
0x3B08, 0x0000,
0x3B0A, 0x0000,
0x3B0C, 0xFFFE,
0x3B0E, 0xFFFF,
0x3B10, 0xFFFD,
0x3B12, 0x0000,
0x3B14, 0xFFFF,
0x3B16, 0x0002,
0x3B18, 0x0002,
0x3B1A, 0x0001,
0x3B1C, 0x0001,
0x3B1E, 0xFFFC,
0x3B20, 0xFFF4,
0x3B22, 0xFFFB,
0x3B24, 0xFFFB,
0x3B26, 0xFFFD,
0x3B28, 0xFFFC,
0x3B2A, 0xFFFC,
0x3B2C, 0xFFFD,
0x3B2E, 0xFFFD,
0x3B30, 0xFFFB,
0x3B32, 0xFFFC,
0x3B34, 0xFFFD,
0x3B36, 0xFFFF,
0x3B38, 0x0001,
0x3B3A, 0x0000,
0x3B3C, 0x0000,
0x3B3E, 0xFFFC,
0x3B40, 0xFFF6,
0x3B42, 0xFFFE,
0x3B44, 0xFFFF,
0x3B46, 0xFFFE,
0x3B48, 0xFFFE,
0x3B4A, 0x0000,
0x3B4C, 0x0000,
0x3B4E, 0x0000,
0x3B50, 0xFFFE,
0x3B52, 0xFFFF,
0x3B54, 0x0000,
0x3B56, 0x0002,
0x3B58, 0x0002,
0x3B5A, 0x0004,
0x3B5C, 0x0002,
0x3B5E, 0xFFFE,
0x3B60, 0xFFF7,
0x3B62, 0xFFFF,
0x3B64, 0x0000,
0x3B66, 0x0002,
0x3B68, 0x0002,
0x3B6A, 0x0002,
0x3B6C, 0x0001,
0x3B6E, 0x0002,
0x3B70, 0xFFFF,
0x3B72, 0x0000,
0x3B74, 0x0002,
0x3B76, 0x0003,
0x3B78, 0x0004,
0x3B7A, 0x0006,
0x3B7C, 0x0004,
0x3B7E, 0x0000,
0x3B80, 0xFFF5,
0x3B82, 0xFFFB,
0x3B84, 0xFFFD,
0x3B86, 0xFFFE,
0x3B88, 0xFFFE,
0x3B8A, 0xFFFF,
0x3B8C, 0x0001,
0x3B8E, 0x0000,
0x3B90, 0xFFFF,
0x3B92, 0xFFFF,
0x3B94, 0x0000,
0x3B96, 0x0002,
0x3B98, 0x0001,
0x3B9A, 0x0002,
0x3B9C, 0x0002,
0x3B9E, 0xFFFD,
0x3BA0, 0xFFF6,
0x3BA2, 0xFFFD,
0x3BA4, 0x0000,
0x3BA6, 0xFFFF,
0x3BA8, 0x0001,
0x3BAA, 0x0002,
0x3BAC, 0x0001,
0x3BAE, 0x0002,
0x3BB0, 0x0001,
0x3BB2, 0x0000,
0x3BB4, 0x0001,
0x3BB6, 0x0002,
0x3BB8, 0x0003,
0x3BBA, 0x0003,
0x3BBC, 0x0003,
0x3BBE, 0xFFFE,
0x3BC0, 0xFFF4,
0x3BC2, 0xFFFB,
0x3BC4, 0xFFFD,
0x3BC6, 0xFFFF,
0x3BC8, 0x0000,
0x3BCA, 0x0000,
0x3BCC, 0x0002,
0x3BCE, 0x0001,
0x3BD0, 0xFFFF,
0x3BD2, 0x0001,
0x3BD4, 0x0000,
0x3BD6, 0x0000,
0x3BD8, 0x0001,
0x3BDA, 0x0005,
0x3BDC, 0x0003,
0x3BDE, 0xFFFE,
0x3BE0, 0xFFF3,
0x3BE2, 0xFFFB,
0x3BE4, 0xFFFC,
0x3BE6, 0xFFFE,
0x3BE8, 0xFFFD,
0x3BEA, 0xFFFE,
0x3BEC, 0x0000,
0x3BEE, 0x0000,
0x3BF0, 0xFFFF,
0x3BF2, 0x0000,
0x3BF4, 0x0001,
0x3BF6, 0x0000,
0x3BF8, 0x0003,
0x3BFA, 0x0007,
0x3BFC, 0x0005,
0x3BFE, 0xFFFF,
0x3C00, 0xFFF3,
0x3C02, 0xFFF7,
0x3C04, 0xFFFB,
0x3C06, 0xFFFB,
0x3C08, 0xFFFC,
0x3C0A, 0xFFFC,
0x3C0C, 0xFFFE,
0x3C0E, 0xFFFF,
0x3C10, 0xFFFF,
0x3C12, 0x0000,
0x3C14, 0xFFFE,
0x3C16, 0x0000,
0x3C18, 0x0002,
0x3C1A, 0x0006,
0x3C1C, 0x0005,
0x3C1E, 0x0003,
0x3C20, 0xFFF1,
0x3C22, 0xFFF9,
0x3C24, 0xFFFB,
0x3C26, 0xFFFC,
0x3C28, 0xFFFE,
0x3C2A, 0xFFFD,
0x3C2C, 0xFFFD,
0x3C2E, 0xFFFE,
0x3C30, 0xFFFE,
0x3C32, 0xFFFF,
0x3C34, 0x0000,
0x3C36, 0x0000,
0x3C38, 0x0002,
0x3C3A, 0x0007,
0x3C3C, 0x0004,
0x3C3E, 0x0000,
0x3C40, 0xFFF3,
0x3C42, 0xFFFC,
0x3C44, 0xFFFF,
0x3C46, 0xFFFF,
0x3C48, 0x0000,
0x3C4A, 0x0001,
0x3C4C, 0x0003,
0x3C4E, 0x0003,
0x3C50, 0x0004,
0x3C52, 0x0004,
0x3C54, 0x0005,
0x3C56, 0x0005,
0x3C58, 0x0008,
0x3C5A, 0x000A,
0x3C5C, 0x0008,
0x3C5E, 0x0005,
0x3C60, 0xFFF8,
0x3C62, 0x0001,
0x3C64, 0x0003,
0x3C66, 0x0006,
0x3C68, 0x0007,
0x3C6A, 0x000A,
0x3C6C, 0x0007,
0x3C6E, 0x000B,
0x3C70, 0x000B,
0x3C72, 0x000C,
0x3C74, 0x000F,
0x3C76, 0x000F,
0x3C78, 0x0010,
0x3C7A, 0x0016,
0x3C7C, 0x0014,
0x3C7E, 0x0010,
0xA56A, 0x0000,
0xAD84, 0x0101,
0xAF1A, 0x1000,
0xAF1C, 0x0000,
0xAF1E, 0x00F5,
0x1774, 0x0101,
0x16E8, 0x0002,
0x1636, 0x0000,
0x76E0, 0x0000,
0x74A0, 0x0000,
0x8AE8, 0x0000,
0x8AEA, 0x0000,
0x8AEC, 0xFFFC,
0x8AEE, 0xFFFC,
0x8AF2, 0x0000,
0x8AF4, 0x0000,
0x8AF6, 0xFFFD,
0x8AF8, 0xFFFD,
0xFCFC, 0x2000,
0x4A26, 0x0101,
0x4A36, 0x0020,
0x4A48, 0x0020,
0x4E10, 0x000C,
0x4E12, 0x000C,
0x4E14, 0x4000,
0x4E16, 0xF33A,
0x4A38, 0x0020,
0x4A4A, 0x0020,
0x4EB0, 0x000C,
0x4EB2, 0x000C,
0x4EB4, 0x4000,
0x4EB6, 0xFD7C,
0x4A24, 0x0101,
0x4A32, 0x01FF,
0x4A44, 0x0200,
0x4CD0, 0x0101,
0x4CD2, 0x0189,
0x4CD4, 0x4000,
0x4CD6, 0xFD1A,
0x4A34, 0x003F,
0x4A46, 0x0040,
0x4D70, 0x000B,
0x4D72, 0x000C,
0x4D74, 0x4000,
0x4D76, 0xFD7C,
0x4D78, 0x000B,
0x4D7A, 0x000C,
0x4D7C, 0x4000,
0x4D7E, 0xF33A,
0x4D80, 0x000B,
0x4D82, 0x000A,
0x4D84, 0x4000,
0x4D86, 0xFD8E,
0xFCFC, 0x4000,
0x0B02, 0x0102,
0x0B04, 0x0011,
0x0BE2, 0x0000,
0x0BC2, 0x0000,
0x0BC4, 0x0000,
0x021E, 0x0000,
0x0228, 0x0100,
0x0722, 0x0800,
0xBA8C, 0x0000,
0xBA90, 0x0000,
0xF33A, 0x000C,
0xFD7C, 0x000C,
0xF338, 0x0022,
0xFD7A, 0x0022,
0xF31E, 0x001C,
0xF32A, 0x001C,
0xF320, 0x001C,
0xF32C, 0x001C,
};

static u16 addr_data_pair_hs_video[] = {
//drv add by xxxx 20240709 
    0xFCFC, 0x4000,
    0x6214, 0xFF7D,
    0x6218, 0x0000,
    0xA100, 0x2F06,
    0xA102, 0x0000,
    0x0344, 0x01F0,  
    0x0348, 0x3DEF,  
    0x0346, 0x0710,  
    0x034A, 0x290F,  
    0x034C, 0x0780,  
    0x034E, 0x0438,  
    0x0340, 0x0AFC,
    0x0342, 0x1720,
    0x0900, 0x3388,  
    0x0380, 0x0008,  
    0x0382, 0x0008,  
    0x0384, 0x0008,  
    0x0386, 0x0008,  
    0x040C, 0x0000,
    0x0400, 0x1010,
    0x0408, 0x0100,
    0x040A, 0x0100,
    0x0350, 0x0000,
    0x0352, 0x0004,  
    0x0136, 0x1800,
    0x013E, 0x0000,
    0x0304, 0x0003,
    0x0306, 0x00FA,
    0x030C, 0x0001,
    0x030E, 0x0003,
    0x0310, 0x00F8,
    0x0312, 0x0001,
    0x031A, 0x0003,
    0x031C, 0x002D,
    0x031E, 0x0002,
    0x0B08, 0x0100,
    0x0202, 0x0014,
    0x022C, 0x0014,
    0x0226, 0x0014,
    0x0702, 0x0000,
    0x0704, 0x0000,
    0x0112, 0x0A0A,
    0x0114, 0x0301,
    0x0118, 0x0004,
    0x011A, 0x0001,
    0x011C, 0x0101,
    0x0270, 0x2B2B,
    0x0272, 0x2B10,
    0x0260, 0x0001,
    0x0262, 0x0200,
    0x0264, 0x0102,
    0x0266, 0x0000,
    0x0720, 0x0000,  
    0x0724, 0x0001,  
    0x0728, 0x03C0,  
    0x072A, 0x010E,  
    0x072C, 0x00F0,  
    0x072E, 0x010E,  
    0xFCFC, 0x2001,
    0x8AA0, 0x0200,
    0x8B20, 0x0100,  
    0xFCFC, 0x2000,
    0x1498, 0x0000,
    0x426C, 0x8C18,
    0x426E, 0x0005,
    0x4270, 0xF00A,
    0x4272, 0x0001,
    0x4274, 0xFDC8,
    0x4276, 0x80F1,
    0x4278, 0xBA84,
    0x427A, 0x0200,
    0x427C, 0xBA86,
    0x427E, 0x0200,
    0x4280, 0xBA88,
    0x4282, 0x0200,
    0x4284, 0xBA8A,
    0x4286, 0x0200,
    0x4288, 0xBA00,
    0x428A, 0x002A,
    0x428C, 0x8DD8,
    0x428E, 0xFFFF,
    0x4290, 0x8DDA,
    0x4292, 0xFFFF,
    0x4294, 0x8DDC,
    0x4296, 0xFFFF,
    0x4298, 0x8DF6,
    0x429A, 0x1212,
    0x429C, 0x8D2A,
    0x429E, 0xFFFF,
    0x42A0, 0x8D2E,
    0x42A2, 0xFFFF,
    0x42A4, 0xE426,
    0x42A6, 0x0000,
    0x42A8, 0xE432,
    0x42AA, 0x0014,
    0x42AC, 0x0000,
    0x42AE, 0x0000,
    0x42B0, 0x0000,
    0x42B2, 0x0000,
    0x42B4, 0x0000,
    0x42B6, 0x0000,
    0x42B8, 0x0000,
    0x42BA, 0x0000,
    0x4402, 0x0001,
    0x440A, 0x0008,
    0x4400, 0x0000,
    0x4408, 0x000E,
    0x43FC, 0x000E,
    0x4404, 0x0010,
    0x4412, 0x0000,
    0x441A, 0x0000,
    0x440C, 0x0000,
    0x4414, 0x0000,
    0xFCFC, 0x2001,
    0x8D10, 0x0000,
    0x8DA6, 0x0400,
    0x8DA8, 0x0400,
    0x8DAA, 0x0400,
    0x9802, 0x0032,
    0x9804, 0x0032,
    0x9806, 0x0028,
    0x9808, 0x001E,
    0x980A, 0x001E,
    0x980C, 0x001E,
    0x9812, 0x0032,
    0x9814, 0x0032,
    0x9816, 0x0028,
    0x9818, 0x001E,
    0x981A, 0x001E,
    0x981C, 0x001E,
    0x9822, 0x0032,
    0x9824, 0x0032,
    0x9826, 0x0028,
    0x9828, 0x001E,
    0x982A, 0x001E,
    0x982C, 0x001E,
    0x9832, 0x0032,
    0x9834, 0x0032,
    0x9836, 0x0028,
    0x9838, 0x001E,
    0x983A, 0x001E,
    0x983C, 0x001E,
    0x9842, 0x0050,
    0x9844, 0x0032,
    0x9846, 0x0032,
    0x9848, 0x0028,
    0x984A, 0x0028,
    0x984C, 0x0028,
    0x9852, 0x0001,
    0x9854, 0x0001,
    0x9856, 0x0001,
    0x9858, 0x0001,
    0x985A, 0x0001,
    0x985C, 0x0001,
    0x1638, 0x0100,
    0x1656, 0x0100,
    0x169C, 0x0200,
    0x169E, 0x0800,
    0x168A, 0x0002,
    0x168C, 0x0008,
    0x1690, 0x0200,
    0x1692, 0x0400,
    0x1694, 0x0800,
    0x1FEE, 0x0001,
    0x1FF0, 0x0001,
    0x1FF8, 0x0001,
    0x1FFA, 0x0001,
    0x1FFC, 0x0001,
    0x2000, 0x0001,
    0x2002, 0x0001,
    0x1FAE, 0x0022,
    0x2006, 0x0007,
    0x1FBA, 0x0000,
    0x1FD6, 0x0014,
    0x1FBE, 0x0001,
    0x2008, 0x0000,
    0x2020, 0x0001,
    0x200A, 0x0000,
    0x2022, 0x0001,
    0x1FD8, 0x0014,
    0x1FC0, 0x0001,
    0x2012, 0x0042,
    0x202A, 0x008D,
    0x1FE0, 0x0090,
    0x1FC8, 0x0450,
    0x2038, 0x0001,
    0x2014, 0x0000,
    0x202C, 0x0001,
    0x1FE2, 0x0014,
    0x1FCA, 0x0001,
    0x2016, 0x0000,
    0x202E, 0x0001,
    0x1FE4, 0x0014,
    0x1FCC, 0x0001,
    0x1FE8, 0x0014,
    0x1FD0, 0x0001,
    0x201A, 0x0000,
    0x2032, 0x0001,
    0x3656, 0x0100,
    0x35EE, 0x0202,
    0x35F0, 0x0101,
    0x3660, 0x0040,
    0x3620, 0x0100,
    0x7C20, 0x0001,
    0x7C2E, 0x0780,
    0x7C30, 0x0438,
    0x07C2, 0x0C05,
    0x07C4, 0x0000,
    0x079E, 0x0A28,
    0x3500, 0x0200,
    0x34EC, 0x0000,
    0x34EE, 0x0000,
    0xB860, 0x0000,
    0xB862, 0x0001,
    0x2500, 0x0000,
    0x34A0, 0x8822,
    0xAEE0, 0x0000,
    0xA220, 0x0000,
    0xA22C, 0x0C20,
    0xA230, 0x0010,
    0xA24A, 0x0000,
    0xA38C, 0x0100,
    0xA3C2, 0x0000,
    0xA3C4, 0x0000,
    0xA3C6, 0x0000,
    0xA3D6, 0x0080,
    0xA3D8, 0x0080,
    0xA3E0, 0x0080,
    0xA3E2, 0x0000,
    0xA3E4, 0x0000,
    0xA3E8, 0x0001,
    0x0FC4, 0x00E4,
    0x36B0, 0x0204,
    0x8DF0, 0x0100,
    0x84C4, 0x0004,
    0x84C6, 0x0004,
    0x84B2, 0x0000,
    0x8C2C, 0xFFFF,
    0x84B8, 0x0000,
    0x84BA, 0x0000,
    0x8B02, 0x0201,
    0x8B04, 0x0101,
    0x8B06, 0x0100,
    0x8B0E, 0x0804,
    0x8B10, 0x0404,
    0x8B12, 0x0402,
    0x235C, 0x0000,
    0x237C, 0x0002,
    0x23B4, 0x0000,
    0x23B6, 0x0000,
    0x23B8, 0x0000,
    0x23BA, 0x0000,
    0x1CDE, 0x0B82,
    0x1CE8, 0x003A,
    0x1D0C, 0x0809,
    0x1E98, 0x0220,
    0x0B28, 0x030F,
    0x0B2A, 0x030F,
    0x23C6, 0x0001,
    0x2386, 0x0507,
    0x35C8, 0xFF01,
    0x35A0, 0x0100,
    0x841A, 0x0040,
    0x8426, 0x0000,
    0x8438, 0x2000,
    0x8486, 0x0200,
    0x8488, 0x0200,
    0x848A, 0x0200,
    0x848C, 0x0200,
    0x841E, 0x0005,
    0x8420, 0x0503,
    0x8414, 0x0101,
    0x24CC, 0x0103,
    0x8B00, 0x03FF,
    0x8B0C, 0x03FF,
    0x8AE6, 0x077E,
    0x36B2, 0x0100,
    0x3742, 0x01A0,
    0x3744, 0x415F,
    0x3746, 0x00C4,
    0x3748, 0x30C3,
    0x8B1E, 0x0004,
    0x8D9C, 0x0101,
    0x0792, 0x0514,
    0x1D4A, 0x0003,
    0x1D4C, 0x0003,
    0x1D4E, 0x0003,
    0x1D50, 0x0003,
    0x1D52, 0x0003,
    0x1D54, 0x0003,
    0x1D56, 0x0003,
    0x1D58, 0x0003,
    0x1D5A, 0x0003,
    0x1D5C, 0x0003,
    0x08BC, 0x0141,
    0x0912, 0x02C0,
    0x2324, 0x02C0,
    0x0F8A, 0x98EC,
    0x0F90, 0x0100,
    0x0F88, 0xA6FD,
    0x0920, 0x3CC7,
    0x0922, 0x7D3F,
    0x092E, 0x0000,
    0x233C, 0x0022,
    0x2338, 0x0036,
    0x233A, 0x0036,
    0x0F8E, 0x2020,
    0x08AC, 0x0036,
    0x08B6, 0x8C40,
    0x08B8, 0xAC40,
    0x0822, 0x0E06,
    0x0826, 0x0E06,
    0x0828, 0x0606,
    0x083A, 0x0206,
    0x083E, 0x0206,
    0x0840, 0x0606,
    0x0852, 0x0202,
    0x0856, 0x0203,
    0x0858, 0x0202,
    0x0882, 0x1313,
    0x0888, 0x130B,
    0x088A, 0x1313,
    0x08A0, 0x1313,
    0x08A2, 0x1313,
    0x7874, 0x0100,
    0x8B30, 0x0100,
    0x8B42, 0x0100,
    0x8BA0, 0x0211,
    0x8BE0, 0x0200,
    0x8BB0, 0x0200,
    0x097E, 0x0000,
    0x0980, 0x0000,
    0x098C, 0x0000,
    0x09A2, 0x0000,
    0x09B8, 0x0000,
    0x1770, 0x0101,
    0x1772, 0x0001,
    0x24B6, 0x0002,
    0x365C, 0x0105,
    0x365E, 0x0000,
    0x0FCA, 0x0010,
    0x0FCE, 0x000A,
    0x6868, 0x0001,
    0x686A, 0x0004,
    0x686C, 0x2024,
    0x686E, 0x0000,
    0x6870, 0x0000,
    0x6872, 0x0000,
    0x6874, 0x0000,
    0x6876, 0x0000,
    0x6878, 0x0000,
    0x68AA, 0x0000,
    0x692C, 0x0004,
    0x692E, 0x2024,
    0x696C, 0x090D,
    0x696E, 0x292D,
    0x6828, 0x0100,
    0x682A, 0x0420,
    0x682C, 0x2400,
    0x682E, 0x0000,
    0x6830, 0x0000,
    0x6832, 0x0000,
    0x6834, 0x0000,
    0x6836, 0x0000,
    0x6838, 0x0000,
    0x68AC, 0x0004,
    0x68AE, 0x2024,
    0x68EC, 0x090D,
    0x68EE, 0x292D,
    0x6C1A, 0x0000,
    0x6C1C, 0x0000,
    0x6C1E, 0x0000,
    0x6C20, 0x0000,
    0x6C2A, 0x0000,
    0x6C2C, 0x0000,
    0x6C2E, 0x0000,
    0x6C30, 0x0000,
    0x6C3A, 0x0000,
    0x6C3C, 0x0000,
    0x6C3E, 0x0000,
    0x6C40, 0x0000,
    0x6C4A, 0x0000,
    0x6C4C, 0x0000,
    0x6C4E, 0x0000,
    0x6C50, 0x0000,
    0x6C22, 0x0000,
    0x6C24, 0x0000,
    0x6C26, 0x0000,
    0x6C28, 0x0000,
    0x6C32, 0x0000,
    0x6C34, 0x0000,
    0x6C36, 0x0000,
    0x6C38, 0x0000,
    0x6C42, 0x0000,
    0x6C44, 0x0000,
    0x6C46, 0x0000,
    0x6C48, 0x0000,
    0x6C52, 0x0000,
    0x6C54, 0x0000,
    0x6C56, 0x0000,
    0x6C58, 0x0000,
    0x6C5A, 0x0000,
    0x6C5C, 0x0000,
    0x6C5E, 0x0000,
    0x6C60, 0x0000,
    0x6C6A, 0x0000,
    0x6C6C, 0x0000,
    0x6C6E, 0x0000,
    0x6C70, 0x0000,
    0x6C7A, 0x0000,
    0x6C7C, 0x0000,
    0x6C7E, 0x0000,
    0x6C80, 0x0000,
    0x6C8A, 0x0000,
    0x6C8C, 0x0000,
    0x6C8E, 0x0000,
    0x6C90, 0x0000,
    0x6C62, 0x0000,
    0x6C64, 0x0000,
    0x6C66, 0x0000,
    0x6C68, 0x0000,
    0x6C72, 0x0000,
    0x6C74, 0x0000,
    0x6C76, 0x0000,
    0x6C78, 0x0000,
    0x6C82, 0x0000,
    0x6C84, 0x0000,
    0x6C86, 0x0000,
    0x6C88, 0x0000,
    0x6C92, 0x0000,
    0x6C94, 0x0000,
    0x6C96, 0x0000,
    0x6C98, 0x0000,
    0xFCFC, 0x2002,
    0xE564, 0x0000,
    0xE566, 0x0000,
    0xE546, 0x0000,
    0xE554, 0x0000,
    0xE548, 0x0000,
    0xE556, 0x0000,
    0xE54A, 0x0000,
    0xE558, 0x0000,
    0xE54C, 0x0000,
    0xE55A, 0x0000,
    0xE54E, 0x0000,
    0xE55C, 0x0000,
    0xE550, 0x0000,
    0xE55E, 0x0000,
    0xE552, 0x0000,
    0xE560, 0x0000,
    0xE562, 0x0000,
    0xE544, 0x002F,
    0xDD34, 0x03FF,
    0xDD36, 0xFF01,
    0xDEF8, 0x0001,
    0xDEFA, 0x0001,
    0xDDDA, 0x0101,
    0xDD8E, 0x0100,
    0xDDD2, 0xFDA2,
    0xDDD4, 0xFDA0,
    0xDD92, 0x0040,
    0xDDA0, 0x001B,
    0xDD94, 0x0080,
    0xDDA2, 0x001B,
    0xDD96, 0x0100,
    0xDDA4, 0x0020,
    0xDD98, 0x0200,
    0xDDA6, 0x001B,
    0xDD9A, 0x0400,
    0xDDA8, 0x0020,
    0xDD9C, 0x0800,
    0xDDAA, 0x002A,
    0xDD9E, 0x1000,
    0xDDAC, 0x002D,
    0xDDAE, 0x002D,
    0xDD60, 0x0F01,
    0xDD62, 0x0200,
    0xDEFC, 0x0000,
    0xDD90, 0x0000,
    0xDDB0, 0x0000,
    0xDDB2, 0x0000,
    0xDDB4, 0x0000,
    0xDDB6, 0x0000,
    0xDDB8, 0x0000,
    0xDDBA, 0x0000,
    0xDDBC, 0x0000,
    0xDDBE, 0x0000,
    0xDDC0, 0x0000,
    0xDDC2, 0x0000,
    0xDDC4, 0x0000,
    0xDDC6, 0x0000,
    0xDDC8, 0x0000,
    0xDDCA, 0x0000,
    0xDDCC, 0x0000,
    0xDDCE, 0x0020,
    0xDDD0, 0x0020,
    0xDDDC, 0x0101,
    0xDDDE, 0x0116,
    0xDDE0, 0x0000,
    0xDDE2, 0x0000,
    0xDDE4, 0x0000,
    0xDDE6, 0x0000,
    0xDDE8, 0x0000,
    0xDDEA, 0x0000,
    0xDDEC, 0x0000,
    0xDDEE, 0x0000,
    0xDDF0, 0x0000,
    0xDDF2, 0x0000,
    0xDDF4, 0x0000,
    0xDDF6, 0x0000,
    0xDDF8, 0x0000,
    0xDDFA, 0x0000,
    0xDDFC, 0x0000,
    0xDDFE, 0x0000,
    0xDE00, 0x0000,
    0xDE02, 0x0000,
    0xDE04, 0x0000,
    0xDE06, 0x0000,
    0xDE08, 0x0000,
    0xDE0A, 0x0000,
    0xDE0C, 0x0000,
    0xDE0E, 0x0000,
    0xDE10, 0x0000,
    0xDE12, 0x0000,
    0xDE14, 0x0000,
    0xDE16, 0x0000,
    0xDE18, 0x0000,
    0xDE1A, 0x0000,
    0xDE1C, 0x0000,
    0xDE1E, 0x0000,
    0xDE20, 0x0000,
    0xDE22, 0x0000,
    0xDE24, 0x0000,
    0xDE26, 0x0000,
    0xDE28, 0x0000,
    0xDE2A, 0x0000,
    0xDE2C, 0x0000,
    0xDE2E, 0x0000,
    0xDE30, 0x0000,
    0xDE32, 0x0000,
    0xDE34, 0x0000,
    0xDE36, 0x0000,
    0xDE38, 0x0000,
    0xDE3A, 0x0000,
    0xDE3C, 0x0000,
    0xDE3E, 0x0000,
    0xDE40, 0x0000,
    0xDE42, 0x0000,
    0xDE44, 0x0000,
    0xDE46, 0x0000,
    0xDE48, 0x0000,
    0xDE4A, 0x0000,
    0xDE4C, 0x0000,
    0xDE4E, 0x0000,
    0xDE50, 0x0000,
    0xDE52, 0x0000,
    0xDE54, 0x0000,
    0xDE56, 0x0000,
    0xFCFC, 0x2000,
    0x51E0, 0x0000,
    0x51F4, 0x0180,
    0x51F6, 0x0180,
    0x4262, 0x00FF,
    0x4264, 0xFFFF,
    0x4266, 0xFFFF,
    0x4268, 0xFFFF,
    0x51DA, 0x0102,
    0x1382, 0x0001,
    0x51D8, 0x4040,
    0x14A4, 0x0001,
    0x517A, 0x0703,
    0x517C, 0x0508,
    0x50F2, 0x0100,
    0x510A, 0x0000,
    0x50F6, 0x06DC,
    0x443C, 0x0001,
    0x505C, 0x0000,
    0x505E, 0x0005,
    0x505A, 0x0001,
    0x4440, 0x0001,
    0x4442, 0x0101,
    0x12AA, 0x0002,
    0x1300, 0x0101,
    0x12CA, 0x0100,
    0x12D0, 0x0100,
    0x4446, 0x0100,
    0x1328, 0x5000,
    0x1332, 0x8300,
    0x1346, 0x0100,
    0x518E, 0x0010,
    0x51AC, 0x0144,
    0x5190, 0x0006,
    0x51AE, 0x0036,
    0x5192, 0x0008,
    0x51B0, 0x0010,
    0x5194, 0x0004,
    0x51B2, 0x0010,
    0x5196, 0x0004,
    0x51B4, 0x0010,
    0x5198, 0x0008,
    0x51B6, 0x0006,
    0x519A, 0x0004,
    0x51B8, 0x0006,
    0x519C, 0x0004,
    0x51BA, 0x0006,
    0x519E, 0x0002,
    0x51BC, 0x0010,
    0x51A0, 0x0002,
    0x51BE, 0x0006,
    0x5226, 0x0010,
    0x4A20, 0x0100,
    0x4A22, 0x0001,
    0x4A2A, 0x0200,
    0x4A3C, 0x0201,
    0x4A2E, 0x0020,
    0x4A40, 0x0020,
    0x4A30, 0x03FF,
    0x4A42, 0x0400,
    0x4A50, 0x000F,
    0x4A52, 0x0013,
    0x4A54, 0x4000,
    0x4A56, 0xFD8E,
    0x4A2C, 0x0200,
    0x4A3E, 0x0200,
    0x4AF0, 0x0000,
    0x4AF2, 0x0000,
    0x4AF4, 0x0000,
    0x4AF6, 0x0000,
    0x4B90, 0x0000,
    0x4B92, 0x0000,
    0x4B94, 0x0000,
    0x4B96, 0x0000,
    0x4C30, 0x049B,
    0x4C32, 0x0489,
    0x4C34, 0x4000,
    0x4C36, 0xF300,
    0x53AA, 0x004B,
    0x53C2, 0x004B,
    0x53DA, 0x004B,
    0x549A, 0x0008,
    0x57CA, 0x006B,
    0x57FA, 0x005E,
    0x62F2, 0x0093,
    0x79BA, 0x0047,
    0x7B52, 0x0002,
    0x65C2, 0x0010,
    0x65F2, 0x0030,
    0x5782, 0x002D,
    0x62DA, 0x0019,
    0x7A62, 0x014F,
    0x54FA, 0x0008,
    0x5484, 0x0008,
    0x549C, 0x0008,
    0x54CC, 0x0008,
    0x54FC, 0x0008,
    0x5664, 0x001E,
    0x56F4, 0x001E,
    0x5784, 0x002D,
    0x57CC, 0x006B,
    0x57E4, 0x006B,
    0x57FC, 0x005E,
    0x5814, 0x005E,
    0x62DC, 0x0019,
    0x62F4, 0x0093,
    0x6324, 0x0093,
    0x79BC, 0x0047,
    0x7A4C, 0x00AF,
    0x7A64, 0x00A0,
    0x7B54, 0x0002,
    0x548C, 0x0008,
    0x54A4, 0x0010,
    0x54D4, 0x0022,
    0x5504, 0x0028,
    0x566C, 0x0190,
    0x56FC, 0x0190,
    0x578C, 0x002D,
    0x57D4, 0x009B,
    0x57EC, 0x009B,
    0x5804, 0x008E,
    0x581C, 0x008E,
    0x62E4, 0x0019,
    0x62FC, 0x00B3,
    0x632C, 0x00B3,
    0x79C4, 0x0057,
    0x7A54, 0x00CF,
    0x7A6C, 0x010B,
    0x7B5C, 0x0002,
    0x7B74, 0x0057,
    0x56CC, 0x0023,
    0x569C, 0x007D,
    0x5506, 0x0008,
    0x79C6, 0x0047,
    0x57D6, 0x006B,
    0x57EE, 0x006B,
    0x5806, 0x005E,
    0x581E, 0x005E,
    0x62FE, 0x0093,
    0x632E, 0x0093,
    0x54A6, 0x0008,
    0x54D6, 0x0008,
    0x566E, 0x001E,
    0x56CE, 0x0023,
    0x65CE, 0x0010,
    0x65E6, 0x0029,
    0x65FE, 0x0030,
    0x7A6E, 0x00CB,
    0x7A56, 0x00AF,
    0x7B76, 0x0047,
    0x7B78, 0x0047,
    0x5508, 0x0008,
    0x79C8, 0x0047,
    0x57D8, 0x006B,
    0x57F0, 0x006B,
    0x5808, 0x005E,
    0x5820, 0x005E,
    0x6300, 0x0093,
    0x6330, 0x0093,
    0x54A8, 0x0008,
    0x54D8, 0x0008,
    0x56D0, 0x0023,
    0x65D0, 0x0010,
    0x65E8, 0x0029,
    0x6600, 0x0030,
    0x550C, 0x0008,
    0x56D4, 0x0023,
    0x5794, 0x0069,
    0x57AC, 0x0069,
    0x62EC, 0x0055,
    0x6304, 0x0093,
    0x631C, 0x0055,
    0x6334, 0x0093,
    0x57DC, 0x006B,
    0x57F4, 0x006B,
    0x580C, 0x005E,
    0x5824, 0x005E,
    0x65D4, 0x0010,
    0x65EC, 0x0030,
    0x6604, 0x0030,
    0x79CC, 0x0055,
    0x79E4, 0x0055,
    0x7A5C, 0x0118,
    0x7A74, 0x0131,
    0x7A8C, 0x0131,
    0x7B7C, 0x0055,
    0x1380, 0x0002,
    0x5206, 0x1000,
    0x1310, 0x26DE,
    0x1314, 0x25FD,
    0x135C, 0x20FF,
    0x1444, 0x09C4,
    0xFCFC, 0x2001,
    0x34AA, 0x7F7F,
    0x3AC8, 0x0100,
    0x3AEC, 0x0608,
    0x3AF2, 0x0006,
    0x3AD2, 0x00FF,
    0x3AFE, 0x0000,
    0x3AC0, 0x0010,
    0x3AC2, 0x000C,
    0x3AD8, 0x20FF,
    0x3ADA, 0xFF00,
    0x3B00, 0x0000,
    0x3B02, 0x0000,
    0x3B04, 0x0000,
    0x3B06, 0x0000,
    0x3B08, 0x0000,
    0x3B0A, 0x0000,
    0x3B0C, 0x0000,
    0x3B0E, 0x0000,
    0x3B10, 0x0000,
    0x3B12, 0x0000,
    0x3B14, 0x0000,
    0x3B16, 0x0000,
    0x3B18, 0x0000,
    0x3B1A, 0x0000,
    0x3B1C, 0x0000,
    0x3B1E, 0x0000,
    0x3B20, 0x0000,
    0x3B22, 0x0000,
    0x3B24, 0x0000,
    0x3B26, 0x0000,
    0x3B28, 0x0000,
    0x3B2A, 0x0000,
    0x3B2C, 0x0000,
    0x3B2E, 0x0000,
    0x3B30, 0x0000,
    0x3B32, 0x0000,
    0x3B34, 0x0000,
    0x3B36, 0x0000,
    0x3B38, 0x0000,
    0x3B3A, 0x0000,
    0x3B3C, 0x0000,
    0x3B3E, 0x0000,
    0x3B40, 0x0000,
    0x3B42, 0x0000,
    0x3B44, 0x0000,
    0x3B46, 0x0000,
    0x3B48, 0x0000,
    0x3B4A, 0x0000,
    0x3B4C, 0x0000,
    0x3B4E, 0x0000,
    0x3B50, 0x0000,
    0x3B52, 0x0000,
    0x3B54, 0x0000,
    0x3B56, 0x0000,
    0x3B58, 0x0000,
    0x3B5A, 0x0000,
    0x3B5C, 0x0000,
    0x3B5E, 0x0000,
    0x3B60, 0x0000,
    0x3B62, 0x0000,
    0x3B64, 0x0000,
    0x3B66, 0x0000,
    0x3B68, 0x0000,
    0x3B6A, 0x0000,
    0x3B6C, 0x0000,
    0x3B6E, 0x0000,
    0x3B70, 0x0000,
    0x3B72, 0x0000,
    0x3B74, 0x0000,
    0x3B76, 0x0000,
    0x3B78, 0x0000,
    0x3B7A, 0x0000,
    0x3B7C, 0x0000,
    0x3B7E, 0x0000,
    0x3B80, 0x0000,
    0x3B82, 0x0000,
    0x3B84, 0x0000,
    0x3B86, 0x0000,
    0x3B88, 0x0000,
    0x3B8A, 0x0000,
    0x3B8C, 0x0000,
    0x3B8E, 0x0000,
    0x3B90, 0x0000,
    0x3B92, 0x0000,
    0x3B94, 0x0000,
    0x3B96, 0x0000,
    0x3B98, 0x0000,
    0x3B9A, 0x0000,
    0x3B9C, 0x0000,
    0x3B9E, 0x0000,
    0x3BA0, 0x0000,
    0x3BA2, 0x0000,
    0x3BA4, 0x0000,
    0x3BA6, 0x0000,
    0x3BA8, 0x0000,
    0x3BAA, 0x0000,
    0x3BAC, 0x0000,
    0x3BAE, 0x0000,
    0x3BB0, 0x0000,
    0x3BB2, 0x0000,
    0x3BB4, 0x0000,
    0x3BB6, 0x0000,
    0x3BB8, 0x0000,
    0x3BBA, 0x0000,
    0x3BBC, 0x0000,
    0x3BBE, 0x0000,
    0x3BC0, 0x0000,
    0x3BC2, 0x0000,
    0x3BC4, 0x0000,
    0x3BC6, 0x0000,
    0x3BC8, 0x0000,
    0x3BCA, 0x0000,
    0x3BCC, 0x0000,
    0x3BCE, 0x0000,
    0x3BD0, 0x0000,
    0x3BD2, 0x0000,
    0x3BD4, 0x0000,
    0x3BD6, 0x0000,
    0x3BD8, 0x0000,
    0x3BDA, 0x0000,
    0x3BDC, 0x0000,
    0x3BDE, 0x0000,
    0x3BE0, 0x0000,
    0x3BE2, 0x0000,
    0x3BE4, 0x0000,
    0x3BE6, 0x0000,
    0x3BE8, 0x0000,
    0x3BEA, 0x0000,
    0x3BEC, 0x0000,
    0x3BEE, 0x0000,
    0x3BF0, 0x0000,
    0x3BF2, 0x0000,
    0x3BF4, 0x0000,
    0x3BF6, 0x0000,
    0x3BF8, 0x0000,
    0x3BFA, 0x0000,
    0x3BFC, 0x0000,
    0x3BFE, 0x0000,
    0x3C00, 0x0000,
    0x3C02, 0x0000,
    0x3C04, 0x0000,
    0x3C06, 0x0000,
    0x3C08, 0x0000,
    0x3C0A, 0x0000,
    0x3C0C, 0x0000,
    0x3C0E, 0x0000,
    0x3C10, 0x0000,
    0x3C12, 0x0000,
    0x3C14, 0x0000,
    0x3C16, 0x0000,
    0x3C18, 0x0000,
    0x3C1A, 0x0000,
    0x3C1C, 0x0000,
    0x3C1E, 0x0000,
    0x3C20, 0x0000,
    0x3C22, 0x0000,
    0x3C24, 0x0000,
    0x3C26, 0x0000,
    0x3C28, 0x0000,
    0x3C2A, 0x0000,
    0x3C2C, 0x0000,
    0x3C2E, 0x0000,
    0x3C30, 0x0000,
    0x3C32, 0x0000,
    0x3C34, 0x0000,
    0x3C36, 0x0000,
    0x3C38, 0x0000,
    0x3C3A, 0x0000,
    0x3C3C, 0x0000,
    0x3C3E, 0x0000,
    0x3C40, 0x0000,
    0x3C42, 0x0000,
    0x3C44, 0x0000,
    0x3C46, 0x0000,
    0x3C48, 0x0000,
    0x3C4A, 0x0000,
    0x3C4C, 0x0000,
    0x3C4E, 0x0000,
    0x3C50, 0x0000,
    0x3C52, 0x0000,
    0x3C54, 0x0000,
    0x3C56, 0x0000,
    0x3C58, 0x0000,
    0x3C5A, 0x0000,
    0x3C5C, 0x0000,
    0x3C5E, 0x0000,
    0x3C60, 0x0000,
    0x3C62, 0x0000,
    0x3C64, 0x0000,
    0x3C66, 0x0000,
    0x3C68, 0x0000,
    0x3C6A, 0x0000,
    0x3C6C, 0x0000,
    0x3C6E, 0x0000,
    0x3C70, 0x0000,
    0x3C72, 0x0000,
    0x3C74, 0x0000,
    0x3C76, 0x0000,
    0x3C78, 0x0000,
    0x3C7A, 0x0000,
    0x3C7C, 0x0000,
    0x3C7E, 0x0000,
    0xA56A, 0x0000,
    0xAD84, 0x0101,
    0xAF1A, 0x1000,
    0xAF1C, 0x0000,
    0xAF1E, 0x00F5,
    0x1774, 0x0101,
    0x16E8, 0x0002,
    0x1636, 0x0000,
    0x76E0, 0x0000,
    0x74A0, 0x0000,
    0x8AE8, 0x0000,
    0x8AEA, 0x0000,
    0x8AEC, 0x0000,
    0x8AEE, 0x0000,
    0x8AF2, 0x0000,
    0x8AF4, 0x0000,
    0x8AF6, 0x0000,
    0x8AF8, 0x0000,
    0xFCFC, 0x2000,
    0x4A26, 0x0101,
    0x4A36, 0x0020,
    0x4A48, 0x0020,
    0x4E10, 0x0008,
    0x4E12, 0x0008,
    0x4E14, 0x4000,
    0x4E16, 0xF33A,
    0x4A38, 0x0020,
    0x4A4A, 0x0020,
    0x4EB0, 0x0008,
    0x4EB2, 0x0008,
    0x4EB4, 0x4000,
    0x4EB6, 0xFD7C,
    0x4A24, 0x0000,
    0x4A32, 0x0000,
    0x4A44, 0x0000,
    0x4CD0, 0x0000,
    0x4CD2, 0x0000,
    0x4CD4, 0x0000,
    0x4CD6, 0x0000,
    0x4A34, 0x0000,
    0x4A46, 0x0000,
    0x4D70, 0x0000,
    0x4D72, 0x0000,
    0x4D74, 0x0000,
    0x4D76, 0x0000,
    0x4D78, 0x0000,
    0x4D7A, 0x0000,
    0x4D7C, 0x0000,
    0x4D7E, 0x0000,
    0x4D80, 0x0000,
    0x4D82, 0x0000,
    0x4D84, 0x0000,
    0x4D86, 0x0000,
    0xFCFC, 0x4000,
    0x0B02, 0x0102,
    0x0B04, 0x0011,
    0x0BE2, 0x0000,
    0x0BC2, 0x0000,
    0x0BC4, 0x0000,
    0x021E, 0x0000,
    0x0228, 0x0100,
    0x0722, 0x0800,
    0xBA8C, 0x0000,
    0xBA90, 0x0000,
    0xF33A, 0x0008,
    0xFD7C, 0x0008,
    0xF338, 0x0022,
    0xFD7A, 0x0022,
    0xF31E, 0x0020,
    0xF32A, 0x0020,
    0xF320, 0x0020,
    0xF32C, 0x0020,
};

static u16 addr_data_pair_slim_video[] = {
//drv add by xxxx 20240709 
    0xFCFC, 0x4000,
    0x6214, 0xFF7D,
    0x6218, 0x0000,
    0xA100, 0x2F06,
    0xA102, 0x0000,
    0x0344, 0x01F0,  
    0x0348, 0x3DEF,  
    0x0346, 0x0710,  
    0x034A, 0x290F,  
    0x034C, 0x0780,  
    0x034E, 0x0438,  
    0x0340, 0x0AFC,
    0x0342, 0x1720,
    0x0900, 0x3388,  
    0x0380, 0x0008,  
    0x0382, 0x0008,  
    0x0384, 0x0008,  
    0x0386, 0x0008,  
    0x040C, 0x0000,
    0x0400, 0x1010,
    0x0408, 0x0100,
    0x040A, 0x0100,
    0x0350, 0x0000,
    0x0352, 0x0004,  
    0x0136, 0x1800,
    0x013E, 0x0000,
    0x0304, 0x0003,
    0x0306, 0x00FA,
    0x030C, 0x0001,
    0x030E, 0x0003,
    0x0310, 0x00F8,
    0x0312, 0x0001,
    0x031A, 0x0003,
    0x031C, 0x002D,
    0x031E, 0x0002,
    0x0B08, 0x0100,
    0x0202, 0x0014,
    0x022C, 0x0014,
    0x0226, 0x0014,
    0x0702, 0x0000,
    0x0704, 0x0000,
    0x0112, 0x0A0A,
    0x0114, 0x0301,
    0x0118, 0x0004,
    0x011A, 0x0001,
    0x011C, 0x0101,
    0x0270, 0x2B2B,
    0x0272, 0x2B10,
    0x0260, 0x0001,
    0x0262, 0x0200,
    0x0264, 0x0102,
    0x0266, 0x0000,
    0x0720, 0x0000,  
    0x0724, 0x0001,  
    0x0728, 0x03C0,  
    0x072A, 0x010E,  
    0x072C, 0x00F0,  
    0x072E, 0x010E,  
    0xFCFC, 0x2001,
    0x8AA0, 0x0200,
    0x8B20, 0x0100,  
    0xFCFC, 0x2000,
    0x1498, 0x0000,
    0x426C, 0x8C18,
    0x426E, 0x0005,
    0x4270, 0xF00A,
    0x4272, 0x0001,
    0x4274, 0xFDC8,
    0x4276, 0x80F1,
    0x4278, 0xBA84,
    0x427A, 0x0200,
    0x427C, 0xBA86,
    0x427E, 0x0200,
    0x4280, 0xBA88,
    0x4282, 0x0200,
    0x4284, 0xBA8A,
    0x4286, 0x0200,
    0x4288, 0xBA00,
    0x428A, 0x002A,
    0x428C, 0x8DD8,
    0x428E, 0xFFFF,
    0x4290, 0x8DDA,
    0x4292, 0xFFFF,
    0x4294, 0x8DDC,
    0x4296, 0xFFFF,
    0x4298, 0x8DF6,
    0x429A, 0x1212,
    0x429C, 0x8D2A,
    0x429E, 0xFFFF,
    0x42A0, 0x8D2E,
    0x42A2, 0xFFFF,
    0x42A4, 0xE426,
    0x42A6, 0x0000,
    0x42A8, 0xE432,
    0x42AA, 0x0014,
    0x42AC, 0x0000,
    0x42AE, 0x0000,
    0x42B0, 0x0000,
    0x42B2, 0x0000,
    0x42B4, 0x0000,
    0x42B6, 0x0000,
    0x42B8, 0x0000,
    0x42BA, 0x0000,
    0x4402, 0x0001,
    0x440A, 0x0008,
    0x4400, 0x0000,
    0x4408, 0x000E,
    0x43FC, 0x000E,
    0x4404, 0x0010,
    0x4412, 0x0000,
    0x441A, 0x0000,
    0x440C, 0x0000,
    0x4414, 0x0000,
    0xFCFC, 0x2001,
    0x8D10, 0x0000,
    0x8DA6, 0x0400,
    0x8DA8, 0x0400,
    0x8DAA, 0x0400,
    0x9802, 0x0032,
    0x9804, 0x0032,
    0x9806, 0x0028,
    0x9808, 0x001E,
    0x980A, 0x001E,
    0x980C, 0x001E,
    0x9812, 0x0032,
    0x9814, 0x0032,
    0x9816, 0x0028,
    0x9818, 0x001E,
    0x981A, 0x001E,
    0x981C, 0x001E,
    0x9822, 0x0032,
    0x9824, 0x0032,
    0x9826, 0x0028,
    0x9828, 0x001E,
    0x982A, 0x001E,
    0x982C, 0x001E,
    0x9832, 0x0032,
    0x9834, 0x0032,
    0x9836, 0x0028,
    0x9838, 0x001E,
    0x983A, 0x001E,
    0x983C, 0x001E,
    0x9842, 0x0050,
    0x9844, 0x0032,
    0x9846, 0x0032,
    0x9848, 0x0028,
    0x984A, 0x0028,
    0x984C, 0x0028,
    0x9852, 0x0001,
    0x9854, 0x0001,
    0x9856, 0x0001,
    0x9858, 0x0001,
    0x985A, 0x0001,
    0x985C, 0x0001,
    0x1638, 0x0100,
    0x1656, 0x0100,
    0x169C, 0x0200,
    0x169E, 0x0800,
    0x168A, 0x0002,
    0x168C, 0x0008,
    0x1690, 0x0200,
    0x1692, 0x0400,
    0x1694, 0x0800,
    0x1FEE, 0x0001,
    0x1FF0, 0x0001,
    0x1FF8, 0x0001,
    0x1FFA, 0x0001,
    0x1FFC, 0x0001,
    0x2000, 0x0001,
    0x2002, 0x0001,
    0x1FAE, 0x0022,
    0x2006, 0x0007,
    0x1FBA, 0x0000,
    0x1FD6, 0x0014,
    0x1FBE, 0x0001,
    0x2008, 0x0000,
    0x2020, 0x0001,
    0x200A, 0x0000,
    0x2022, 0x0001,
    0x1FD8, 0x0014,
    0x1FC0, 0x0001,
    0x2012, 0x0042,
    0x202A, 0x008D,
    0x1FE0, 0x0090,
    0x1FC8, 0x0450,
    0x2038, 0x0001,
    0x2014, 0x0000,
    0x202C, 0x0001,
    0x1FE2, 0x0014,
    0x1FCA, 0x0001,
    0x2016, 0x0000,
    0x202E, 0x0001,
    0x1FE4, 0x0014,
    0x1FCC, 0x0001,
    0x1FE8, 0x0014,
    0x1FD0, 0x0001,
    0x201A, 0x0000,
    0x2032, 0x0001,
    0x3656, 0x0100,
    0x35EE, 0x0202,
    0x35F0, 0x0101,
    0x3660, 0x0040,
    0x3620, 0x0100,
    0x7C20, 0x0001,
    0x7C2E, 0x0780,
    0x7C30, 0x0438,
    0x07C2, 0x0C05,
    0x07C4, 0x0000,
    0x079E, 0x0A28,
    0x3500, 0x0200,
    0x34EC, 0x0000,
    0x34EE, 0x0000,
    0xB860, 0x0000,
    0xB862, 0x0001,
    0x2500, 0x0000,
    0x34A0, 0x8822,
    0xAEE0, 0x0000,
    0xA220, 0x0000,
    0xA22C, 0x0C20,
    0xA230, 0x0010,
    0xA24A, 0x0000,
    0xA38C, 0x0100,
    0xA3C2, 0x0000,
    0xA3C4, 0x0000,
    0xA3C6, 0x0000,
    0xA3D6, 0x0080,
    0xA3D8, 0x0080,
    0xA3E0, 0x0080,
    0xA3E2, 0x0000,
    0xA3E4, 0x0000,
    0xA3E8, 0x0001,
    0x0FC4, 0x00E4,
    0x36B0, 0x0204,
    0x8DF0, 0x0100,
    0x84C4, 0x0004,
    0x84C6, 0x0004,
    0x84B2, 0x0000,
    0x8C2C, 0xFFFF,
    0x84B8, 0x0000,
    0x84BA, 0x0000,
    0x8B02, 0x0201,
    0x8B04, 0x0101,
    0x8B06, 0x0100,
    0x8B0E, 0x0804,
    0x8B10, 0x0404,
    0x8B12, 0x0402,
    0x235C, 0x0000,
    0x237C, 0x0002,
    0x23B4, 0x0000,
    0x23B6, 0x0000,
    0x23B8, 0x0000,
    0x23BA, 0x0000,
    0x1CDE, 0x0B82,
    0x1CE8, 0x003A,
    0x1D0C, 0x0809,
    0x1E98, 0x0220,
    0x0B28, 0x030F,
    0x0B2A, 0x030F,
    0x23C6, 0x0001,
    0x2386, 0x0507,
    0x35C8, 0xFF01,
    0x35A0, 0x0100,
    0x841A, 0x0040,
    0x8426, 0x0000,
    0x8438, 0x2000,
    0x8486, 0x0200,
    0x8488, 0x0200,
    0x848A, 0x0200,
    0x848C, 0x0200,
    0x841E, 0x0005,
    0x8420, 0x0503,
    0x8414, 0x0101,
    0x24CC, 0x0103,
    0x8B00, 0x03FF,
    0x8B0C, 0x03FF,
    0x8AE6, 0x077E,
    0x36B2, 0x0100,
    0x3742, 0x01A0,
    0x3744, 0x415F,
    0x3746, 0x00C4,
    0x3748, 0x30C3,
    0x8B1E, 0x0004,
    0x8D9C, 0x0101,
    0x0792, 0x0514,
    0x1D4A, 0x0003,
    0x1D4C, 0x0003,
    0x1D4E, 0x0003,
    0x1D50, 0x0003,
    0x1D52, 0x0003,
    0x1D54, 0x0003,
    0x1D56, 0x0003,
    0x1D58, 0x0003,
    0x1D5A, 0x0003,
    0x1D5C, 0x0003,
    0x08BC, 0x0141,
    0x0912, 0x02C0,
    0x2324, 0x02C0,
    0x0F8A, 0x98EC,
    0x0F90, 0x0100,
    0x0F88, 0xA6FD,
    0x0920, 0x3CC7,
    0x0922, 0x7D3F,
    0x092E, 0x0000,
    0x233C, 0x0022,
    0x2338, 0x0036,
    0x233A, 0x0036,
    0x0F8E, 0x2020,
    0x08AC, 0x0036,
    0x08B6, 0x8C40,
    0x08B8, 0xAC40,
    0x0822, 0x0E06,
    0x0826, 0x0E06,
    0x0828, 0x0606,
    0x083A, 0x0206,
    0x083E, 0x0206,
    0x0840, 0x0606,
    0x0852, 0x0202,
    0x0856, 0x0203,
    0x0858, 0x0202,
    0x0882, 0x1313,
    0x0888, 0x130B,
    0x088A, 0x1313,
    0x08A0, 0x1313,
    0x08A2, 0x1313,
    0x7874, 0x0100,
    0x8B30, 0x0100,
    0x8B42, 0x0100,
    0x8BA0, 0x0211,
    0x8BE0, 0x0200,
    0x8BB0, 0x0200,
    0x097E, 0x0000,
    0x0980, 0x0000,
    0x098C, 0x0000,
    0x09A2, 0x0000,
    0x09B8, 0x0000,
    0x1770, 0x0101,
    0x1772, 0x0001,
    0x24B6, 0x0002,
    0x365C, 0x0105,
    0x365E, 0x0000,
    0x0FCA, 0x0010,
    0x0FCE, 0x000A,
    0x6868, 0x0001,
    0x686A, 0x0004,
    0x686C, 0x2024,
    0x686E, 0x0000,
    0x6870, 0x0000,
    0x6872, 0x0000,
    0x6874, 0x0000,
    0x6876, 0x0000,
    0x6878, 0x0000,
    0x68AA, 0x0000,
    0x692C, 0x0004,
    0x692E, 0x2024,
    0x696C, 0x090D,
    0x696E, 0x292D,
    0x6828, 0x0100,
    0x682A, 0x0420,
    0x682C, 0x2400,
    0x682E, 0x0000,
    0x6830, 0x0000,
    0x6832, 0x0000,
    0x6834, 0x0000,
    0x6836, 0x0000,
    0x6838, 0x0000,
    0x68AC, 0x0004,
    0x68AE, 0x2024,
    0x68EC, 0x090D,
    0x68EE, 0x292D,
    0x6C1A, 0x0000,
    0x6C1C, 0x0000,
    0x6C1E, 0x0000,
    0x6C20, 0x0000,
    0x6C2A, 0x0000,
    0x6C2C, 0x0000,
    0x6C2E, 0x0000,
    0x6C30, 0x0000,
    0x6C3A, 0x0000,
    0x6C3C, 0x0000,
    0x6C3E, 0x0000,
    0x6C40, 0x0000,
    0x6C4A, 0x0000,
    0x6C4C, 0x0000,
    0x6C4E, 0x0000,
    0x6C50, 0x0000,
    0x6C22, 0x0000,
    0x6C24, 0x0000,
    0x6C26, 0x0000,
    0x6C28, 0x0000,
    0x6C32, 0x0000,
    0x6C34, 0x0000,
    0x6C36, 0x0000,
    0x6C38, 0x0000,
    0x6C42, 0x0000,
    0x6C44, 0x0000,
    0x6C46, 0x0000,
    0x6C48, 0x0000,
    0x6C52, 0x0000,
    0x6C54, 0x0000,
    0x6C56, 0x0000,
    0x6C58, 0x0000,
    0x6C5A, 0x0000,
    0x6C5C, 0x0000,
    0x6C5E, 0x0000,
    0x6C60, 0x0000,
    0x6C6A, 0x0000,
    0x6C6C, 0x0000,
    0x6C6E, 0x0000,
    0x6C70, 0x0000,
    0x6C7A, 0x0000,
    0x6C7C, 0x0000,
    0x6C7E, 0x0000,
    0x6C80, 0x0000,
    0x6C8A, 0x0000,
    0x6C8C, 0x0000,
    0x6C8E, 0x0000,
    0x6C90, 0x0000,
    0x6C62, 0x0000,
    0x6C64, 0x0000,
    0x6C66, 0x0000,
    0x6C68, 0x0000,
    0x6C72, 0x0000,
    0x6C74, 0x0000,
    0x6C76, 0x0000,
    0x6C78, 0x0000,
    0x6C82, 0x0000,
    0x6C84, 0x0000,
    0x6C86, 0x0000,
    0x6C88, 0x0000,
    0x6C92, 0x0000,
    0x6C94, 0x0000,
    0x6C96, 0x0000,
    0x6C98, 0x0000,
    0xFCFC, 0x2002,
    0xE564, 0x0000,
    0xE566, 0x0000,
    0xE546, 0x0000,
    0xE554, 0x0000,
    0xE548, 0x0000,
    0xE556, 0x0000,
    0xE54A, 0x0000,
    0xE558, 0x0000,
    0xE54C, 0x0000,
    0xE55A, 0x0000,
    0xE54E, 0x0000,
    0xE55C, 0x0000,
    0xE550, 0x0000,
    0xE55E, 0x0000,
    0xE552, 0x0000,
    0xE560, 0x0000,
    0xE562, 0x0000,
    0xE544, 0x002F,
    0xDD34, 0x03FF,
    0xDD36, 0xFF01,
    0xDEF8, 0x0001,
    0xDEFA, 0x0001,
    0xDDDA, 0x0101,
    0xDD8E, 0x0100,
    0xDDD2, 0xFDA2,
    0xDDD4, 0xFDA0,
    0xDD92, 0x0040,
    0xDDA0, 0x001B,
    0xDD94, 0x0080,
    0xDDA2, 0x001B,
    0xDD96, 0x0100,
    0xDDA4, 0x0020,
    0xDD98, 0x0200,
    0xDDA6, 0x001B,
    0xDD9A, 0x0400,
    0xDDA8, 0x0020,
    0xDD9C, 0x0800,
    0xDDAA, 0x002A,
    0xDD9E, 0x1000,
    0xDDAC, 0x002D,
    0xDDAE, 0x002D,
    0xDD60, 0x0F01,
    0xDD62, 0x0200,
    0xDEFC, 0x0000,
    0xDD90, 0x0000,
    0xDDB0, 0x0000,
    0xDDB2, 0x0000,
    0xDDB4, 0x0000,
    0xDDB6, 0x0000,
    0xDDB8, 0x0000,
    0xDDBA, 0x0000,
    0xDDBC, 0x0000,
    0xDDBE, 0x0000,
    0xDDC0, 0x0000,
    0xDDC2, 0x0000,
    0xDDC4, 0x0000,
    0xDDC6, 0x0000,
    0xDDC8, 0x0000,
    0xDDCA, 0x0000,
    0xDDCC, 0x0000,
    0xDDCE, 0x0020,
    0xDDD0, 0x0020,
    0xDDDC, 0x0101,
    0xDDDE, 0x0116,
    0xDDE0, 0x0000,
    0xDDE2, 0x0000,
    0xDDE4, 0x0000,
    0xDDE6, 0x0000,
    0xDDE8, 0x0000,
    0xDDEA, 0x0000,
    0xDDEC, 0x0000,
    0xDDEE, 0x0000,
    0xDDF0, 0x0000,
    0xDDF2, 0x0000,
    0xDDF4, 0x0000,
    0xDDF6, 0x0000,
    0xDDF8, 0x0000,
    0xDDFA, 0x0000,
    0xDDFC, 0x0000,
    0xDDFE, 0x0000,
    0xDE00, 0x0000,
    0xDE02, 0x0000,
    0xDE04, 0x0000,
    0xDE06, 0x0000,
    0xDE08, 0x0000,
    0xDE0A, 0x0000,
    0xDE0C, 0x0000,
    0xDE0E, 0x0000,
    0xDE10, 0x0000,
    0xDE12, 0x0000,
    0xDE14, 0x0000,
    0xDE16, 0x0000,
    0xDE18, 0x0000,
    0xDE1A, 0x0000,
    0xDE1C, 0x0000,
    0xDE1E, 0x0000,
    0xDE20, 0x0000,
    0xDE22, 0x0000,
    0xDE24, 0x0000,
    0xDE26, 0x0000,
    0xDE28, 0x0000,
    0xDE2A, 0x0000,
    0xDE2C, 0x0000,
    0xDE2E, 0x0000,
    0xDE30, 0x0000,
    0xDE32, 0x0000,
    0xDE34, 0x0000,
    0xDE36, 0x0000,
    0xDE38, 0x0000,
    0xDE3A, 0x0000,
    0xDE3C, 0x0000,
    0xDE3E, 0x0000,
    0xDE40, 0x0000,
    0xDE42, 0x0000,
    0xDE44, 0x0000,
    0xDE46, 0x0000,
    0xDE48, 0x0000,
    0xDE4A, 0x0000,
    0xDE4C, 0x0000,
    0xDE4E, 0x0000,
    0xDE50, 0x0000,
    0xDE52, 0x0000,
    0xDE54, 0x0000,
    0xDE56, 0x0000,
    0xFCFC, 0x2000,
    0x51E0, 0x0000,
    0x51F4, 0x0180,
    0x51F6, 0x0180,
    0x4262, 0x00FF,
    0x4264, 0xFFFF,
    0x4266, 0xFFFF,
    0x4268, 0xFFFF,
    0x51DA, 0x0102,
    0x1382, 0x0001,
    0x51D8, 0x4040,
    0x14A4, 0x0001,
    0x517A, 0x0703,
    0x517C, 0x0508,
    0x50F2, 0x0100,
    0x510A, 0x0000,
    0x50F6, 0x06DC,
    0x443C, 0x0001,
    0x505C, 0x0000,
    0x505E, 0x0005,
    0x505A, 0x0001,
    0x4440, 0x0001,
    0x4442, 0x0101,
    0x12AA, 0x0002,
    0x1300, 0x0101,
    0x12CA, 0x0100,
    0x12D0, 0x0100,
    0x4446, 0x0100,
    0x1328, 0x5000,
    0x1332, 0x8300,
    0x1346, 0x0100,
    0x518E, 0x0010,
    0x51AC, 0x0144,
    0x5190, 0x0006,
    0x51AE, 0x0036,
    0x5192, 0x0008,
    0x51B0, 0x0010,
    0x5194, 0x0004,
    0x51B2, 0x0010,
    0x5196, 0x0004,
    0x51B4, 0x0010,
    0x5198, 0x0008,
    0x51B6, 0x0006,
    0x519A, 0x0004,
    0x51B8, 0x0006,
    0x519C, 0x0004,
    0x51BA, 0x0006,
    0x519E, 0x0002,
    0x51BC, 0x0010,
    0x51A0, 0x0002,
    0x51BE, 0x0006,
    0x5226, 0x0010,
    0x4A20, 0x0100,
    0x4A22, 0x0001,
    0x4A2A, 0x0200,
    0x4A3C, 0x0201,
    0x4A2E, 0x0020,
    0x4A40, 0x0020,
    0x4A30, 0x03FF,
    0x4A42, 0x0400,
    0x4A50, 0x000F,
    0x4A52, 0x0013,
    0x4A54, 0x4000,
    0x4A56, 0xFD8E,
    0x4A2C, 0x0200,
    0x4A3E, 0x0200,
    0x4AF0, 0x0000,
    0x4AF2, 0x0000,
    0x4AF4, 0x0000,
    0x4AF6, 0x0000,
    0x4B90, 0x0000,
    0x4B92, 0x0000,
    0x4B94, 0x0000,
    0x4B96, 0x0000,
    0x4C30, 0x049B,
    0x4C32, 0x0489,
    0x4C34, 0x4000,
    0x4C36, 0xF300,
    0x53AA, 0x004B,
    0x53C2, 0x004B,
    0x53DA, 0x004B,
    0x549A, 0x0008,
    0x57CA, 0x006B,
    0x57FA, 0x005E,
    0x62F2, 0x0093,
    0x79BA, 0x0047,
    0x7B52, 0x0002,
    0x65C2, 0x0010,
    0x65F2, 0x0030,
    0x5782, 0x002D,
    0x62DA, 0x0019,
    0x7A62, 0x014F,
    0x54FA, 0x0008,
    0x5484, 0x0008,
    0x549C, 0x0008,
    0x54CC, 0x0008,
    0x54FC, 0x0008,
    0x5664, 0x001E,
    0x56F4, 0x001E,
    0x5784, 0x002D,
    0x57CC, 0x006B,
    0x57E4, 0x006B,
    0x57FC, 0x005E,
    0x5814, 0x005E,
    0x62DC, 0x0019,
    0x62F4, 0x0093,
    0x6324, 0x0093,
    0x79BC, 0x0047,
    0x7A4C, 0x00AF,
    0x7A64, 0x00A0,
    0x7B54, 0x0002,
    0x548C, 0x0008,
    0x54A4, 0x0010,
    0x54D4, 0x0022,
    0x5504, 0x0028,
    0x566C, 0x0190,
    0x56FC, 0x0190,
    0x578C, 0x002D,
    0x57D4, 0x009B,
    0x57EC, 0x009B,
    0x5804, 0x008E,
    0x581C, 0x008E,
    0x62E4, 0x0019,
    0x62FC, 0x00B3,
    0x632C, 0x00B3,
    0x79C4, 0x0057,
    0x7A54, 0x00CF,
    0x7A6C, 0x010B,
    0x7B5C, 0x0002,
    0x7B74, 0x0057,
    0x56CC, 0x0023,
    0x569C, 0x007D,
    0x5506, 0x0008,
    0x79C6, 0x0047,
    0x57D6, 0x006B,
    0x57EE, 0x006B,
    0x5806, 0x005E,
    0x581E, 0x005E,
    0x62FE, 0x0093,
    0x632E, 0x0093,
    0x54A6, 0x0008,
    0x54D6, 0x0008,
    0x566E, 0x001E,
    0x56CE, 0x0023,
    0x65CE, 0x0010,
    0x65E6, 0x0029,
    0x65FE, 0x0030,
    0x7A6E, 0x00CB,
    0x7A56, 0x00AF,
    0x7B76, 0x0047,
    0x7B78, 0x0047,
    0x5508, 0x0008,
    0x79C8, 0x0047,
    0x57D8, 0x006B,
    0x57F0, 0x006B,
    0x5808, 0x005E,
    0x5820, 0x005E,
    0x6300, 0x0093,
    0x6330, 0x0093,
    0x54A8, 0x0008,
    0x54D8, 0x0008,
    0x56D0, 0x0023,
    0x65D0, 0x0010,
    0x65E8, 0x0029,
    0x6600, 0x0030,
    0x550C, 0x0008,
    0x56D4, 0x0023,
    0x5794, 0x0069,
    0x57AC, 0x0069,
    0x62EC, 0x0055,
    0x6304, 0x0093,
    0x631C, 0x0055,
    0x6334, 0x0093,
    0x57DC, 0x006B,
    0x57F4, 0x006B,
    0x580C, 0x005E,
    0x5824, 0x005E,
    0x65D4, 0x0010,
    0x65EC, 0x0030,
    0x6604, 0x0030,
    0x79CC, 0x0055,
    0x79E4, 0x0055,
    0x7A5C, 0x0118,
    0x7A74, 0x0131,
    0x7A8C, 0x0131,
    0x7B7C, 0x0055,
    0x1380, 0x0002,
    0x5206, 0x1000,
    0x1310, 0x26DE,
    0x1314, 0x25FD,
    0x135C, 0x20FF,
    0x1444, 0x09C4,
    0xFCFC, 0x2001,
    0x34AA, 0x7F7F,
    0x3AC8, 0x0100,
    0x3AEC, 0x0608,
    0x3AF2, 0x0006,
    0x3AD2, 0x00FF,
    0x3AFE, 0x0000,
    0x3AC0, 0x0010,
    0x3AC2, 0x000C,
    0x3AD8, 0x20FF,
    0x3ADA, 0xFF00,
    0x3B00, 0x0000,
    0x3B02, 0x0000,
    0x3B04, 0x0000,
    0x3B06, 0x0000,
    0x3B08, 0x0000,
    0x3B0A, 0x0000,
    0x3B0C, 0x0000,
    0x3B0E, 0x0000,
    0x3B10, 0x0000,
    0x3B12, 0x0000,
    0x3B14, 0x0000,
    0x3B16, 0x0000,
    0x3B18, 0x0000,
    0x3B1A, 0x0000,
    0x3B1C, 0x0000,
    0x3B1E, 0x0000,
    0x3B20, 0x0000,
    0x3B22, 0x0000,
    0x3B24, 0x0000,
    0x3B26, 0x0000,
    0x3B28, 0x0000,
    0x3B2A, 0x0000,
    0x3B2C, 0x0000,
    0x3B2E, 0x0000,
    0x3B30, 0x0000,
    0x3B32, 0x0000,
    0x3B34, 0x0000,
    0x3B36, 0x0000,
    0x3B38, 0x0000,
    0x3B3A, 0x0000,
    0x3B3C, 0x0000,
    0x3B3E, 0x0000,
    0x3B40, 0x0000,
    0x3B42, 0x0000,
    0x3B44, 0x0000,
    0x3B46, 0x0000,
    0x3B48, 0x0000,
    0x3B4A, 0x0000,
    0x3B4C, 0x0000,
    0x3B4E, 0x0000,
    0x3B50, 0x0000,
    0x3B52, 0x0000,
    0x3B54, 0x0000,
    0x3B56, 0x0000,
    0x3B58, 0x0000,
    0x3B5A, 0x0000,
    0x3B5C, 0x0000,
    0x3B5E, 0x0000,
    0x3B60, 0x0000,
    0x3B62, 0x0000,
    0x3B64, 0x0000,
    0x3B66, 0x0000,
    0x3B68, 0x0000,
    0x3B6A, 0x0000,
    0x3B6C, 0x0000,
    0x3B6E, 0x0000,
    0x3B70, 0x0000,
    0x3B72, 0x0000,
    0x3B74, 0x0000,
    0x3B76, 0x0000,
    0x3B78, 0x0000,
    0x3B7A, 0x0000,
    0x3B7C, 0x0000,
    0x3B7E, 0x0000,
    0x3B80, 0x0000,
    0x3B82, 0x0000,
    0x3B84, 0x0000,
    0x3B86, 0x0000,
    0x3B88, 0x0000,
    0x3B8A, 0x0000,
    0x3B8C, 0x0000,
    0x3B8E, 0x0000,
    0x3B90, 0x0000,
    0x3B92, 0x0000,
    0x3B94, 0x0000,
    0x3B96, 0x0000,
    0x3B98, 0x0000,
    0x3B9A, 0x0000,
    0x3B9C, 0x0000,
    0x3B9E, 0x0000,
    0x3BA0, 0x0000,
    0x3BA2, 0x0000,
    0x3BA4, 0x0000,
    0x3BA6, 0x0000,
    0x3BA8, 0x0000,
    0x3BAA, 0x0000,
    0x3BAC, 0x0000,
    0x3BAE, 0x0000,
    0x3BB0, 0x0000,
    0x3BB2, 0x0000,
    0x3BB4, 0x0000,
    0x3BB6, 0x0000,
    0x3BB8, 0x0000,
    0x3BBA, 0x0000,
    0x3BBC, 0x0000,
    0x3BBE, 0x0000,
    0x3BC0, 0x0000,
    0x3BC2, 0x0000,
    0x3BC4, 0x0000,
    0x3BC6, 0x0000,
    0x3BC8, 0x0000,
    0x3BCA, 0x0000,
    0x3BCC, 0x0000,
    0x3BCE, 0x0000,
    0x3BD0, 0x0000,
    0x3BD2, 0x0000,
    0x3BD4, 0x0000,
    0x3BD6, 0x0000,
    0x3BD8, 0x0000,
    0x3BDA, 0x0000,
    0x3BDC, 0x0000,
    0x3BDE, 0x0000,
    0x3BE0, 0x0000,
    0x3BE2, 0x0000,
    0x3BE4, 0x0000,
    0x3BE6, 0x0000,
    0x3BE8, 0x0000,
    0x3BEA, 0x0000,
    0x3BEC, 0x0000,
    0x3BEE, 0x0000,
    0x3BF0, 0x0000,
    0x3BF2, 0x0000,
    0x3BF4, 0x0000,
    0x3BF6, 0x0000,
    0x3BF8, 0x0000,
    0x3BFA, 0x0000,
    0x3BFC, 0x0000,
    0x3BFE, 0x0000,
    0x3C00, 0x0000,
    0x3C02, 0x0000,
    0x3C04, 0x0000,
    0x3C06, 0x0000,
    0x3C08, 0x0000,
    0x3C0A, 0x0000,
    0x3C0C, 0x0000,
    0x3C0E, 0x0000,
    0x3C10, 0x0000,
    0x3C12, 0x0000,
    0x3C14, 0x0000,
    0x3C16, 0x0000,
    0x3C18, 0x0000,
    0x3C1A, 0x0000,
    0x3C1C, 0x0000,
    0x3C1E, 0x0000,
    0x3C20, 0x0000,
    0x3C22, 0x0000,
    0x3C24, 0x0000,
    0x3C26, 0x0000,
    0x3C28, 0x0000,
    0x3C2A, 0x0000,
    0x3C2C, 0x0000,
    0x3C2E, 0x0000,
    0x3C30, 0x0000,
    0x3C32, 0x0000,
    0x3C34, 0x0000,
    0x3C36, 0x0000,
    0x3C38, 0x0000,
    0x3C3A, 0x0000,
    0x3C3C, 0x0000,
    0x3C3E, 0x0000,
    0x3C40, 0x0000,
    0x3C42, 0x0000,
    0x3C44, 0x0000,
    0x3C46, 0x0000,
    0x3C48, 0x0000,
    0x3C4A, 0x0000,
    0x3C4C, 0x0000,
    0x3C4E, 0x0000,
    0x3C50, 0x0000,
    0x3C52, 0x0000,
    0x3C54, 0x0000,
    0x3C56, 0x0000,
    0x3C58, 0x0000,
    0x3C5A, 0x0000,
    0x3C5C, 0x0000,
    0x3C5E, 0x0000,
    0x3C60, 0x0000,
    0x3C62, 0x0000,
    0x3C64, 0x0000,
    0x3C66, 0x0000,
    0x3C68, 0x0000,
    0x3C6A, 0x0000,
    0x3C6C, 0x0000,
    0x3C6E, 0x0000,
    0x3C70, 0x0000,
    0x3C72, 0x0000,
    0x3C74, 0x0000,
    0x3C76, 0x0000,
    0x3C78, 0x0000,
    0x3C7A, 0x0000,
    0x3C7C, 0x0000,
    0x3C7E, 0x0000,
    0xA56A, 0x0000,
    0xAD84, 0x0101,
    0xAF1A, 0x1000,
    0xAF1C, 0x0000,
    0xAF1E, 0x00F5,
    0x1774, 0x0101,
    0x16E8, 0x0002,
    0x1636, 0x0000,
    0x76E0, 0x0000,
    0x74A0, 0x0000,
    0x8AE8, 0x0000,
    0x8AEA, 0x0000,
    0x8AEC, 0x0000,
    0x8AEE, 0x0000,
    0x8AF2, 0x0000,
    0x8AF4, 0x0000,
    0x8AF6, 0x0000,
    0x8AF8, 0x0000,
    0xFCFC, 0x2000,
    0x4A26, 0x0101,
    0x4A36, 0x0020,
    0x4A48, 0x0020,
    0x4E10, 0x0008,
    0x4E12, 0x0008,
    0x4E14, 0x4000,
    0x4E16, 0xF33A,
    0x4A38, 0x0020,
    0x4A4A, 0x0020,
    0x4EB0, 0x0008,
    0x4EB2, 0x0008,
    0x4EB4, 0x4000,
    0x4EB6, 0xFD7C,
    0x4A24, 0x0000,
    0x4A32, 0x0000,
    0x4A44, 0x0000,
    0x4CD0, 0x0000,
    0x4CD2, 0x0000,
    0x4CD4, 0x0000,
    0x4CD6, 0x0000,
    0x4A34, 0x0000,
    0x4A46, 0x0000,
    0x4D70, 0x0000,
    0x4D72, 0x0000,
    0x4D74, 0x0000,
    0x4D76, 0x0000,
    0x4D78, 0x0000,
    0x4D7A, 0x0000,
    0x4D7C, 0x0000,
    0x4D7E, 0x0000,
    0x4D80, 0x0000,
    0x4D82, 0x0000,
    0x4D84, 0x0000,
    0x4D86, 0x0000,
    0xFCFC, 0x4000,
    0x0B02, 0x0102,
    0x0B04, 0x0011,
    0x0BE2, 0x0000,
    0x0BC2, 0x0000,
    0x0BC4, 0x0000,
    0x021E, 0x0000,
    0x0228, 0x0100,
    0x0722, 0x0800,
    0xBA8C, 0x0000,
    0xBA90, 0x0000,
    0xF33A, 0x0008,
    0xFD7C, 0x0008,
    0xF338, 0x0022,
    0xFD7A, 0x0022,
    0xF31E, 0x0020,
    0xF32A, 0x0020,
    0xF320, 0x0020,
    0xF32C, 0x0020,
};

static u16 addr_data_pair_custom1[] = {
0xFCFC,	0x4000,
0x0B30,	0x0000,
0xFCFC,	0x4000,
0x6214,	0xFFFF,
0x6216,	0xFFFF,
0x6218,	0xFFFF,
0xA100,	0xFFFF,
0xFCFC,	0x4001,
0x0100,	0xFFFF,
0x2100,	0xFFFF,
0xFCFC,	0x4000,
0x8100,	0xFFFF,
0x621A,	0x0000,
0x621C,	0x0000,
0x6220,	0x0000,
0xA102,	0x0000,
0xFCFC,	0x4001,
0x0102,	0x0000,
0x2102,	0x0000,
0xFCFC,	0x4000,
0x8102,	0x0000,
0x0344,	0x0010,
0x0348,	0x3FCF,
0x0346,	0x03D0,
0x034A,	0x2C4F,
0x034C,	0x07F8,
0x034E,	0x0510,
0x0340,	0x0724,
0x0342,	0x2398,
0x0900,	0x3388,
0x0380,	0x0008,
0x0382,	0x0008,
0x0384,	0x0008,
0x0386,	0x0008,
0x040C,	0x0000,
0x0400,	0x1010,
0x0408,	0x0100,
0x040A,	0x0100,
0x0350,	0x0000,
0x0352,	0x0000,
0x0136,	0x1800,
0x013E,	0x0000,
0x0304,	0x0003,
0x0306,	0x00FA,
0x030C,	0x0001,
0x030E,	0x0003,
0x0310,	0x00AA,
0x0312,	0x0001,
0x031A,	0x0002,
0x031C,	0x0026,
0x031E,	0x0002,
0x0B08,	0x0100,
0x0202,	0x0014,
0x022C,	0x0014,
0x0226,	0x0014,
0x0702,	0x0000,
0x0704,	0x0000,
0x0B02,	0x0102,
0x0B04,	0x0011,
0x0BE2,	0x0000,
0x0BC2,	0x0000,
0x0BC4,	0x0000,
0x021E,	0x0000,
0x0228,	0x0100,
0x0722,	0x0800,
0x0112,	0x0A0A,
0x0114,	0x0301,
0x0118,	0x0004,
0x011A,	0x0001,
0x011C,	0x0101,
0x0270,	0x2B2B,
0x0272,	0x2B10,
0x0260,	0x0001,
0x0262,	0x0200,
0x0264,	0x0102,
0x0266,	0x0000,
0x0274,	0x3030,
0x0720,	0x0001,
0x0724,	0x0001,
0x0728,	0x03FC,
0x072A,	0x0144,
0x072C,	0x00FC,
0x072E,	0x0144,
0xFCFC,	0x2001,
0x9000,	0x0200,
0x9082,	0x0100,
0xFCFC,	0x2000,
0x14B8,	0x0000,
0x4294,	0xBA84,
0x4296,	0x0200,
0x4298,	0xBA86,
0x429A,	0x0400,
0x429C,	0xBA88,
0x429E,	0x0200,
0x42A0,	0xBA8A,
0x42A2,	0x0200,
0x42A4,	0x0000,
0x42A6,	0x0000,
0x42BC,	0xBA84,
0x42BE,	0x0200,
0x42C0,	0xBA86,
0x42C2,	0x0400,
0x42C4,	0xBA88,
0x42C6,	0x0200,
0x42C8,	0xBA8A,
0x42CA,	0x0200,
0x42CC,	0x0000,
0x42CE,	0x0000,
0x42E4,	0x0000,
0x42E6,	0x0000,
0x442A,	0x000A,
0x443A,	0x000E,
0x4428,	0x0000,
0x4438,	0x0004,
0x4424,	0x0014,
0x4434,	0x0014,
0x4432,	0x001F,
0x4442,	0x001F,
0x4430,	0x001A,
0x4440,	0x001A,
0x442C,	0x0024,
0x443C,	0x0024,
0xFCFC,	0x2001,
0x9270,	0x0000,
0x9306,	0x0400,
0x9308,	0x0400,
0x930A,	0x0400,
0x9D62,	0x0032,
0x9D64,	0x0032,
0x9D66,	0x0028,
0x9D68,	0x001E,
0x9D6A,	0x001E,
0x9D6C,	0x001E,
0x9D72,	0x0032,
0x9D74,	0x0032,
0x9D76,	0x0028,
0x9D78,	0x001E,
0x9D7A,	0x001E,
0x9D7C,	0x001E,
0x9D82,	0x0032,
0x9D84,	0x0032,
0x9D86,	0x0028,
0x9D88,	0x001E,
0x9D8A,	0x001E,
0x9D8C,	0x001E,
0x9D92,	0x0032,
0x9D94,	0x0032,
0x9D96,	0x0028,
0x9D98,	0x001E,
0x9D9A,	0x001E,
0x9D9C,	0x001E,
0x9DA2,	0x0050,
0x9DA4,	0x0032,
0x9DA6,	0x0032,
0x9DA8,	0x0028,
0x9DAA,	0x0028,
0x9DAC,	0x0028,
0x9DB2,	0x0001,
0x9DB4,	0x0001,
0x9DB6,	0x0001,
0x9DB8,	0x0001,
0x9DBA,	0x0001,
0x9DBC,	0x0001,
0x928C,	0x5C5C,
0x928E,	0x2F36,
0x9290,	0x6E68,
0x92A8,	0x0E00,
0x92B4,	0x303C,
0x9852,	0x070F,
0x9854,	0x070F,
0x9856,	0x0677,
0x9858,	0x05C3,
0x985A,	0x0534,
0x985C,	0x0534,
0x92D0,	0xFFFF,
0x92D2,	0xFFFF,
0x92D4,	0xFFFF,
0x92F4,	0xFFFF,
0x92F6,	0xFFFF,
0x92F8,	0xFFFF,
0x7DB2,	0x03FF,
0xFCFC,	0x2001,
0x94B6,	0x0258,
0x94B8,	0x0258,
0x94BA,	0x0258,
0x94BC,	0x0258,
0x94BE,	0x0258,
0x94C0,	0x0258,
0x94D2,	0x0190,
0x94D4,	0x0190,
0x94D6,	0x0190,
0x94D8,	0x0190,
0x94DA,	0x0190,
0x94DC,	0x0190,
0x94EE,	0x01F4,
0x94F0,	0x01F4,
0x94F2,	0x01F4,
0x94F4,	0x01F4,
0x94F6,	0x01F4,
0x94F8,	0x01F4,
0x9276,	0x0101,
0x9278,	0x0101,
0x927A,	0x0109,
0x92E2,	0x00BE,
0x92E4,	0x00BE,
0x92E6,	0x00BE,
0x92E8,	0x27D8,
0x92EA,	0x27D8,
0x92EC,	0x27D8,
0x988A,	0x0001,
0x988C,	0x0001,
0x988E,	0x0001,
0x9890,	0x0001,
0x9892,	0x0001,
0x9894,	0x0001,
0x9606,	0x001E,
0x9608,	0x001E,
0x960A,	0x001E,
0x960C,	0x001E,
0x960E,	0x001E,
0x9610,	0x001E,
0x9836,	0x0000,
0x9838,	0x0001,
0x983A,	0x0001,
0x983C,	0x0001,
0x983E,	0x0001,
0x9840,	0x0001,
0x1984,	0x0100,
0x19A2,	0x0100,
0x19F8,	0x0200,
0x19FA,	0x0800,
0x19E6,	0x0002,
0x19E8,	0x0008,
0x19EC,	0x0200,
0x19EE,	0x0400,
0x19F0,	0x0800,
0x231A,	0x0022,
0x2372,	0x0007,
0x2326,	0x0000,
0x2342,	0x0014,
0x232A,	0x0001,
0x2374,	0x0000,
0x238C,	0x0001,
0x2376,	0x0000,
0x238E,	0x0001,
0x2344,	0x0014,
0x232C,	0x0001,
0x237E,	0x0032,
0x2396,	0x008D,
0x234C,	0x0090,
0x2334,	0x02D8,
0x23A4,	0x0001,
0x2380,	0x0000,
0x2398,	0x0001,
0x234E,	0x0014,
0x2336,	0x0001,
0x2382,	0x0000,
0x239A,	0x0001,
0x2350,	0x0014,
0x2338,	0x0001,
0x2354,	0x0014,
0x233C,	0x0001,
0x2386,	0x0000,
0x239E,	0x0001,
0x3B22,	0x0100,
0x3A9E,	0x0202,
0x3AA0,	0x0101,
0x3B2C,	0x0040,
0x3AD4,	0x0101,
0x3AE6,	0x0000,
0x3AF2,	0x0014,
0x8180,	0x0001,
0x818E,	0x07F8,
0x8190,	0x0510,
0x0AF2,	0x0C05,
0x0AF4,	0x0000,
0x0ACE,	0x0A28,
0x39B0,	0x0200,
0x399C,	0x0000,
0x399E,	0x0000,
0xBDC0,	0x0000,
0xBDC2,	0x0001,
0x2950,	0x0000,
0x3950,	0x8822,
0xB440,	0x0000,
0xA780,	0x0000,
0xA78C,	0x0C20,
0xA790,	0x0010,
0xA7AA,	0x0000,
0xA8EC,	0x0100,
0xA922,	0x0000,
0xA924,	0x0000,
0xA926,	0x0000,
0xA936,	0x0080,
0xA938,	0x0080,
0xA940,	0x0080,
0xA942,	0x0000,
0xA944,	0x0000,
0xA948,	0x0001,
0x1310,	0x00E4,
0x3BB0,	0x0204,
0x9350,	0x0100,
0x8A24,	0x0004,
0x8A26,	0x0004,
0x8A12,	0x0000,
0x918C,	0xFFFF,
0x8A18,	0x0000,
0x8A1A,	0x0000,
0x26FC,	0x0000,
0x271C,	0x0002,
0x204A,	0x0B82,
0x2052,	0x0072,
0x2054,	0x003A,
0x2078,	0x0809,
0x2204,	0x0220,
0x0E74,	0x030F,
0x0E76,	0x030F,
0x2726,	0x0507,
0x3A78,	0xFF01,
0x3A50,	0x0100,
0x897A,	0x0040,
0x8986,	0x0100,
0x898A,	0x2100,
0x899C,	0x2000,
0x89EA,	0x0200,
0x89EC,	0x0200,
0x89EE,	0x0200,
0x89F0,	0x0200,
0x897E,	0x0005,
0x8980,	0x0503,
0x8974,	0x0101,
0x291E,	0x0103,
0x9062,	0x03FF,
0x906E,	0x03FF,
0x9046,	0x077E,
0x3BB2,	0x0100,
0x3C42,	0x01A0,
0x3C44,	0x415F,
0x3C46,	0x00C4,
0x3C48,	0x30C3,
0x9080,	0x0000,
0x92FC,	0x0101,
0x0AC2,	0x0514,
0x20B6,	0x0003,
0x20B8,	0x0003,
0x20BA,	0x0003,
0x20BC,	0x0003,
0x20BE,	0x0003,
0x20C0,	0x0003,
0x20C2,	0x0003,
0x20C4,	0x0003,
0x20C6,	0x0003,
0x20C8,	0x0003,
0x0BEC,	0x0381,
0x0C42,	0x02C0,
0x2690,	0x02C0,
0x12D6,	0x996C,
0x12D8,	0xA4C2,
0x12DC,	0x0100,
0x12D4,	0xA6FD,
0x0C50,	0x3CC7,
0x0C52,	0x7D3F,
0x0C5E,	0x0000,
0x26A8,	0x0022,
0x26A4,	0x0036,
0x26A6,	0x0036,
0x12DA,	0x2020,
0x0D14,	0x80F1,
0x0BDC,	0x0036,
0x0BE6,	0x8C40,
0x0BE8,	0xAC40,
0x0B52,	0x0E06,
0x0B56,	0x0E06,
0x0B58,	0x0606,
0x0B6A,	0x0206,
0x0B6E,	0x0206,
0x0B70,	0x0606,
0x0B82,	0x0202,
0x0B86,	0x0202,
0x0B88,	0x0202,
0x0BB2,	0x1313,
0x0BB6,	0x1313,
0x0BB8,	0x130B,
0x0BBA,	0x1313,
0x0BCE,	0x1313,
0x0BD0,	0x1313,
0x0BD2,	0x1313,
0x7DD4,	0x0100,
0x9090,	0x0100,
0x90A2,	0x0100,
0x9100,	0x0211,
0x9140,	0x0200,
0x9110,	0x0200,
0x0CC0,	0x0000,
0x0CC2,	0x0000,
0x0CCE,	0x0000,
0x0CE4,	0x0000,
0x0CFA,	0x0000,
0x1AD4,	0x0101,
0x1AD6,	0x0001,
0x2866,	0x0002,
0x3B28,	0x0105,
0x3B2A,	0x0000,
0x1316,	0x0010,
0x131A,	0x000A,
0x6DB2,	0x0100,
0x6DB4,	0x0420,
0x6DB6,	0x2400,
0x6DB8,	0x0000,
0x6DBA,	0x0000,
0x6DBC,	0x0000,
0x6DBE,	0x0000,
0x6DC0,	0x0000,
0x6DC2,	0x0000,
0x6DF2,	0x0000,
0x6DF4,	0x0000,
0x6E74,	0x0000,
0x6E76,	0x0420,
0x6E78,	0x2400,
0x6EB4,	0x0009,
0x6EB6,	0x0D29,
0x6EB8,	0x2D00,
0x6D70,	0x0001,
0x6D72,	0x0004,
0x6D74,	0x2024,
0x6D76,	0x0000,
0x6D78,	0x0000,
0x6D7A,	0x0000,
0x6D7C,	0x0000,
0x6D7E,	0x0000,
0x6D80,	0x0000,
0x6DF6,	0x0420,
0x6DF8,	0x2400,
0x6E34,	0x0009,
0x6E36,	0x0D29,
0x6E38,	0x2D00,
0x7162,	0x0000,
0x7164,	0x0000,
0x7166,	0x0000,
0x7168,	0x0000,
0x7172,	0x0000,
0x7174,	0x0000,
0x7176,	0x0000,
0x7178,	0x0000,
0x7182,	0x0000,
0x7184,	0x0000,
0x7186,	0x0000,
0x7188,	0x0000,
0x7192,	0x0000,
0x7194,	0x0000,
0x7196,	0x0000,
0x7198,	0x0000,
0x716A,	0x0000,
0x716C,	0x0000,
0x716E,	0x0000,
0x7170,	0x0000,
0x717A,	0x0000,
0x717C,	0x0000,
0x717E,	0x0000,
0x7180,	0x0000,
0x718A,	0x0000,
0x718C,	0x0000,
0x718E,	0x0000,
0x7190,	0x0000,
0x719A,	0x0000,
0x719C,	0x0000,
0x719E,	0x0000,
0x71A0,	0x0000,
0x71A2,	0x0000,
0x71A4,	0x0000,
0x71A6,	0x0000,
0x71A8,	0x0000,
0x71B2,	0x0000,
0x71B4,	0x0000,
0x71B6,	0x0000,
0x71B8,	0x0000,
0x71C2,	0x0000,
0x71C4,	0x0000,
0x71C6,	0x0000,
0x71C8,	0x0000,
0x71D2,	0x0000,
0x71D4,	0x0000,
0x71D6,	0x0000,
0x71D8,	0x0000,
0x71AA,	0x0000,
0x71AC,	0x0000,
0x71AE,	0x0000,
0x71B0,	0x0000,
0x71BA,	0x0000,
0x71BC,	0x0000,
0x71BE,	0x0000,
0x71C0,	0x0000,
0x71CA,	0x0000,
0x71CC,	0x0000,
0x71CE,	0x0000,
0x71D0,	0x0000,
0x71DA,	0x0000,
0x71DC,	0x0000,
0x71DE,	0x0000,
0x71E0,	0x0000,
0xB2F8,	0x0000,
0xB2FA,	0x0320,
0xB2FE,	0x0000,
0xB300,	0x0001,
0xB302,	0x0002,
0xB304,	0x0004,
0xB306,	0x0006,
0xB308,	0x0008,
0xB30A,	0x000A,
0xB30C,	0x000C,
0xB30E,	0x000F,
0xB310,	0x0012,
0xB312,	0x0016,
0xB314,	0x0021,
0xB316,	0x005A,
0xB318,	0x00C0,
0xB31A,	0x00F0,
0xB31C,	0x011C,
0xB31E,	0x0120,
0xB320,	0x0130,
0xB322,	0x02C0,
0xB324,	0x0320,
0xB326,	0x08C0,
0xB328,	0x16C0,
0xB32A,	0x3200,
0xB32C,	0x3FF0,
0xB32E,	0xFFFF,
0xB330,	0xFFFF,
0xB332,	0xFFFF,
0xB334,	0xFFFF,
0xB336,	0xFFFF,
0xB338,	0xFFFF,
0xB33A,	0xFFFF,
0xB33C,	0xFFFF,
0xB33E,	0x1263,
0xB340,	0x1263,
0xB342,	0x1252,
0xB344,	0x1231,
0xB346,	0x1211,
0xB348,	0x11F0,
0xB34A,	0x11CF,
0xB34C,	0x11AF,
0xB34E,	0x1180,
0xB350,	0x1165,
0xB352,	0x1140,
0xB354,	0x10FB,
0xB356,	0x1091,
0xB358,	0x1071,
0xB35A,	0x1063,
0xB35C,	0x1056,
0xB35E,	0x1055,
0xB360,	0x1052,
0xB362,	0x102C,
0xB364,	0x1028,
0xB366,	0x1012,
0xB368,	0x1001,
0xB36A,	0x1000,
0xB36C,	0x1000,
0xB36E,	0x1000,
0xB370,	0x1000,
0xB372,	0x1000,
0xB374,	0x1000,
0xB376,	0x1000,
0xB378,	0x1000,
0xB37A,	0x1000,
0xB37C,	0x1000,
0xB37E,	0x0D00,
0xB390,	0x1301,
0xB3E8,	0x1301,
0xFCFC,	0x2002,
0xA03E,	0x03FF,
0xA04A,	0x0000,
0xA08A,	0x0000,
0xA08C,	0x0000,
0xA08E,	0x007D,
0xA090,	0x007D,
0xA092,	0x007D,
0xA094,	0x007D,
0xA096,	0x007D,
0xA040,	0x0102,
0xFCFC,	0x2000,
0x4490,	0x0000,
0x4492,	0x0065,
0x5510,	0x0000,
0x5524,	0x0180,
0x5526,	0x0180,
0x428A,	0x00FF,
0x428C,	0xFFFF,
0x428E,	0xFFFF,
0x4290,	0xFFFF,
0x550A,	0x0102,
0x13A2,	0x0001,
0x5508,	0x4040,
0x54AA,	0x0703,
0x54AC,	0x0508,
0x5426,	0x0100,
0x543E,	0x0000,
0x542A,	0x05DC,
0x538C,	0x0000,
0x538E,	0x0000,
0x538A,	0x0001,
0x4482,	0x0101,
0x4484,	0x0100,
0x12CA,	0x0002,
0x1320,	0x0101,
0x12EA,	0x0100,
0x12F0,	0x0100,
0x4486,	0x0001,
0x448A,	0x0100,
0x448C,	0x0101,
0x1348,	0x5000,
0x1352,	0x8300,
0x1366,	0x0100,
0x54BE,	0x0010,
0x54DC,	0x0144,
0x54C0,	0x0006,
0x54DE,	0x0036,
0x54C2,	0x0008,
0x54E0,	0x0010,
0x54C4,	0x0004,
0x54E2,	0x0016,
0x54C6,	0x0004,
0x54E4,	0x0010,
0x54C8,	0x0008,
0x54E6,	0x0006,
0x54CA,	0x0004,
0x54E8,	0x0006,
0x54CC,	0x0004,
0x54EA,	0x0006,
0x54CE,	0x0002,
0x54EC,	0x0010,
0x54D0,	0x0002,
0x54EE,	0x0006,
0x5556,	0x0010,
0x4BDC,	0x0100,
0x4BDE,	0x0001,
0x4BE6,	0x0200,
0x4BF8,	0x0201,
0x4BEA,	0x0020,
0x4BFC,	0x0020,
0x4BEC,	0x03FF,
0x4BFE,	0x0400,
0x4D74,	0x000F,
0x4D76,	0x0013,
0x4D78,	0x4000,
0x4D7A,	0xFD8E,
0x4BE8,	0x0200,
0x4BFA,	0x0200,
0x4E14,	0x0000,
0x4E16,	0x0000,
0x4E18,	0x0000,
0x4E1A,	0x0000,
0x4EB4,	0x0000,
0x4EB6,	0x0000,
0x4EB8,	0x0000,
0x4EBA,	0x0000,
0x4F54,	0x049B,
0x4F56,	0x0489,
0x4F58,	0x4000,
0x4F5A,	0xF300,
0x56DA,	0x004B,
0x56F2,	0x004B,
0x570A,	0x004B,
0x57CA,	0x0008,
0x5AFA,	0x006B,
0x5B2A,	0x005E,
0x6622,	0x0093,
0x7CEA,	0x0047,
0x7E82,	0x0002,
0x68F2,	0x0010,
0x6922,	0x0030,
0x5AB2,	0x002D,
0x660A,	0x0019,
0x7D92,	0x014F,
0x582A,	0x0008,
0x57B4,	0x0008,
0x57CC,	0x0008,
0x57FC,	0x0008,
0x582C,	0x0008,
0x5994,	0x001E,
0x5A24,	0x001E,
0x5AB4,	0x002D,
0x5AFC,	0x006B,
0x5B14,	0x006B,
0x5B2C,	0x005E,
0x5B44,	0x005E,
0x660C,	0x0019,
0x6624,	0x0093,
0x6654,	0x0093,
0x7CEC,	0x0047,
0x7D7C,	0x00AF,
0x7D94,	0x00A0,
0x7E84,	0x0002,
0x57BC,	0x0008,
0x57D4,	0x0010,
0x5804,	0x0022,
0x5834,	0x0028,
0x599C,	0x0190,
0x5A2C,	0x0190,
0x5ABC,	0x002D,
0x5B04,	0x009B,
0x5B1C,	0x009B,
0x5B34,	0x008E,
0x5B4C,	0x008E,
0x6614,	0x0019,
0x662C,	0x00B3,
0x665C,	0x00B3,
0x68FC,	0x0010,
0x6914,	0x0029,
0x692C,	0x0030,
0x7CF4,	0x0057,
0x7D84,	0x00CF,
0x7D9C,	0x010B,
0x7E8C,	0x0002,
0x7EA4,	0x0057,
0x59FC,	0x0023,
0x59CC,	0x007D,
0x56E6,	0x004B,
0x56FE,	0x004B,
0x5716,	0x004B,
0x5836,	0x0008,
0x7CF6,	0x0047,
0x5B06,	0x006B,
0x5B1E,	0x006B,
0x5B36,	0x005E,
0x5B4E,	0x005E,
0x662E,	0x0093,
0x665E,	0x0093,
0x57D6,	0x0008,
0x5806,	0x0008,
0x599E,	0x001E,
0x59FE,	0x0023,
0x68FE,	0x0010,
0x6916,	0x0029,
0x692E,	0x0030,
0x7D9E,	0x00CB,
0x7D86,	0x00AF,
0x7EA6,	0x0047,
0x7EA8,	0x0047,
0x5838,	0x0008,
0x7CF8,	0x0047,
0x5B08,	0x006B,
0x5B20,	0x006B,
0x5B38,	0x005E,
0x5B50,	0x005E,
0x6630,	0x0093,
0x6660,	0x0093,
0x57D8,	0x0008,
0x5808,	0x0008,
0x5A00,	0x0023,
0x6900,	0x0010,
0x6918,	0x0029,
0x6930,	0x0030,
0x583C,	0x0008,
0x5A04,	0x0023,
0x5AC4,	0x0069,
0x5ADC,	0x0069,
0x661C,	0x0055,
0x6634,	0x0093,
0x664C,	0x0055,
0x6664,	0x0093,
0x5B0C,	0x006B,
0x5B24,	0x006B,
0x5B3C,	0x005E,
0x5B54,	0x005E,
0x6904,	0x0010,
0x691C,	0x0030,
0x6934,	0x0030,
0x7CFC,	0x0055,
0x7D14,	0x0055,
0x7D8C,	0x0118,
0x7DA4,	0x0131,
0x7DBC,	0x0131,
0x7EAC,	0x0055,
0x13A0,	0x0002,
0x5536,	0x1000,
0x1330,	0x29DE,
0x1334,	0x28FD,
0x137E,	0x20FF,
0x1464,	0x09C4,
0xFCFC,	0x2001,
0x26AA,	0x0000,
0x136A,	0x0043,
0x1372,	0x3308,
0x395A,	0x7F02,
0x3FD8,	0x0100,
0x4C3C,	0x0000,
0x3FEC,	0x0400,
0x3FFE,	0x0608,
0x4004,	0x0006,
0x3FE2,	0x00FF,
0x4010,	0x0000,
0x3FD0,	0x0010,
0x3FD2,	0x000C,
0x3FE8,	0x20FF,
0x3FEA,	0xFF00,
0xAACA,	0x0000,
0xB2E4,	0x0101,
0xB47A,	0x1000,
0xB47C,	0x0000,
0xB47E,	0x00F5,
0x1AD8,	0x0101,
0x1A4C,	0x0002,
0x1982,	0x0000,
0x7C30,	0x0000,
0x7C34,	0x0001,
0x7C36,	0xB308,
0x291A,	0x0000,
0x79F0,	0x0000,
0x9048,	0x0000,
0x904A,	0x0000,
0x904C,	0x0000,
0x904E,	0x0000,
0x9050,	0x0000,
0x9054,	0x0000,
0x9056,	0x0000,
0x9058,	0x0000,
0x905A,	0x0000,
0x0C14,	0x0000,
0x0C16,	0x0000,
0x0C18,	0x0000,
0x0C1A,	0x0000,
0xFCFC,	0x2000,
0x4BE2,	0x0000,
0x4BF4,	0x0200,
0x4C06,	0x0200,
0x51D4,	0x0000,
0x51D6,	0x0000,
0x51D8,	0x0000,
0x51DA,	0x0000,
0x51DC,	0x0000,
0x51DE,	0x0000,
0x51E0,	0x0000,
0x51E2,	0x0000,
0x4BE0,	0x0000,
0x4BEE,	0x0000,
0x4C00,	0x0000,
0x4FF4,	0x0000,
0x4FF6,	0x0000,
0x4FF8,	0x0000,
0x4FFA,	0x0000,
0x4BF0,	0x0000,
0x4C02,	0x0000,
0x5094,	0x0000,
0x5096,	0x0000,
0x5098,	0x0000,
0x509A,	0x0000,
0x509C,	0x0000,
0x509E,	0x0000,
0x50A0,	0x0000,
0x50A2,	0x0000,
0x50A4,	0x0000,
0x50A6,	0x0000,
0x50A8,	0x0000,
0x50AA,	0x0000,
0x50AC,	0x0000,
0x50AE,	0x0000,
0x50B0,	0x0000,
0x50B2,	0x0000,
0xFCFC,	0x4000,
0xBA8C,	0x0000,
0xBA90,	0x0000,
0xFEFA,	0x0000,
0xFEFC,	0x0000,
0xF33A,	0x0008,
0xFD7C,	0x0008,
0xF338,	0x0022,
0xFD7A,	0x0022,
0xF31E,	0x0020,
0xF32A,	0x0020,
0xF320,	0x0020,
0xF32C,	0x0020,
0xFCFC,	0x2001,
0x0C04,	0x2E28,
0x0C0A,	0x2E28,
0x19E4,	0x0001,
0x7C48,	0x03C0,
0x2872,	0x0000,
0x26B2,	0xFDA2,
0x26B4,	0xFDA0,
0x26B6,	0x0040,
0x26C4,	0x001B,
0x26B8,	0x0080,
0x26C6,	0x001B,
0x26BA,	0x0100,
0x26C8,	0x0020,
0x26BC,	0x0200,
0x26CA,	0x001B,
0x26BE,	0x0400,
0x26CC,	0x0020,
0x26C0,	0x0800,
0x26CE,	0x002A,
0x26C2,	0x1000,
0x26D0,	0x002D,
0x26D2,	0x002D,
0x26B0,	0x0100,
0x2874,	0x0000,
0x2876,	0x0000,
0x2878,	0x0000,
0x287A,	0x0000,
0x287C,	0x0000,
0x287E,	0x0000,
0x2880,	0x0000,
0x2882,	0x0000,
0x2886,	0x0000,
0x2888,	0x0000,
0x288A,	0x0000,
0x288C,	0x0000,
0x288E,	0x0000,
0x2890,	0x0000,
0x2892,	0x0000,
0x2894,	0x0000,
0x2898,	0x0000,
0x289A,	0x0000,
0x289C,	0x0000,
0x289E,	0x0000,
0x28A0,	0x0000,
0x28A2,	0x0000,
0x28A4,	0x0000,
0x28A6,	0x0000,
0x28CE,	0x0000,
0x28D0,	0x0000,
0x28D2,	0x0000,
0x28D4,	0x0000,
0x28D6,	0x0000,
0x28D8,	0x0000,
0x28DA,	0x0000,
0x28DC,	0x0000,
0x28AA,	0x0000,
0x28BC,	0x0000,
0x28AC,	0x0000,
0x28BE,	0x0000,
0x28AE,	0x0000,
0x28C0,	0x0000,
0x28B0,	0x0000,
0x28C2,	0x0000,
0x28B2,	0x0000,
0x28C4,	0x0000,
0x28B4,	0x0000,
0x28C6,	0x0000,
0x28B6,	0x0000,
0x28C8,	0x0000,
0x28B8,	0x0000,
0x28CA,	0x0000,
0xFCFC,	0x2000,
0x1300,	0x0001,
0xFCFC,	0x2002,
0xA044,	0x0001,
0xA046,	0x0101,
0xABFC,	0x0000,
0xAC06,	0x0001,
0xFCFC,	0x4001,
0x0606,	0x0024,
0x0608,	0x0014,
0x060A,	0x0034,
0xFCFC,	0x4000,
0x020C,	0x0000,
};

//LN2
static u16 addr_data_pair_custom2[] = {
0xFCFC,	0x4000,
0x0B30,	0x0000,
0xFCFC,	0x4000,
0x6214,	0xFFFF,
0x6216,	0xFFFF,
0x6218,	0xFFFF,
0xA100,	0xFFFF,
0xFCFC,	0x4001,
0x0100,	0xFFFF,
0x2100,	0xFFFF,
0xFCFC,	0x4000,
0x8100,	0xFFFF,
0x621A,	0x0000,
0x621C,	0x0000,
0x6220,	0x0000,
0xA102,	0x0000,
0xFCFC,	0x4001,
0x0102,	0x0000,
0x2102,	0x0000,
0xFCFC,	0x4000,
0x8102,	0x0000,
0x0344,	0x0010,
0x0348,	0x3FCF,
0x0346,	0x0010,
0x034A,	0x300F,
0x034C,	0x0FF0,
0x034E,	0x0BF4,
0x0340,	0x0F70,
0x0342,	0x41D0,
0x0900,	0x3244,
0x0380,	0x0004,
0x0382,	0x0004,
0x0384,	0x0004,
0x0386,	0x0004,
0x040C,	0x0000,
0x0400,	0x1010,
0x0408,	0x0100,
0x040A,	0x0100,
0x0350,	0x0000,
0x0352,	0x0006,
0x0136,	0x1800,
0x013E,	0x0000,
0x0304,	0x0003,
0x0306,	0x00FA,
0x030C,	0x0001,
0x030E,	0x0003,
0x0310,	0x00AA,
0x0312,	0x0001,
0x031A,	0x0002,
0x031C,	0x0026,
0x031E,	0x0002,
0x0B08,	0x0100,
0x0202,	0x0014,
0x022C,	0x0014,
0x0226,	0x0014,
0x0702,	0x0000,
0x0704,	0x0000,
0x0B02,	0x0102,
0x0B04,	0x0011,
0x0BE2,	0x0000,
0x0BC2,	0x0000,
0x0BC4,	0x0000,
0x021E,	0x0000,
0x0228,	0x0100,
0x0722,	0x0800,
0x0112,	0x0A0C,
0x0114,	0x0301,
0x0118,	0x0004,
0x011A,	0x0001,
0x011C,	0x0101,
0x0270,	0x2B2B,
0x0272,	0x2C10,
0x0260,	0x0001,
0x0262,	0x0200,
0x0264,	0x0102,
0x0266,	0x0000,
0x0274,	0x3030,
0x0720,	0x0001,
0x0724,	0x0001,
0x0728,	0x07F8,
0x072A,	0x02FC,
0x072C,	0x01FC,
0x072E,	0x02FC,
0xFCFC,	0x2001,
0x9000,	0x0200,
0x9082,	0x0100,
0xFCFC,	0x2000,
0x14B8,	0x0000,
0x4294,	0xBA84,
0x4296,	0x0200,
0x4298,	0xBA86,
0x429A,	0x0400,
0x429C,	0xBA88,
0x429E,	0x0200,
0x42A0,	0xBA8A,
0x42A2,	0x0200,
0x42A4,	0x0000,
0x42A6,	0x0000,
0x42BC,	0xBA84,
0x42BE,	0x0200,
0x42C0,	0xBA86,
0x42C2,	0x0400,
0x42C4,	0xBA88,
0x42C6,	0x0200,
0x42C8,	0xBA8A,
0x42CA,	0x0200,
0x42CC,	0x0000,
0x42CE,	0x0000,
0x42E4,	0x0000,
0x42E6,	0x0000,
0x442A,	0x000A,
0x443A,	0x000E,
0x4428,	0x0000,
0x4438,	0x0004,
0x4424,	0x0014,
0x4434,	0x0014,
0x4432,	0x001F,
0x4442,	0x001F,
0x4430,	0x001A,
0x4440,	0x001A,
0x442C,	0x0024,
0x443C,	0x0024,
0xFCFC,	0x2001,
0x9270,	0x0000,
0x9306,	0x0400,
0x9308,	0x0400,
0x930A,	0x0400,
0x9D62,	0x0032,
0x9D64,	0x0032,
0x9D66,	0x0028,
0x9D68,	0x001E,
0x9D6A,	0x001E,
0x9D6C,	0x001E,
0x9D72,	0x0032,
0x9D74,	0x0032,
0x9D76,	0x0028,
0x9D78,	0x001E,
0x9D7A,	0x001E,
0x9D7C,	0x001E,
0x9D82,	0x0032,
0x9D84,	0x0032,
0x9D86,	0x0028,
0x9D88,	0x001E,
0x9D8A,	0x001E,
0x9D8C,	0x001E,
0x9D92,	0x0032,
0x9D94,	0x0032,
0x9D96,	0x0028,
0x9D98,	0x001E,
0x9D9A,	0x001E,
0x9D9C,	0x001E,
0x9DA2,	0x0050,
0x9DA4,	0x0032,
0x9DA6,	0x0032,
0x9DA8,	0x0028,
0x9DAA,	0x0028,
0x9DAC,	0x0028,
0x9DB2,	0x0001,
0x9DB4,	0x0001,
0x9DB6,	0x0001,
0x9DB8,	0x0001,
0x9DBA,	0x0001,
0x9DBC,	0x0001,
0x928C,	0x5C5C,
0x928E,	0x2F36,
0x9290,	0x6E68,
0x92A8,	0x0E00,
0x92B4,	0x303C,
0x9852,	0x070F,
0x9854,	0x070F,
0x9856,	0x0677,
0x9858,	0x05C3,
0x985A,	0x0534,
0x985C,	0x0534,
0x92D0,	0xFFFF,
0x92D2,	0xFFFF,
0x92D4,	0xFFFF,
0x92F4,	0xFFFF,
0x92F6,	0xFFFF,
0x92F8,	0xFFFF,
0x7DB2,	0x03FF,
0xFCFC,	0x2001,
0x94B6,	0x0258,
0x94B8,	0x0258,
0x94BA,	0x0258,
0x94BC,	0x0258,
0x94BE,	0x0258,
0x94C0,	0x0258,
0x94D2,	0x0190,
0x94D4,	0x0190,
0x94D6,	0x0190,
0x94D8,	0x0190,
0x94DA,	0x0190,
0x94DC,	0x0190,
0x94EE,	0x01F4,
0x94F0,	0x01F4,
0x94F2,	0x01F4,
0x94F4,	0x01F4,
0x94F6,	0x01F4,
0x94F8,	0x01F4,
0x9276,	0x0101,
0x9278,	0x0101,
0x927A,	0x0109,
0x92E2,	0x00BE,
0x92E4,	0x00BE,
0x92E6,	0x00BE,
0x92E8,	0x27D8,
0x92EA,	0x27D8,
0x92EC,	0x27D8,
0x988A,	0x0001,
0x988C,	0x0001,
0x988E,	0x0001,
0x9890,	0x0001,
0x9892,	0x0001,
0x9894,	0x0001,
0x9606,	0x001E,
0x9608,	0x001E,
0x960A,	0x001E,
0x960C,	0x001E,
0x960E,	0x001E,
0x9610,	0x001E,
0x9836,	0x0000,
0x9838,	0x0001,
0x983A,	0x0001,
0x983C,	0x0001,
0x983E,	0x0001,
0x9840,	0x0001,
0x1984,	0x0100,
0x19A2,	0x0100,
0x19F8,	0x0200,
0x19FA,	0x0800,
0x19E6,	0x0002,
0x19E8,	0x0008,
0x19EC,	0x0200,
0x19EE,	0x0400,
0x19F0,	0x0800,
0x231A,	0x0022,
0x2372,	0x000A,
0x2326,	0x0000,
0x2342,	0x0014,
0x232A,	0x0001,
0x2374,	0x0000,
0x238C,	0x0001,
0x2376,	0x0000,
0x238E,	0x0001,
0x2344,	0x0014,
0x232C,	0x0001,
0x237E,	0x0000,
0x2396,	0x0001,
0x234C,	0x0014,
0x2334,	0x0001,
0x23A4,	0x0000,
0x2380,	0x0042,
0x2398,	0x00D8,
0x234E,	0x0084,
0x2336,	0x00C0,
0x2382,	0x0000,
0x239A,	0x0001,
0x2350,	0x0014,
0x2338,	0x0001,
0x2354,	0x0014,
0x233C,	0x0001,
0x2386,	0x0000,
0x239E,	0x0001,
0x3B22,	0x0100,
0x3A9E,	0x0202,
0x3AA0,	0x0101,
0x3B2C,	0x0040,
0x3AD4,	0x0101,
0x3AE6,	0x0000,
0x3AF2,	0x0014,
0x8180,	0x0001,
0x818E,	0x0FF0,
0x8190,	0x0BF4,
0x0AF2,	0x0C06,
0x0AF4,	0x0100,
0x0ACE,	0x0A28,
0x39B0,	0x0200,
0x399C,	0x0000,
0x399E,	0x0000,
0xBDC0,	0x0000,
0xBDC2,	0x0001,
0x2950,	0x0000,
0x3950,	0x8822,
0xB440,	0x0000,
0xA780,	0x0000,
0xA78C,	0x0020,
0xA790,	0x0010,
0xA7AA,	0x0000,
0xA8EC,	0x0000,
0xA922,	0x0009,
0xA924,	0x0000,
0xA926,	0x0000,
0xA936,	0x0000,
0xA938,	0x0000,
0xA940,	0x1020,
0xA942,	0x0000,
0xA944,	0x0000,
0xA948,	0x0000,
0x1310,	0x00E4,
0x3BB0,	0x0204,
0x9350,	0x0100,
0x8A24,	0x0001,
0x8A26,	0x0001,
0x8A12,	0x0101,
0x918C,	0xFFFF,
0x8A18,	0x0000,
0x8A1A,	0x0000,
0x26FC,	0x0000,
0x271C,	0x0002,
0x204A,	0x0B82,
0x2052,	0x0072,
0x2054,	0x003A,
0x2078,	0x0809,
0x2204,	0x0220,
0x0E74,	0x030F,
0x0E76,	0x030F,
0x2726,	0x0507,
0x3A78,	0xFF01,
0x3A50,	0x0100,
0x897A,	0x0040,
0x8986,	0x0100,
0x898A,	0x2100,
0x899C,	0x2000,
0x89EA,	0x0200,
0x89EC,	0x0200,
0x89EE,	0x0200,
0x89F0,	0x0200,
0x897E,	0x0005,
0x8980,	0x0503,
0x8974,	0x0101,
0x291E,	0x0103,
0x9062,	0x03FF,
0x906E,	0x03FF,
0x9046,	0x077E,
0x3BB2,	0x0100,
0x3C42,	0x01A0,
0x3C44,	0x415F,
0x3C46,	0x00C4,
0x3C48,	0x30C3,
0x9080,	0x0006,
0x92FC,	0x0101,
0x0AC2,	0x0514,
0x20B6,	0x0003,
0x20B8,	0x0003,
0x20BA,	0x0003,
0x20BC,	0x0003,
0x20BE,	0x0003,
0x20C0,	0x0003,
0x20C2,	0x0003,
0x20C4,	0x0003,
0x20C6,	0x0003,
0x20C8,	0x0003,
0x0BEC,	0x0381,
0x0C42,	0x03C0,
0x2690,	0x03C0,
0x12D6,	0x98EC,
0x12D8,	0xA4C2,
0x12DC,	0x0189,
0x12D4,	0xA6FD,
0x0C50,	0x3CC7,
0x0C52,	0x7D3F,
0x0C5E,	0x0000,
0x26A8,	0x0022,
0x26A4,	0x0036,
0x26A6,	0x0036,
0x12DA,	0x2020,
0x0D14,	0x80F1,
0x0BDC,	0x0034,
0x0BE6,	0x8C40,
0x0BE8,	0xAC40,
0x0B52,	0x0E06,
0x0B56,	0x0E06,
0x0B58,	0x0606,
0x0B6A,	0x0206,
0x0B6E,	0x0206,
0x0B70,	0x0606,
0x0B82,	0x0202,
0x0B86,	0x0202,
0x0B88,	0x0202,
0x0BB2,	0x1313,
0x0BB6,	0x1313,
0x0BB8,	0x0A0B,
0x0BBA,	0x1313,
0x0BCE,	0x1313,
0x0BD0,	0x0A13,
0x0BD2,	0x1313,
0x7DD4,	0x0100,
0x9090,	0x0100,
0x90A2,	0x0100,
0x9100,	0x0211,
0x9140,	0x0200,
0x9110,	0x0200,
0x0CC0,	0x0101,
0x0CC2,	0x0100,
0x0CCE,	0x0028,
0x0CE4,	0x0028,
0x0CFA,	0x0028,
0x1AD4,	0x0101,
0x1AD6,	0x0001,
0x2866,	0x0002,
0x3B28,	0x0106,
0x3B2A,	0x0000,
0x1316,	0x0010,
0x131A,	0x000A,
0x6DB2,	0x0100,
0x6DB4,	0x0420,
0x6DB6,	0x2400,
0x6DB8,	0x0000,
0x6DBA,	0x0000,
0x6DBC,	0x0000,
0x6DBE,	0x0000,
0x6DC0,	0x0000,
0x6DC2,	0x0000,
0x6DF2,	0x0000,
0x6DF4,	0x0000,
0x6E74,	0x0000,
0x6E76,	0x0420,
0x6E78,	0x2400,
0x6EB4,	0x0009,
0x6EB6,	0x0D29,
0x6EB8,	0x2D00,
0x6D70,	0x0001,
0x6D72,	0x0004,
0x6D74,	0x2024,
0x6D76,	0x0000,
0x6D78,	0x0000,
0x6D7A,	0x0000,
0x6D7C,	0x0000,
0x6D7E,	0x0000,
0x6D80,	0x0000,
0x6DF6,	0x0420,
0x6DF8,	0x2400,
0x6E34,	0x0009,
0x6E36,	0x0D29,
0x6E38,	0x2D00,
0x7162,	0x0000,
0x7164,	0x0000,
0x7166,	0x0000,
0x7168,	0x0000,
0x7172,	0x0000,
0x7174,	0x0000,
0x7176,	0x0000,
0x7178,	0x0000,
0x7182,	0x0000,
0x7184,	0x0000,
0x7186,	0x0000,
0x7188,	0x0000,
0x7192,	0x0000,
0x7194,	0x0000,
0x7196,	0x0000,
0x7198,	0x0000,
0x716A,	0x0000,
0x716C,	0x0000,
0x716E,	0x0000,
0x7170,	0x0000,
0x717A,	0x0000,
0x717C,	0x0000,
0x717E,	0x0000,
0x7180,	0x0000,
0x718A,	0x0000,
0x718C,	0x0000,
0x718E,	0x0000,
0x7190,	0x0000,
0x719A,	0x0000,
0x719C,	0x0000,
0x719E,	0x0000,
0x71A0,	0x0000,
0x71A2,	0x0000,
0x71A4,	0x0000,
0x71A6,	0x0000,
0x71A8,	0x0000,
0x71B2,	0x0000,
0x71B4,	0x0000,
0x71B6,	0x0000,
0x71B8,	0x0000,
0x71C2,	0x0000,
0x71C4,	0x0000,
0x71C6,	0x0000,
0x71C8,	0x0000,
0x71D2,	0x0000,
0x71D4,	0x0000,
0x71D6,	0x0000,
0x71D8,	0x0000,
0x71AA,	0x0000,
0x71AC,	0x0000,
0x71AE,	0x0000,
0x71B0,	0x0000,
0x71BA,	0x0000,
0x71BC,	0x0000,
0x71BE,	0x0000,
0x71C0,	0x0000,
0x71CA,	0x0000,
0x71CC,	0x0000,
0x71CE,	0x0000,
0x71D0,	0x0000,
0x71DA,	0x0000,
0x71DC,	0x0000,
0x71DE,	0x0000,
0x71E0,	0x0000,
0xB2F8,	0x0000,
0xB2FA,	0x0320,
0xB2FE,	0x0000,
0xB300,	0x0001,
0xB302,	0x0002,
0xB304,	0x0004,
0xB306,	0x0006,
0xB308,	0x0008,
0xB30A,	0x000A,
0xB30C,	0x000C,
0xB30E,	0x000F,
0xB310,	0x0012,
0xB312,	0x0016,
0xB314,	0x0021,
0xB316,	0x005A,
0xB318,	0x00C0,
0xB31A,	0x00F0,
0xB31C,	0x011C,
0xB31E,	0x0120,
0xB320,	0x0130,
0xB322,	0x02C0,
0xB324,	0x0320,
0xB326,	0x08C0,
0xB328,	0x16C0,
0xB32A,	0x3200,
0xB32C,	0x3FF0,
0xB32E,	0xFFFF,
0xB330,	0xFFFF,
0xB332,	0xFFFF,
0xB334,	0xFFFF,
0xB336,	0xFFFF,
0xB338,	0xFFFF,
0xB33A,	0xFFFF,
0xB33C,	0xFFFF,
0xB33E,	0x1263,
0xB340,	0x1263,
0xB342,	0x1252,
0xB344,	0x1231,
0xB346,	0x1211,
0xB348,	0x11F0,
0xB34A,	0x11CF,
0xB34C,	0x11AF,
0xB34E,	0x1180,
0xB350,	0x1165,
0xB352,	0x1140,
0xB354,	0x10FB,
0xB356,	0x1091,
0xB358,	0x1071,
0xB35A,	0x1063,
0xB35C,	0x1056,
0xB35E,	0x1055,
0xB360,	0x1052,
0xB362,	0x102C,
0xB364,	0x1028,
0xB366,	0x1012,
0xB368,	0x1001,
0xB36A,	0x1000,
0xB36C,	0x1000,
0xB36E,	0x1000,
0xB370,	0x1000,
0xB372,	0x1000,
0xB374,	0x1000,
0xB376,	0x1000,
0xB378,	0x1000,
0xB37A,	0x1000,
0xB37C,	0x1000,
0xB37E,	0x0D00,
0xB390,	0x1301,
0xB3E8,	0x1301,
0xFCFC,	0x2002,
0xA03E,	0x002F,
0xA04A,	0x0000,
0xA08A,	0x0000,
0xA08C,	0x0000,
0xA08E,	0x007D,
0xA090,	0x007D,
0xA092,	0x007D,
0xA094,	0x007D,
0xA096,	0x007D,
0xA040,	0x0102,
0xFCFC,	0x2000,
0x4490,	0x0000,
0x4492,	0x0065,
0x5510,	0x0000,
0x5524,	0x0180,
0x5526,	0x0180,
0x428A,	0x00FF,
0x428C,	0xFFFF,
0x428E,	0xFFFF,
0x4290,	0xFFFF,
0x550A,	0x0102,
0x13A2,	0x0101,
0x5508,	0x4040,
0x54AA,	0x0703,
0x54AC,	0x0508,
0x5426,	0x0100,
0x543E,	0x0000,
0x542A,	0x05DC,
0x538C,	0x0000,
0x538E,	0x0000,
0x538A,	0x0001,
0x4482,	0x0101,
0x4484,	0x0100,
0x12CA,	0x0002,
0x1320,	0x0101,
0x12EA,	0x0100,
0x12F0,	0x0100,
0x4486,	0x0001,
0x448A,	0x0100,
0x448C,	0x0101,
0x1348,	0xA000,
0x1352,	0x8300,
0x1366,	0x0100,
0x54BE,	0x0010,
0x54DC,	0x0144,
0x54C0,	0x0004,
0x54DE,	0x0036,
0x54C2,	0x0004,
0x54E0,	0x0010,
0x54C4,	0x0002,
0x54E2,	0x0016,
0x54C6,	0x0002,
0x54E4,	0x0010,
0x54C8,	0x0004,
0x54E6,	0x0006,
0x54CA,	0x0002,
0x54E8,	0x0006,
0x54CC,	0x0002,
0x54EA,	0x0006,
0x54CE,	0x0002,
0x54EC,	0x0010,
0x54D0,	0x0002,
0x54EE,	0x0006,
0x5556,	0x0010,
0x4BDC,	0x0000,
0x4BDE,	0x0001,
0x4BE6,	0x0200,
0x4BF8,	0x0200,
0x4BEA,	0x0400,
0x4BFC,	0x0401,
0x4BEC,	0x03FF,
0x4BFE,	0x0400,
0x4D74,	0x0000,
0x4D76,	0x0000,
0x4D78,	0x0000,
0x4D7A,	0x0000,
0x4BE8,	0x0200,
0x4BFA,	0x0200,
0x4E14,	0x0000,
0x4E16,	0x0000,
0x4E18,	0x0000,
0x4E1A,	0x0000,
0x4EB4,	0x0009,
0x4EB6,	0x000A,
0x4EB8,	0x4000,
0x4EBA,	0xEF56,
0x4F54,	0x049B,
0x4F56,	0x049B,
0x4F58,	0x4000,
0x4F5A,	0xF300,
0x56DA,	0x004B,
0x56F2,	0x004B,
0x570A,	0x004B,
0x57CA,	0x0008,
0x5AFA,	0x006B,
0x5B2A,	0x005E,
0x6622,	0x0093,
0x7CEA,	0x0047,
0x7E82,	0x0002,
0x68F2,	0x0010,
0x6922,	0x0030,
0x5AB2,	0x002D,
0x660A,	0x0019,
0x7D92,	0x014F,
0x582A,	0x0008,
0x57B4,	0x0008,
0x57CC,	0x0008,
0x57FC,	0x0008,
0x582C,	0x0008,
0x5994,	0x001E,
0x5A24,	0x001E,
0x5AB4,	0x002D,
0x5AFC,	0x006B,
0x5B14,	0x006B,
0x5B2C,	0x005E,
0x5B44,	0x005E,
0x660C,	0x0019,
0x6624,	0x0093,
0x6654,	0x0093,
0x7CEC,	0x0047,
0x7D7C,	0x00AF,
0x7D94,	0x00A0,
0x7E84,	0x0002,
0x57BC,	0x0008,
0x57D4,	0x0008,
0x5804,	0x0008,
0x5834,	0x0008,
0x599C,	0x001E,
0x5A2C,	0x001E,
0x5ABC,	0x002D,
0x5B04,	0x006B,
0x5B1C,	0x006B,
0x5B34,	0x005E,
0x5B4C,	0x005E,
0x6614,	0x0019,
0x662C,	0x0093,
0x665C,	0x0093,
0x68FC,	0x0010,
0x6914,	0x0029,
0x692C,	0x0030,
0x7CF4,	0x0047,
0x7D84,	0x00AF,
0x7D9C,	0x00CB,
0x7E8C,	0x0002,
0x7EA4,	0x0047,
0x59FC,	0x0023,
0x59CC,	0x007D,
0x56E6,	0x0058,
0x56FE,	0x0058,
0x5716,	0x0058,
0x5836,	0x0028,
0x7CF6,	0x0067,
0x5B06,	0x009B,
0x5B1E,	0x009B,
0x5B36,	0x008E,
0x5B4E,	0x008E,
0x662E,	0x00B3,
0x665E,	0x00B3,
0x57D6,	0x0010,
0x5806,	0x0022,
0x599E,	0x02E4,
0x59FE,	0x0023,
0x68FE,	0x0017,
0x6916,	0x002E,
0x692E,	0x0035,
0x7D9E,	0x011B,
0x7D86,	0x00CF,
0x7EA6,	0x0067,
0x7EA8,	0x0047,
0x5838,	0x0008,
0x7CF8,	0x0047,
0x5B08,	0x006B,
0x5B20,	0x006B,
0x5B38,	0x005E,
0x5B50,	0x005E,
0x6630,	0x0093,
0x6660,	0x0093,
0x57D8,	0x0008,
0x5808,	0x0008,
0x5A00,	0x0023,
0x6900,	0x0010,
0x6918,	0x0029,
0x6930,	0x0030,
0x583C,	0x0008,
0x5A04,	0x0023,
0x5AC4,	0x0069,
0x5ADC,	0x0069,
0x661C,	0x0055,
0x6634,	0x0093,
0x664C,	0x0055,
0x6664,	0x0093,
0x5B0C,	0x006B,
0x5B24,	0x006B,
0x5B3C,	0x005E,
0x5B54,	0x005E,
0x6904,	0x0010,
0x691C,	0x0030,
0x6934,	0x0030,
0x7CFC,	0x0055,
0x7D14,	0x0055,
0x7D8C,	0x0118,
0x7DA4,	0x0131,
0x7DBC,	0x0131,
0x7EAC,	0x0055,
0x13A0,	0x0002,
0x5536,	0x1000,
0x1330,	0x2DDE,
0x1334,	0x28FD,
0x137E,	0x20FF,
0x1464,	0x09C4,
0xFCFC,	0x2001,
0x26AA,	0x0000,
0x136A,	0x0043,
0x1372,	0x3308,
0x395A,	0x7F02,
0x3FD8,	0x0100,
0x4C3C,	0x0000,
0x3FEC,	0x0200,
0x3FFE,	0x070F,
0x4004,	0x0006,
0x3FE2,	0x00FF,
0x4010,	0x0100,
0x3FD0,	0x0010,
0x3FD2,	0x000C,
0x3FE8,	0x2009,
0x3FEA,	0x0901,
0xAACA,	0x0000,
0xB2E4,	0x0101,
0xB47A,	0x1000,
0xB47C,	0x0000,
0xB47E,	0x00F5,
0x1AD8,	0x0101,
0x1A4C,	0x0002,
0x1982,	0x0000,
0x7C30,	0x0000,
0x7C34,	0x0001,
0x7C36,	0xB308,
0x291A,	0x0000,
0x79F0,	0x0000,
0x9048,	0x0000,
0x904A,	0x0000,
0x904C,	0x0000,
0x904E,	0x0000,
0x9050,	0x0000,
0x9054,	0x0000,
0x9056,	0x0000,
0x9058,	0x0000,
0x905A,	0x0000,
0x0C14,	0x0000,
0x0C16,	0x0000,
0x0C18,	0x0000,
0x0C1A,	0x0000,
0xFCFC,	0x2000,
0x4BE2,	0x0000,
0x4BF4,	0x0200,
0x4C06,	0x0200,
0x51D4,	0x0000,
0x51D6,	0x0000,
0x51D8,	0x0000,
0x51DA,	0x0000,
0x51DC,	0x0000,
0x51DE,	0x0000,
0x51E0,	0x0000,
0x51E2,	0x0000,
0x4BE0,	0x0101,
0x4BEE,	0x01FF,
0x4C00,	0x0200,
0x4FF4,	0x0101,
0x4FF6,	0x0189,
0x4FF8,	0x4000,
0x4FFA,	0xFD1A,
0x4BF0,	0x003F,
0x4C02,	0x0040,
0x5094,	0x000B,
0x5096,	0x000C,
0x5098,	0x4000,
0x509A,	0xFD7C,
0x509C,	0x000B,
0x509E,	0x000C,
0x50A0,	0x4000,
0x50A2,	0xF33A,
0x50A4,	0x000B,
0x50A6,	0x000A,
0x50A8,	0x4000,
0x50AA,	0xFD8E,
0x50AC,	0x000A,
0x50AE,	0x0006,
0x50B0,	0x4000,
0x50B2,	0xE43E,
0xFCFC,	0x4000,
0xBA8C,	0x0000,
0xBA90,	0x0000,
0xFEFA,	0x0000,
0xFEFC,	0x0000,
0xF33A,	0x000C,
0xFD7C,	0x000C,
0xF338,	0x0022,
0xFD7A,	0x0022,
0xF31E,	0x001C,
0xF32A,	0x001C,
0xF320,	0x001C,
0xF32C,	0x001C,
0xFCFC,	0x2001,
0x0C04,	0x2E28,
0x0C0A,	0x2E28,
0x19E4,	0x0001,
0x7C48,	0x03C0,
0x2872,	0x0000,
0x26B2,	0xFDA2,
0x26B4,	0xFDA0,
0x26B6,	0x0040,
0x26C4,	0x001B,
0x26B8,	0x0080,
0x26C6,	0x001B,
0x26BA,	0x0100,
0x26C8,	0x0020,
0x26BC,	0x0200,
0x26CA,	0x001B,
0x26BE,	0x0400,
0x26CC,	0x0028,
0x26C0,	0x0800,
0x26CE,	0x002E,
0x26C2,	0x1000,
0x26D0,	0x0033,
0x26D2,	0x0033,
0x26B0,	0x0100,
0x2874,	0x0000,
0x2876,	0x0000,
0x2878,	0x0000,
0x287A,	0x0000,
0x287C,	0x0000,
0x287E,	0x0000,
0x2880,	0x0000,
0x2882,	0x0000,
0x2886,	0x0000,
0x2888,	0x0000,
0x288A,	0x0000,
0x288C,	0x0000,
0x288E,	0x0000,
0x2890,	0x0000,
0x2892,	0x0000,
0x2894,	0x0000,
0x2898,	0x0000,
0x289A,	0x0000,
0x289C,	0x0000,
0x289E,	0x0000,
0x28A0,	0x0000,
0x28A2,	0x0000,
0x28A4,	0x0000,
0x28A6,	0x0000,
0x28CE,	0x0000,
0x28D0,	0x0000,
0x28D2,	0x0000,
0x28D4,	0x0000,
0x28D6,	0x0000,
0x28D8,	0x0000,
0x28DA,	0x0000,
0x28DC,	0x0000,
0x28AA,	0x0000,
0x28BC,	0x0000,
0x28AC,	0x0000,
0x28BE,	0x0000,
0x28AE,	0x0000,
0x28C0,	0x0000,
0x28B0,	0x0000,
0x28C2,	0x0000,
0x28B2,	0x0000,
0x28C4,	0x0000,
0x28B4,	0x0000,
0x28C6,	0x0000,
0x28B6,	0x0000,
0x28C8,	0x0000,
0x28B8,	0x0000,
0x28CA,	0x0000,
0xFCFC,	0x2000,
0x1300,	0x0001,
0xFCFC,	0x2002,
0xA044,	0x0001,
0xA046,	0x0101,
0xABFC,	0x0000,
0xAC06,	0x0001,
0xFCFC,	0x4001,
0x0606,	0x0024,
0x0608,	0x0014,
0x060A,	0x0034,
0xFCFC,	0x4000,
0x020C,	0x0000,
};

//2X
static u16 addr_data_pair_custom3[] = {
0xFCFC,	0x4000,
0x0B30,	0x0000,
0xFCFC,	0x4000,
0x6214,	0xFFFF,
0x6216,	0xFFFF,
0x6218,	0xFFFF,
0xA100,	0xFFFF,
0xFCFC,	0x4001,
0x0100,	0xFFFF,
0x2100,	0xFFFF,
0xFCFC,	0x4000,
0x8100,	0xFFFF,
0x621A,	0x0000,
0x621C,	0x0000,
0x6220,	0x0000,
0xA102,	0x0000,
0xFCFC,	0x4001,
0x0102,	0x0000,
0x2102,	0x0000,
0xFCFC,	0x4000,
0x8102,	0x0000,
0x0344,	0x1000,
0x0348,	0x2FDF,
0x0346,	0x0C18,
0x034A,	0x2407,
0x034C,	0x0FF0,
0x034E,	0x0BF4,
0x0340,	0x1250,
0x0342,	0x30D0,
0x0900,	0x2222,
0x0380,	0x0002,
0x0382,	0x0002,
0x0384,	0x0002,
0x0386,	0x0002,
0x040C,	0x0000,
0x0400,	0x1010,
0x0408,	0x0100,
0x040A,	0x0100,
0x0350,	0x0000,
0x0352,	0x0002,
0x0136,	0x1800,
0x013E,	0x0000,
0x0304,	0x0003,
0x0306,	0x00DC,
0x030C,	0x0001,
0x030E,	0x0003,
0x0310,	0x00AA,
0x0312,	0x0001,
0x031A,	0x0002,
0x031C,	0x0026,
0x031E,	0x0002,
0x0B08,	0x0101,
0x0202,	0x0014,
0x022C,	0x0014,
0x0226,	0x0014,
0x0702,	0x0000,
0x0704,	0x0000,
0x0B02,	0x0102,
0x0B04,	0x0011,
0x0BE2,	0x0000,
0x0BC2,	0x0000,
0x0BC4,	0x0000,
0x021E,	0x0000,
0x0228,	0x0100,
0x0722,	0x0800,
0x0112,	0x0A0C,
0x0114,	0x0301,
0x0118,	0x0004,
0x011A,	0x0001,
0x011C,	0x0101,
0x0270,	0x2B2B,
0x0272,	0x2C10,
0x0260,	0x0001,
0x0262,	0x0200,
0x0264,	0x0102,
0x0266,	0x0000,
0x0274,	0x3030,
0x0720,	0x0001,
0x0724,	0x0001,
0x0728,	0x03FC,
0x072A,	0x017E,
0x072C,	0x00FC,
0x072E,	0x017E,
0xFCFC,	0x2001,
0x9000,	0x0100,
0x9082,	0x0100,
0xFCFC,	0x2000,
0x14B8,	0x0000,
0x4294,	0xBA84,
0x4296,	0x0200,
0x4298,	0xBA86,
0x429A,	0x0400,
0x429C,	0xBA88,
0x429E,	0x0200,
0x42A0,	0xBA8A,
0x42A2,	0x0200,
0x42A4,	0x0000,
0x42A6,	0x0000,
0x42BC,	0xBA84,
0x42BE,	0x0200,
0x42C0,	0xBA86,
0x42C2,	0x0400,
0x42C4,	0xBA88,
0x42C6,	0x0200,
0x42C8,	0xBA8A,
0x42CA,	0x0200,
0x42CC,	0x0000,
0x42CE,	0x0000,
0x42E4,	0x0000,
0x42E6,	0x0000,
0x442A,	0x000A,
0x443A,	0x000E,
0x4428,	0x0000,
0x4438,	0x0004,
0x4424,	0x0014,
0x4434,	0x0014,
0x4432,	0x001F,
0x4442,	0x001F,
0x4430,	0x001A,
0x4440,	0x001A,
0x442C,	0x0024,
0x443C,	0x0024,
0xFCFC,	0x2001,
0x9270,	0x0200,
0x9306,	0xFFFF,
0x9308,	0xFFFF,
0x930A,	0xFFFF,
0x9D62,	0x0007,
0x9D64,	0x0007,
0x9D66,	0x0007,
0x9D68,	0x000A,
0x9D6A,	0x000A,
0x9D6C,	0x000A,
0x9D72,	0x0014,
0x9D74,	0x0014,
0x9D76,	0x0014,
0x9D78,	0x0014,
0x9D7A,	0x0014,
0x9D7C,	0x0014,
0x9D82,	0x0014,
0x9D84,	0x0014,
0x9D86,	0x001E,
0x9D88,	0x0028,
0x9D8A,	0x0032,
0x9D8C,	0x0032,
0x9D92,	0x0014,
0x9D94,	0x0014,
0x9D96,	0x001E,
0x9D98,	0x0028,
0x9D9A,	0x0032,
0x9D9C,	0x0032,
0x9DA2,	0x0014,
0x9DA4,	0x0014,
0x9DA6,	0x001E,
0x9DA8,	0x0032,
0x9DAA,	0x0032,
0x9DAC,	0x0032,
0x9DB2,	0x0001,
0x9DB4,	0x0001,
0x9DB6,	0x0001,
0x9DB8,	0x0001,
0x9DBA,	0x0001,
0x9DBC,	0x0001,
0x928C,	0x4057,
0x928E,	0x2F36,
0x9290,	0x506A,
0x92A8,	0x2500,
0x92B4,	0x2D3C,
0x9852,	0x0514,
0x9854,	0x0514,
0x9856,	0x0514,
0x9858,	0x0514,
0x985A,	0x0514,
0x985C,	0x0514,
0x92D0,	0x27D8,
0x92D2,	0x27D8,
0x92D4,	0x27D8,
0x92F4,	0x2008,
0x92F6,	0x2008,
0x92F8,	0x2008,
0x7DB2,	0x03FF,
0xFCFC,	0x2001,
0x94B6,	0x0258,
0x94B8,	0x0258,
0x94BA,	0x0258,
0x94BC,	0x0258,
0x94BE,	0x0258,
0x94C0,	0x0258,
0x94D2,	0x0190,
0x94D4,	0x0190,
0x94D6,	0x0190,
0x94D8,	0x0190,
0x94DA,	0x0190,
0x94DC,	0x0190,
0x94EE,	0x01F4,
0x94F0,	0x01F4,
0x94F2,	0x01F4,
0x94F4,	0x01F4,
0x94F6,	0x01F4,
0x94F8,	0x01F4,
0x9276,	0x0101,
0x9278,	0x0101,
0x927A,	0x0109,
0x92E2,	0x00BE,
0x92E4,	0x00BE,
0x92E6,	0x00BE,
0x92E8,	0x27D8,
0x92EA,	0x27D8,
0x92EC,	0x27D8,
0x988A,	0x0001,
0x988C,	0x0001,
0x988E,	0x0001,
0x9890,	0x0001,
0x9892,	0x0001,
0x9894,	0x0001,
0x9606,	0x001E,
0x9608,	0x001E,
0x960A,	0x001E,
0x960C,	0x001E,
0x960E,	0x001E,
0x9610,	0x001E,
0x9836,	0x0000,
0x9838,	0x0001,
0x983A,	0x0001,
0x983C,	0x0001,
0x983E,	0x0001,
0x9840,	0x0001,
0x1984,	0x0100,
0x19A2,	0x0000,
0x19F8,	0x0000,
0x19FA,	0x0400,
0x19E6,	0x0001,
0x19E8,	0x0004,
0x19EC,	0x0100,
0x19EE,	0x0400,
0x19F0,	0x0400,
0x231A,	0x0022,
0x2372,	0x0007,
0x2326,	0x0000,
0x2342,	0x0014,
0x232A,	0x0001,
0x2374,	0x0000,
0x238C,	0x0001,
0x2376,	0x0000,
0x238E,	0x0001,
0x2344,	0x0014,
0x232C,	0x0001,
0x237E,	0x0032,
0x2396,	0x0096,
0x234C,	0x004C,
0x2334,	0x0212,
0x23A4,	0x0001,
0x2380,	0x0000,
0x2398,	0x0001,
0x234E,	0x0014,
0x2336,	0x0001,
0x2382,	0x0000,
0x239A,	0x0001,
0x2350,	0x0014,
0x2338,	0x0001,
0x2354,	0x0014,
0x233C,	0x0001,
0x2386,	0x0000,
0x239E,	0x0001,
0x3B22,	0x0100,
0x3A9E,	0x0404,
0x3AA0,	0x0201,
0x3B2C,	0x0040,
0x3AD4,	0x0100,
0x3AE6,	0x0000,
0x3AF2,	0x0000,
0x8180,	0x0001,
0x818E,	0x0FF0,
0x8190,	0x0BF4,
0x0AF2,	0x0C05,
0x0AF4,	0x0000,
0x0ACE,	0x0A28,
0x39B0,	0x0200,
0x399C,	0x0000,
0x399E,	0x0000,
0xBDC0,	0x0000,
0xBDC2,	0x0001,
0x2950,	0x0000,
0x3950,	0x8844,
0xB440,	0x0000,
0xA780,	0x0000,
0xA78C,	0x0020,
0xA790,	0x0010,
0xA7AA,	0x0000,
0xA8EC,	0x0000,
0xA922,	0x0000,
0xA924,	0x0000,
0xA926,	0x0000,
0xA936,	0x0000,
0xA938,	0x0000,
0xA940,	0x1020,
0xA942,	0x0000,
0xA944,	0x0000,
0xA948,	0x0000,
0x1310,	0x00E4,
0x3BB0,	0x0204,
0x9350,	0x0100,
0x8A24,	0x0004,
0x8A26,	0x0004,
0x8A12,	0x0000,
0x918C,	0xFFFF,
0x8A18,	0x0000,
0x8A1A,	0x0000,
0x26FC,	0x0000,
0x271C,	0x0002,
0x204A,	0x0B82,
0x2052,	0x0072,
0x2054,	0x003A,
0x2078,	0x0809,
0x2204,	0x0220,
0x0E74,	0x030F,
0x0E76,	0x030F,
0x2726,	0x0507,
0x3A78,	0xFF01,
0x3A50,	0x0100,
0x897A,	0x0040,
0x8986,	0x0100,
0x898A,	0x2100,
0x899C,	0x2000,
0x89EA,	0x0200,
0x89EC,	0x0200,
0x89EE,	0x0200,
0x89F0,	0x0200,
0x897E,	0x0005,
0x8980,	0x0503,
0x8974,	0x0101,
0x291E,	0x0103,
0x9062,	0x03FF,
0x906E,	0x03FF,
0x9046,	0x077E,
0x3BB2,	0x0100,
0x3C42,	0x01A0,
0x3C44,	0x415F,
0x3C46,	0x00C4,
0x3C48,	0x30C3,
0x9080,	0x0000,
0x92FC,	0x0100,
0x0AC2,	0x0514,
0x20B6,	0x0003,
0x20B8,	0x0003,
0x20BA,	0x0003,
0x20BC,	0x0003,
0x20BE,	0x0003,
0x20C0,	0x0003,
0x20C2,	0x0003,
0x20C4,	0x0003,
0x20C6,	0x0003,
0x20C8,	0x0003,
0x0BEC,	0x0241,
0x0C42,	0x02C0,
0x2690,	0x02C0,
0x12D6,	0x986C,
0x12D8,	0xA4C2,
0x12DC,	0x0100,
0x12D4,	0xA6FD,
0x0C50,	0x3CC7,
0x0C52,	0x7C3F,
0x0C5E,	0x0249,
0x26A8,	0x0022,
0x26A4,	0x0036,
0x26A6,	0x0036,
0x12DA,	0x2020,
0x0D14,	0x80F0,
0x0BDC,	0x002A,
0x0BE6,	0x8C40,
0x0BE8,	0xAC40,
0x0B52,	0x0E06,
0x0B56,	0x0E0E,
0x0B58,	0x0E06,
0x0B6A,	0x0206,
0x0B6E,	0x0202,
0x0B70,	0x0206,
0x0B82,	0x0202,
0x0B86,	0x0206,
0x0B88,	0x0202,
0x0BB2,	0x1313,
0x0BB6,	0x1313,
0x0BB8,	0x130B,
0x0BBA,	0x1313,
0x0BCE,	0x1313,
0x0BD0,	0x1313,
0x0BD2,	0x1313,
0x7DD4,	0x0000,
0x9090,	0x0100,
0x90A2,	0x0100,
0x9100,	0x0011,
0x9140,	0x0000,
0x9110,	0x0000,
0x0CC0,	0x0101,
0x0CC2,	0x0100,
0x0CCE,	0x0028,
0x0CE4,	0x0028,
0x0CFA,	0x0028,
0x1AD4,	0x0101,
0x1AD6,	0x0001,
0x2866,	0x0002,
0x3B28,	0x010A,
0x3B2A,	0x0000,
0x1316,	0x0010,
0x131A,	0x000A,
0x6DB2,	0x0100,
0x6DB4,	0x0204,
0x6DB6,	0x0610,
0x6DB8,	0x1214,
0x6DBA,	0x1620,
0x6DBC,	0x2224,
0x6DBE,	0x2630,
0x6DC0,	0x3234,
0x6DC2,	0x3600,
0x6DF2,	0x0000,
0x6DF4,	0x0000,
0x6E74,	0x0000,
0x6E76,	0x0420,
0x6E78,	0x2400,
0x6EB4,	0x0009,
0x6EB6,	0x0D29,
0x6EB8,	0x2D00,
0x6D70,	0x0001,
0x6D72,	0x0002,
0x6D74,	0x0406,
0x6D76,	0x1012,
0x6D78,	0x1416,
0x6D7A,	0x2022,
0x6D7C,	0x2426,
0x6D7E,	0x3032,
0x6D80,	0x3436,
0x6DF6,	0x0420,
0x6DF8,	0x2400,
0x6E34,	0x0009,
0x6E36,	0x0D29,
0x6E38,	0x2D00,
0x7162,	0x0000,
0x7164,	0x0000,
0x7166,	0x0000,
0x7168,	0x0000,
0x7172,	0x0000,
0x7174,	0x0000,
0x7176,	0x0000,
0x7178,	0x0000,
0x7182,	0x0000,
0x7184,	0x0000,
0x7186,	0x0000,
0x7188,	0x0000,
0x7192,	0x0000,
0x7194,	0x0000,
0x7196,	0x0000,
0x7198,	0x0000,
0x716A,	0x0000,
0x716C,	0x0000,
0x716E,	0x0000,
0x7170,	0x0000,
0x717A,	0x0000,
0x717C,	0x0000,
0x717E,	0x0000,
0x7180,	0x0000,
0x718A,	0x0000,
0x718C,	0x0000,
0x718E,	0x0000,
0x7190,	0x0000,
0x719A,	0x0000,
0x719C,	0x0000,
0x719E,	0x0000,
0x71A0,	0x0000,
0x71A2,	0x0000,
0x71A4,	0x0000,
0x71A6,	0x0000,
0x71A8,	0x0000,
0x71B2,	0x0000,
0x71B4,	0x0000,
0x71B6,	0x0000,
0x71B8,	0x0000,
0x71C2,	0x0000,
0x71C4,	0x0000,
0x71C6,	0x0000,
0x71C8,	0x0000,
0x71D2,	0x0000,
0x71D4,	0x0000,
0x71D6,	0x0000,
0x71D8,	0x0000,
0x71AA,	0x0000,
0x71AC,	0x0000,
0x71AE,	0x0000,
0x71B0,	0x0000,
0x71BA,	0x0000,
0x71BC,	0x0000,
0x71BE,	0x0000,
0x71C0,	0x0000,
0x71CA,	0x0000,
0x71CC,	0x0000,
0x71CE,	0x0000,
0x71D0,	0x0000,
0x71DA,	0x0000,
0x71DC,	0x0000,
0x71DE,	0x0000,
0x71E0,	0x0000,
0xB2F8,	0x0000,
0xB2FA,	0x0320,
0xB2FE,	0x0000,
0xB300,	0x0001,
0xB302,	0x0002,
0xB304,	0x0004,
0xB306,	0x0006,
0xB308,	0x0008,
0xB30A,	0x000A,
0xB30C,	0x000C,
0xB30E,	0x000F,
0xB310,	0x0012,
0xB312,	0x0016,
0xB314,	0x0021,
0xB316,	0x005A,
0xB318,	0x00C0,
0xB31A,	0x00F0,
0xB31C,	0x011C,
0xB31E,	0x0120,
0xB320,	0x0130,
0xB322,	0x02C0,
0xB324,	0x0320,
0xB326,	0x08C0,
0xB328,	0x16C0,
0xB32A,	0x3200,
0xB32C,	0x3FF0,
0xB32E,	0xFFFF,
0xB330,	0xFFFF,
0xB332,	0xFFFF,
0xB334,	0xFFFF,
0xB336,	0xFFFF,
0xB338,	0xFFFF,
0xB33A,	0xFFFF,
0xB33C,	0xFFFF,
0xB33E,	0x1263,
0xB340,	0x1263,
0xB342,	0x1252,
0xB344,	0x1231,
0xB346,	0x1211,
0xB348,	0x11F0,
0xB34A,	0x11CF,
0xB34C,	0x11AF,
0xB34E,	0x1180,
0xB350,	0x1165,
0xB352,	0x1140,
0xB354,	0x10FB,
0xB356,	0x1091,
0xB358,	0x1071,
0xB35A,	0x1063,
0xB35C,	0x1056,
0xB35E,	0x1055,
0xB360,	0x1052,
0xB362,	0x102C,
0xB364,	0x1028,
0xB366,	0x1012,
0xB368,	0x1001,
0xB36A,	0x1000,
0xB36C,	0x1000,
0xB36E,	0x1000,
0xB370,	0x1000,
0xB372,	0x1000,
0xB374,	0x1000,
0xB376,	0x1000,
0xB378,	0x1000,
0xB37A,	0x1000,
0xB37C,	0x1000,
0xB37E,	0x0D00,
0xB390,	0x1301,
0xB3E8,	0x1301,
0xFCFC,	0x2002,
0xA03E,	0x001F,
0xA04A,	0x0100,
0xA08A,	0x0100,
0xA08C,	0x0000,
0xA08E,	0x007D,
0xA090,	0x007D,
0xA092,	0x007D,
0xA094,	0x007D,
0xA096,	0x007D,
0xA040,	0x0102,
0xFCFC,	0x2000,
0x4490,	0x0000,
0x4492,	0x0065,
0x5510,	0x0000,
0x5524,	0x0190,
0x5526,	0x0190,
0x428A,	0x00FF,
0x428C,	0xFFFF,
0x428E,	0xFFFF,
0x4290,	0xFFFF,
0x550A,	0x0101,
0x13A2,	0x0101,
0x5508,	0x4040,
0x54AA,	0x0704,
0x54AC,	0x0508,
0x5426,	0x0100,
0x543E,	0x0000,
0x542A,	0x05DC,
0x538C,	0x0000,
0x538E,	0x0000,
0x538A,	0x0001,
0x4482,	0x0101,
0x4484,	0x0100,
0x12CA,	0x0002,
0x1320,	0x0101,
0x12EA,	0x0100,
0x12F0,	0x0100,
0x4486,	0x0001,
0x448A,	0x0100,
0x448C,	0x0101,
0x1348,	0xA000,
0x1352,	0x9E00,
0x1366,	0x0100,
0x54BE,	0x0010,
0x54DC,	0x0144,
0x54C0,	0x0006,
0x54DE,	0x0036,
0x54C2,	0x0008,
0x54E0,	0x0010,
0x54C4,	0x0004,
0x54E2,	0x0016,
0x54C6,	0x0004,
0x54E4,	0x0010,
0x54C8,	0x0008,
0x54E6,	0x0006,
0x54CA,	0x0004,
0x54E8,	0x0006,
0x54CC,	0x0004,
0x54EA,	0x0006,
0x54CE,	0x0002,
0x54EC,	0x0010,
0x54D0,	0x0002,
0x54EE,	0x0006,
0x5556,	0x0010,
0x4BDC,	0x0100,
0x4BDE,	0x0101,
0x4BE6,	0x0100,
0x4BF8,	0x0101,
0x4BEA,	0x0100,
0x4BFC,	0x0101,
0x4BEC,	0x01FF,
0x4BFE,	0x0200,
0x4D74,	0x000F,
0x4D76,	0x0013,
0x4D78,	0x4000,
0x4D7A,	0xFD8E,
0x4BE8,	0x007F,
0x4BFA,	0x0080,
0x4E14,	0x002B,
0x4E16,	0x0026,
0x4E18,	0x4000,
0x4E1A,	0xFD9E,
0x4EB4,	0x0007,
0x4EB6,	0x0009,
0x4EB8,	0x4000,
0x4EBA,	0xEF56,
0x4F54,	0x049B,
0x4F56,	0x0489,
0x4F58,	0x4000,
0x4F5A,	0xF300,
0x56DA,	0x004B,
0x56F2,	0x004B,
0x570A,	0x004B,
0x57CA,	0x0008,
0x5AFA,	0x006B,
0x5B2A,	0x005E,
0x6622,	0x0093,
0x7CEA,	0x0047,
0x7E82,	0x0002,
0x68F2,	0x0010,
0x6922,	0x0030,
0x5AB2,	0x002D,
0x660A,	0x0019,
0x7D92,	0x014F,
0x582A,	0x0008,
0x57B4,	0x0008,
0x57CC,	0x0008,
0x57FC,	0x0008,
0x582C,	0x0008,
0x5994,	0x001E,
0x5A24,	0x001E,
0x5AB4,	0x002D,
0x5AFC,	0x006B,
0x5B14,	0x006B,
0x5B2C,	0x005E,
0x5B44,	0x005E,
0x660C,	0x0019,
0x6624,	0x0093,
0x6654,	0x0093,
0x7CEC,	0x0047,
0x7D7C,	0x00AF,
0x7D94,	0x00A0,
0x7E84,	0x0002,
0x57BC,	0x0019,
0x57D4,	0x0019,
0x5804,	0x0008,
0x5834,	0x0008,
0x599C,	0x001E,
0x5A2C,	0x001E,
0x5ABC,	0x002D,
0x5B04,	0x00AB,
0x5B1C,	0x00AB,
0x5B34,	0x009E,
0x5B4C,	0x009E,
0x6614,	0x0019,
0x662C,	0x00D3,
0x665C,	0x00D3,
0x68FC,	0x0010,
0x6914,	0x0029,
0x692C,	0x0030,
0x7CF4,	0x0047,
0x7D84,	0x00AF,
0x7D9C,	0x010C,
0x7E8C,	0x0002,
0x7EA4,	0x0047,
0x59FC,	0x0148,
0x59CC,	0x006D,
0x56E6,	0x004B,
0x56FE,	0x004B,
0x5716,	0x004B,
0x5836,	0x0008,
0x7CF6,	0x0047,
0x5B06,	0x006B,
0x5B1E,	0x006B,
0x5B36,	0x005E,
0x5B4E,	0x005E,
0x662E,	0x0093,
0x665E,	0x0093,
0x57D6,	0x0008,
0x5806,	0x0008,
0x599E,	0x001E,
0x59FE,	0x0023,
0x68FE,	0x0010,
0x6916,	0x0029,
0x692E,	0x0030,
0x7D9E,	0x00CB,
0x7D86,	0x00AF,
0x7EA6,	0x0047,
0x7EA8,	0x0047,
0x5838,	0x0008,
0x7CF8,	0x0047,
0x5B08,	0x006B,
0x5B20,	0x006B,
0x5B38,	0x005E,
0x5B50,	0x005E,
0x6630,	0x0093,
0x6660,	0x0093,
0x57D8,	0x0008,
0x5808,	0x0008,
0x5A00,	0x0023,
0x6900,	0x0010,
0x6918,	0x0029,
0x6930,	0x0030,
0x583C,	0x0008,
0x5A04,	0x0023,
0x5AC4,	0x0069,
0x5ADC,	0x0069,
0x661C,	0x0055,
0x6634,	0x0093,
0x664C,	0x0055,
0x6664,	0x0093,
0x5B0C,	0x006B,
0x5B24,	0x006B,
0x5B3C,	0x005E,
0x5B54,	0x005E,
0x6904,	0x0010,
0x691C,	0x0030,
0x6934,	0x0030,
0x7CFC,	0x0055,
0x7D14,	0x0055,
0x7D8C,	0x0118,
0x7DA4,	0x0131,
0x7DBC,	0x0131,
0x7EAC,	0x0055,
0x13A0,	0x0002,
0x5536,	0x1000,
0x1330,	0x3500,
0x1334,	0x25FD,
0x137E,	0x20FF,
0x1464,	0x09C4,
0xFCFC,	0x2001,
0x26AA,	0x0000,
0x136A,	0x0043,
0x1372,	0x3308,
0x395A,	0x7F02,
0x3FD8,	0x0100,
0x4C3C,	0x0000,
0x3FEC,	0x0200,
0x3FFE,	0x060F,
0x4004,	0x0006,
0x3FE2,	0x00FF,
0x4010,	0x0100,
0x3FD0,	0x0010,
0x3FD2,	0x000C,
0x3FE8,	0x200A,
0x3FEA,	0x0A01,
0xAACA,	0x0000,
0xB2E4,	0x0101,
0xB47A,	0x1000,
0xB47C,	0x0000,
0xB47E,	0x00F5,
0x1AD8,	0x0101,
0x1A4C,	0x0002,
0x1982,	0x0000,
0x7C30,	0x0000,
0x7C34,	0x0001,
0x7C36,	0xB308,
0x291A,	0x0000,
0x79F0,	0x0200,
0x9048,	0x0000,
0x904A,	0x0000,
0x904C,	0x0000,
0x904E,	0x0000,
0x9050,	0x0000,
0x9054,	0x0000,
0x9056,	0x0000,
0x9058,	0x0000,
0x905A,	0x0000,
0x0C14,	0x0000,
0x0C16,	0x0000,
0x0C18,	0x0000,
0x0C1A,	0x0000,
0xFCFC,	0x2000,
0x4BE2,	0x0000,
0x4BF4,	0x0200,
0x4C06,	0x0200,
0x51D4,	0x0000,
0x51D6,	0x0000,
0x51D8,	0x0000,
0x51DA,	0x0000,
0x51DC,	0x0000,
0x51DE,	0x0000,
0x51E0,	0x0000,
0x51E2,	0x0000,
0x4BE0,	0x0000,
0x4BEE,	0x0000,
0x4C00,	0x0000,
0x4FF4,	0x0000,
0x4FF6,	0x0000,
0x4FF8,	0x0000,
0x4FFA,	0x0000,
0x4BF0,	0x0000,
0x4C02,	0x0000,
0x5094,	0x0000,
0x5096,	0x0000,
0x5098,	0x0000,
0x509A,	0x0000,
0x509C,	0x0000,
0x509E,	0x0000,
0x50A0,	0x0000,
0x50A2,	0x0000,
0x50A4,	0x0000,
0x50A6,	0x0000,
0x50A8,	0x0000,
0x50AA,	0x0000,
0x50AC,	0x0000,
0x50AE,	0x0000,
0x50B0,	0x0000,
0x50B2,	0x0000,
0xFCFC,	0x4000,
0xBA8C,	0x0000,
0xBA90,	0x0000,
0xFEFA,	0x0000,
0xFEFC,	0x0000,
0xF33A,	0x0008,
0xFD7C,	0x0008,
0xF338,	0x0022,
0xFD7A,	0x0022,
0xF31E,	0x0010,
0xF32A,	0x0010,
0xF320,	0x0010,
0xF32C,	0x0010,
0xFCFC,	0x2001,
0x0C04,	0x2E28,
0x0C0A,	0x2E28,
0x19E4,	0x0001,
0x7C48,	0x03C0,
0x2872,	0x0000,
0x26B2,	0xFDA2,
0x26B4,	0xFDA0,
0x26B6,	0x0040,
0x26C4,	0x001B,
0x26B8,	0x0080,
0x26C6,	0x0022,
0x26BA,	0x0100,
0x26C8,	0x0015,
0x26BC,	0x0200,
0x26CA,	0x0023,
0x26BE,	0x0400,
0x26CC,	0x002A,
0x26C0,	0x0800,
0x26CE,	0x002F,
0x26C2,	0x0800,
0x26D0,	0x002F,
0x26D2,	0x002F,
0x26B0,	0x0100,
0x2874,	0x0000,
0x2876,	0x0000,
0x2878,	0x0000,
0x287A,	0x0000,
0x287C,	0x0000,
0x287E,	0x0000,
0x2880,	0x0000,
0x2882,	0x0000,
0x2886,	0x0008,
0x2888,	0x0100,
0x288A,	0x0009,
0x288C,	0x0400,
0x288E,	0x000A,
0x2890,	0x0000,
0x2892,	0x0000,
0x2894,	0x0000,
0x2898,	0xEF56,
0x289A,	0xEF56,
0x289C,	0xEF56,
0x289E,	0x0000,
0x28A0,	0x0000,
0x28A2,	0x0000,
0x28A4,	0x0000,
0x28A6,	0x0000,
0x28CE,	0x0000,
0x28D0,	0x0000,
0x28D2,	0x0000,
0x28D4,	0x0000,
0x28D6,	0x0000,
0x28D8,	0x0000,
0x28DA,	0x0000,
0x28DC,	0x0000,
0x28AA,	0x0000,
0x28BC,	0x0000,
0x28AC,	0x0000,
0x28BE,	0x0000,
0x28AE,	0x0000,
0x28C0,	0x0000,
0x28B0,	0x0000,
0x28C2,	0x0000,
0x28B2,	0x0000,
0x28C4,	0x0000,
0x28B4,	0x0000,
0x28C6,	0x0000,
0x28B6,	0x0000,
0x28C8,	0x0000,
0x28B8,	0x0000,
0x28CA,	0x0000,
0xFCFC,	0x2000,
0x1300,	0x0001,
0xFCFC,	0x2002,
0xA044,	0x0001,
0xA046,	0x0101,
0xABFC,	0x0000,
0xAC06,	0x0001,
0xFCFC,	0x4001,
0x0606,	0x0024,
0x0608,	0x0014,
0x060A,	0x0034,
0xFCFC,	0x4000,
0x020C,	0x0000,
};

//4X
static u16 addr_data_pair_custom4[] = {
0xFCFC,	0x4000,
0x0B30,	0x0000,
0xFCFC,	0x4000,
0x6214,	0xFFFF,
0x6216,	0xFFFF,
0x6218,	0xFFFF,
0xA100,	0xFFFF,
0xFCFC,	0x4001,
0x0100,	0xFFFF,
0x2100,	0xFFFF,
0xFCFC,	0x4000,
0x8100,	0xFFFF,
0x621A,	0x0000,
0x621C,	0x0000,
0x6220,	0x0000,
0xA102,	0x0000,
0xFCFC,	0x4001,
0x0102,	0x0000,
0x2102,	0x0000,
0xFCFC,	0x4000,
0x8102,	0x0000,
0x0344,	0x17F8,
0x0348,	0x27E7,
0x0346,	0x1210,
0x034A,	0x1E0F,
0x034C,	0x0FF0,
0x034E,	0x0BF4,
0x0340,	0x0CCF,
0x0342,	0x4F60,
0x0900,	0x0011,
0x0380,	0x0001,
0x0382,	0x0001,
0x0384,	0x0001,
0x0386,	0x0001,
0x040C,	0x0000,
0x0400,	0x1010,
0x0408,	0x0100,
0x040A,	0x0100,
0x0350,	0x0000,
0x0352,	0x0006,
0x0136,	0x1800,
0x013E,	0x0000,
0x0304,	0x0003,
0x0306,	0x00FA,
0x030C,	0x0001,
0x030E,	0x0003,
0x0310,	0x00AA,
0x0312,	0x0001,
0x031A,	0x0003,
0x031C,	0x0037,
0x031E,	0x0002,
0x0B08,	0x0101,
0x0202,	0x0014,
0x022C,	0x0014,
0x0226,	0x0014,
0x0702,	0x0000,
0x0704,	0x0000,
0x0B02,	0x0101,
0x0B04,	0x0011,
0x0BE2,	0x0000,
0x0BC2,	0x0000,
0x0BC4,	0x0000,
0x021E,	0x0000,
0x0228,	0x0100,
0x0722,	0x0800,
0x0112,	0x0A0C,
0x0114,	0x0301,
0x0118,	0x0004,
0x011A,	0x0001,
0x011C,	0x0101,
0x0270,	0x2C2B,
0x0272,	0x2B10,
0x0260,	0x0001,
0x0262,	0x0200,
0x0264,	0x0102,
0x0266,	0x0000,
0x0274,	0x3030,
0x0720,	0x0001,
0x0724,	0x0001,
0x0728,	0x01FC,
0x072A,	0x00BE,
0x072C,	0x007C,
0x072E,	0x00BE,
0xFCFC,	0x2001,
0x9000,	0x0000,
0x9082,	0x0100,
0xFCFC,	0x2000,
0x14B8,	0x0000,
0x4294,	0x0000,
0x4296,	0x0000,
0x4298,	0x0000,
0x429A,	0x0000,
0x429C,	0x0000,
0x429E,	0x0000,
0x42A0,	0x0000,
0x42A2,	0x0000,
0x42A4,	0x0000,
0x42A6,	0x0000,
0x42BC,	0x0000,
0x42BE,	0x0000,
0x42C0,	0x0000,
0x42C2,	0x0000,
0x42C4,	0x0000,
0x42C6,	0x0000,
0x42C8,	0x0000,
0x42CA,	0x0000,
0x42CC,	0x0000,
0x42CE,	0x0000,
0x42E4,	0x0000,
0x42E6,	0x0000,
0x442A,	0x000A,
0x443A,	0x000A,
0x4428,	0x0000,
0x4438,	0x0000,
0x4424,	0x0014,
0x4434,	0x0014,
0x4432,	0x001F,
0x4442,	0x001F,
0x4430,	0x001A,
0x4440,	0x001A,
0x442C,	0x0024,
0x443C,	0x0024,
0xFCFC,	0x2001,
0x9270,	0x0000,
0x9306,	0xFFFF,
0x9308,	0xFFFF,
0x930A,	0xFFFF,
0x9D62,	0x0007,
0x9D64,	0x0007,
0x9D66,	0x0007,
0x9D68,	0x000A,
0x9D6A,	0x000A,
0x9D6C,	0x000A,
0x9D72,	0x0014,
0x9D74,	0x0014,
0x9D76,	0x0014,
0x9D78,	0x0014,
0x9D7A,	0x0014,
0x9D7C,	0x0014,
0x9D82,	0x0014,
0x9D84,	0x0014,
0x9D86,	0x001E,
0x9D88,	0x0028,
0x9D8A,	0x0032,
0x9D8C,	0x0032,
0x9D92,	0x0014,
0x9D94,	0x0014,
0x9D96,	0x001E,
0x9D98,	0x0028,
0x9D9A,	0x0032,
0x9D9C,	0x0032,
0x9DA2,	0x0014,
0x9DA4,	0x0014,
0x9DA6,	0x001E,
0x9DA8,	0x0032,
0x9DAA,	0x0032,
0x9DAC,	0x0032,
0x9DB2,	0x0000,
0x9DB4,	0x0000,
0x9DB6,	0x0000,
0x9DB8,	0x0000,
0x9DBA,	0x0000,
0x9DBC,	0x0000,
0x928C,	0x4057,
0x928E,	0x2F36,
0x9290,	0x506A,
0x92A8,	0x2500,
0x92B4,	0x2D3C,
0x9852,	0x0550,
0x9854,	0x0550,
0x9856,	0x0550,
0x9858,	0x0550,
0x985A,	0x0550,
0x985C,	0x0550,
0x92D0,	0x3FFF,
0x92D2,	0x3FFF,
0x92D4,	0x3FFF,
0x92F4,	0x3FFF,
0x92F6,	0x3FFF,
0x92F8,	0x3FFF,
0x7DB2,	0x03FF,
0xFCFC,	0x2001,
0x94B6,	0x0258,
0x94B8,	0x0258,
0x94BA,	0x0258,
0x94BC,	0x0258,
0x94BE,	0x0258,
0x94C0,	0x0258,
0x94D2,	0x0190,
0x94D4,	0x0190,
0x94D6,	0x0190,
0x94D8,	0x0190,
0x94DA,	0x0190,
0x94DC,	0x0190,
0x94EE,	0x01F4,
0x94F0,	0x01F4,
0x94F2,	0x01F4,
0x94F4,	0x01F4,
0x94F6,	0x01F4,
0x94F8,	0x01F4,
0x9276,	0x0101,
0x9278,	0x0101,
0x927A,	0x0109,
0x92E2,	0x00BE,
0x92E4,	0x00BE,
0x92E6,	0x00BE,
0x92E8,	0x27D8,
0x92EA,	0x27D8,
0x92EC,	0x27D8,
0x988A,	0x0001,
0x988C,	0x0001,
0x988E,	0x0001,
0x9890,	0x0001,
0x9892,	0x0001,
0x9894,	0x0001,
0x9606,	0x001E,
0x9608,	0x001E,
0x960A,	0x001E,
0x960C,	0x001E,
0x960E,	0x001E,
0x9610,	0x001E,
0x9836,	0x0000,
0x9838,	0x0001,
0x983A,	0x0001,
0x983C,	0x0001,
0x983E,	0x0001,
0x9840,	0x0001,
0x1984,	0x0100,
0x19A2,	0x0000,
0x19F8,	0x0000,
0x19FA,	0x0200,
0x19E6,	0x0001,
0x19E8,	0x0002,
0x19EC,	0x0100,
0x19EE,	0x0400,
0x19F0,	0x0400,
0x231A,	0x0001,
0x2372,	0x0001,
0x2326,	0x0001,
0x2342,	0x0030,
0x232A,	0x0011,
0x2374,	0x002C,
0x238C,	0x0084,
0x2376,	0x0000,
0x238E,	0x0001,
0x2344,	0x0014,
0x232C,	0x0001,
0x237E,	0x0000,
0x2396,	0x0001,
0x234C,	0x0014,
0x2334,	0x0001,
0x23A4,	0x0000,
0x2380,	0x0000,
0x2398,	0x0001,
0x234E,	0x0014,
0x2336,	0x0001,
0x2382,	0x0000,
0x239A,	0x0001,
0x2350,	0x0014,
0x2338,	0x0001,
0x2354,	0x0014,
0x233C,	0x0001,
0x2386,	0x0000,
0x239E,	0x0001,
0x3B22,	0x0100,
0x3A9E,	0x0808,
0x3AA0,	0x0101,
0x3B2C,	0x0040,
0x3AD4,	0x0100,
0x3AE6,	0x0000,
0x3AF2,	0x0000,
0x8180,	0x0001,
0x818E,	0x0FF0,
0x8190,	0x0C00,
0x0AF2,	0x0C00,
0x0AF4,	0x0000,
0x0ACE,	0x0A28,
0x39B0,	0x0200,
0x399C,	0x0000,
0x399E,	0x0000,
0xBDC0,	0x0000,
0xBDC2,	0x0001,
0x2950,	0x0000,
0x3950,	0x8888,
0xB440,	0x0000,
0xA780,	0x0000,
0xA78C,	0x0C20,
0xA790,	0x0010,
0xA7AA,	0x0000,
0xA8EC,	0x0100,
0xA922,	0x0000,
0xA924,	0x0000,
0xA926,	0x0000,
0xA936,	0x0080,
0xA938,	0x0080,
0xA940,	0x0080,
0xA942,	0x0000,
0xA944,	0x0000,
0xA948,	0x0001,
0x1310,	0x00E4,
0x3BB0,	0x0204,
0x9350,	0x0100,
0x8A24,	0x0004,
0x8A26,	0x0004,
0x8A12,	0x0000,
0x918C,	0xFFFF,
0x8A18,	0x0000,
0x8A1A,	0x0000,
0x26FC,	0x0000,
0x271C,	0x0002,
0x204A,	0x1382,
0x2052,	0x0072,
0x2054,	0x003A,
0x2078,	0x0809,
0x2204,	0x0220,
0x0E74,	0x030F,
0x0E76,	0x030F,
0x2726,	0x0507,
0x3A78,	0xFF01,
0x3A50,	0x0100,
0x897A,	0xFFFF,
0x8986,	0x0200,
0x898A,	0x2101,
0x899C,	0xFF00,
0x89EA,	0x0200,
0x89EC,	0x0200,
0x89EE,	0x0200,
0x89F0,	0x0200,
0x897E,	0x0005,
0x8980,	0x0603,
0x8974,	0x0001,
0x291E,	0x0100,
0x9062,	0x03FF,
0x906E,	0x03FF,
0x9046,	0x077E,
0x3BB2,	0x0100,
0x3C42,	0x01A0,
0x3C44,	0x415F,
0x3C46,	0x00C4,
0x3C48,	0x30C3,
0x9080,	0x0006,
0x92FC,	0x0100,
0x0AC2,	0x04F6,
0x20B6,	0x0003,
0x20B8,	0x0003,
0x20BA,	0x0003,
0x20BC,	0x0003,
0x20BE,	0x0003,
0x20C0,	0x0003,
0x20C2,	0x0003,
0x20C4,	0x0003,
0x20C6,	0x0003,
0x20C8,	0x0003,
0x0BEC,	0x0000,
0x0C42,	0x03C0,
0x2690,	0x03C0,
0x12D6,	0x992C,
0x12D8,	0xA4C2,
0x12DC,	0x0109,
0x12D4,	0xA6FD,
0x0C50,	0x2CC5,
0x0C52,	0x7C3F,
0x0C5E,	0x0249,
0x26A8,	0x0022,
0x26A4,	0x0036,
0x26A6,	0x0036,
0x12DA,	0x2020,
0x0D14,	0x80F0,
0x0BDC,	0x002B,
0x0BE6,	0x0240,
0x0BE8,	0x2240,
0x0B52,	0x0E06,
0x0B56,	0x0E06,
0x0B58,	0x0606,
0x0B6A,	0x0206,
0x0B6E,	0x0206,
0x0B70,	0x0606,
0x0B82,	0x0202,
0x0B86,	0x0202,
0x0B88,	0x0202,
0x0BB2,	0x1313,
0x0BB6,	0x1313,
0x0BB8,	0x130B,
0x0BBA,	0x1313,
0x0BCE,	0x1313,
0x0BD0,	0x1313,
0x0BD2,	0x1313,
0x7DD4,	0x0100,
0x9090,	0x0100,
0x90A2,	0x0100,
0x9100,	0x0211,
0x9140,	0x0200,
0x9110,	0x0200,
0x0CC0,	0x0000,
0x0CC2,	0x0000,
0x0CCE,	0x0000,
0x0CE4,	0x0000,
0x0CFA,	0x0000,
0x1AD4,	0x0101,
0x1AD6,	0x0001,
0x2866,	0x0002,
0x3B28,	0x0008,
0x3B2A,	0x0000,
0x1316,	0x0010,
0x131A,	0x000A,
0x6DB2,	0x0000,
0x6DB4,	0x0000,
0x6DB6,	0x0000,
0x6DB8,	0x0000,
0x6DBA,	0x0000,
0x6DBC,	0x0000,
0x6DBE,	0x0000,
0x6DC0,	0x0000,
0x6DC2,	0x0000,
0x6DF2,	0x0000,
0x6DF4,	0x0000,
0x6E74,	0x0000,
0x6E76,	0x0000,
0x6E78,	0x0000,
0x6EB4,	0x0000,
0x6EB6,	0x0000,
0x6EB8,	0x0000,
0x6D70,	0x0000,
0x6D72,	0x0000,
0x6D74,	0x0000,
0x6D76,	0x0000,
0x6D78,	0x0000,
0x6D7A,	0x0000,
0x6D7C,	0x0000,
0x6D7E,	0x0000,
0x6D80,	0x0000,
0x6DF6,	0x0000,
0x6DF8,	0x0000,
0x6E34,	0x0000,
0x6E36,	0x0000,
0x6E38,	0x0000,
0x7162,	0x0000,
0x7164,	0x0000,
0x7166,	0x0000,
0x7168,	0x0000,
0x7172,	0x0000,
0x7174,	0x0000,
0x7176,	0x0000,
0x7178,	0x0000,
0x7182,	0x0000,
0x7184,	0x0000,
0x7186,	0x0000,
0x7188,	0x0000,
0x7192,	0x0000,
0x7194,	0x0000,
0x7196,	0x0000,
0x7198,	0x0000,
0x716A,	0x0000,
0x716C,	0x0000,
0x716E,	0x0000,
0x7170,	0x0000,
0x717A,	0x0000,
0x717C,	0x0000,
0x717E,	0x0000,
0x7180,	0x0000,
0x718A,	0x0000,
0x718C,	0x0000,
0x718E,	0x0000,
0x7190,	0x0000,
0x719A,	0x0000,
0x719C,	0x0000,
0x719E,	0x0000,
0x71A0,	0x0000,
0x71A2,	0x0000,
0x71A4,	0x0000,
0x71A6,	0x0000,
0x71A8,	0x0000,
0x71B2,	0x0000,
0x71B4,	0x0000,
0x71B6,	0x0000,
0x71B8,	0x0000,
0x71C2,	0x0000,
0x71C4,	0x0000,
0x71C6,	0x0000,
0x71C8,	0x0000,
0x71D2,	0x0000,
0x71D4,	0x0000,
0x71D6,	0x0000,
0x71D8,	0x0000,
0x71AA,	0x0000,
0x71AC,	0x0000,
0x71AE,	0x0000,
0x71B0,	0x0000,
0x71BA,	0x0000,
0x71BC,	0x0000,
0x71BE,	0x0000,
0x71C0,	0x0000,
0x71CA,	0x0000,
0x71CC,	0x0000,
0x71CE,	0x0000,
0x71D0,	0x0000,
0x71DA,	0x0000,
0x71DC,	0x0000,
0x71DE,	0x0000,
0x71E0,	0x0000,
0xB2F8,	0x0000,
0xB2FA,	0x0320,
0xB2FE,	0x0000,
0xB300,	0x0001,
0xB302,	0x0002,
0xB304,	0x0004,
0xB306,	0x0006,
0xB308,	0x0008,
0xB30A,	0x000A,
0xB30C,	0x000C,
0xB30E,	0x000F,
0xB310,	0x0012,
0xB312,	0x0016,
0xB314,	0x0021,
0xB316,	0x005A,
0xB318,	0x00C0,
0xB31A,	0x00F0,
0xB31C,	0x011C,
0xB31E,	0x0120,
0xB320,	0x0130,
0xB322,	0x02C0,
0xB324,	0x0320,
0xB326,	0x08C0,
0xB328,	0x16C0,
0xB32A,	0x3200,
0xB32C,	0x3FF0,
0xB32E,	0xFFFF,
0xB330,	0xFFFF,
0xB332,	0xFFFF,
0xB334,	0xFFFF,
0xB336,	0xFFFF,
0xB338,	0xFFFF,
0xB33A,	0xFFFF,
0xB33C,	0xFFFF,
0xB33E,	0x1263,
0xB340,	0x1263,
0xB342,	0x1252,
0xB344,	0x1231,
0xB346,	0x1211,
0xB348,	0x11F0,
0xB34A,	0x11CF,
0xB34C,	0x11AF,
0xB34E,	0x1180,
0xB350,	0x1165,
0xB352,	0x1140,
0xB354,	0x10FB,
0xB356,	0x1091,
0xB358,	0x1071,
0xB35A,	0x1063,
0xB35C,	0x1056,
0xB35E,	0x1055,
0xB360,	0x1052,
0xB362,	0x102C,
0xB364,	0x1028,
0xB366,	0x1012,
0xB368,	0x1001,
0xB36A,	0x1000,
0xB36C,	0x1000,
0xB36E,	0x1000,
0xB370,	0x1000,
0xB372,	0x1000,
0xB374,	0x1000,
0xB376,	0x1000,
0xB378,	0x1000,
0xB37A,	0x1000,
0xB37C,	0x1000,
0xB37E,	0x0D00,
0xB390,	0x1301,
0xB3E8,	0x1301,
0xFCFC,	0x2002,
0xA03E,	0x001F,
0xA04A,	0x0100,
0xA08A,	0x0100,
0xA08C,	0x0000,
0xA08E,	0x0064,
0xA090,	0x0064,
0xA092,	0x0064,
0xA094,	0x0064,
0xA096,	0x0064,
0xA040,	0x0102,
0xFCFC,	0x2000,
0x4490,	0x0000,
0x4492,	0x0065,
0x5510,	0x0000,
0x5524,	0x0190,
0x5526,	0x0190,
0x428A,	0x00FF,
0x428C,	0xFFFF,
0x428E,	0xFFFF,
0x4290,	0xFFFF,
0x550A,	0x0100,
0x13A2,	0x0001,
0x5508,	0x4040,
0x54AA,	0x0703,
0x54AC,	0x0508,
0x5426,	0x0100,
0x543E,	0x0000,
0x542A,	0x05DC,
0x538C,	0x0000,
0x538E,	0x0000,
0x538A,	0x0001,
0x4482,	0x0101,
0x4484,	0x0100,
0x12CA,	0x0002,
0x1320,	0x0101,
0x12EA,	0x0100,
0x12F0,	0x0100,
0x4486,	0x0000,
0x448A,	0x0100,
0x448C,	0x0101,
0x1348,	0x7000,
0x1352,	0x8300,
0x1366,	0x0100,
0x54BE,	0x0010,
0x54DC,	0x0144,
0x54C0,	0x0006,
0x54DE,	0x0036,
0x54C2,	0x0008,
0x54E0,	0x0010,
0x54C4,	0x0004,
0x54E2,	0x0016,
0x54C6,	0x0004,
0x54E4,	0x0010,
0x54C8,	0x0008,
0x54E6,	0x0006,
0x54CA,	0x0004,
0x54E8,	0x0006,
0x54CC,	0x0004,
0x54EA,	0x0006,
0x54CE,	0x0002,
0x54EC,	0x0010,
0x54D0,	0x0002,
0x54EE,	0x0006,
0x5556,	0x0010,
0x4BDC,	0x0000,
0x4BDE,	0x0000,
0x4BE6,	0x0200,
0x4BF8,	0x0200,
0x4BEA,	0x0020,
0x4BFC,	0x0020,
0x4BEC,	0x0200,
0x4BFE,	0x0200,
0x4D74,	0x0000,
0x4D76,	0x0000,
0x4D78,	0x0000,
0x4D7A,	0x0000,
0x4BE8,	0x0200,
0x4BFA,	0x0200,
0x4E14,	0x0000,
0x4E16,	0x0000,
0x4E18,	0x0000,
0x4E1A,	0x0000,
0x4EB4,	0x0000,
0x4EB6,	0x0000,
0x4EB8,	0x0000,
0x4EBA,	0x0000,
0x4F54,	0x0000,
0x4F56,	0x0000,
0x4F58,	0x0000,
0x4F5A,	0x0000,
0x56DA,	0x0064,
0x56F2,	0x0064,
0x570A,	0x0064,
0x57CA,	0x0016,
0x5AFA,	0x008B,
0x5B2A,	0x007E,
0x6622,	0x00B3,
0x7CEA,	0x0047,
0x7E82,	0x0002,
0x68F2,	0x0012,
0x6922,	0x0032,
0x5AB2,	0x002D,
0x660A,	0x0019,
0x7D92,	0x0137,
0x582A,	0x0001,
0x57B4,	0x0008,
0x57CC,	0x0008,
0x57FC,	0x0008,
0x582C,	0x0008,
0x5994,	0x001E,
0x5A24,	0x001E,
0x5AB4,	0x002D,
0x5AFC,	0x006B,
0x5B14,	0x006B,
0x5B2C,	0x005E,
0x5B44,	0x005E,
0x660C,	0x0019,
0x6624,	0x0093,
0x6654,	0x0093,
0x7CEC,	0x0047,
0x7D7C,	0x00AF,
0x7D94,	0x00A0,
0x7E84,	0x0002,
0x57BC,	0x0008,
0x57D4,	0x0008,
0x5804,	0x0008,
0x5834,	0x0008,
0x599C,	0x001E,
0x5A2C,	0x001E,
0x5ABC,	0x002D,
0x5B04,	0x006B,
0x5B1C,	0x006B,
0x5B34,	0x005E,
0x5B4C,	0x005E,
0x6614,	0x0019,
0x662C,	0x0093,
0x665C,	0x0093,
0x68FC,	0x0010,
0x6914,	0x0029,
0x692C,	0x0030,
0x7CF4,	0x0047,
0x7D84,	0x00AF,
0x7D9C,	0x00CB,
0x7E8C,	0x0002,
0x7EA4,	0x0047,
0x59FC,	0x0023,
0x59CC,	0x007D,
0x56E6,	0x004B,
0x56FE,	0x004B,
0x5716,	0x004B,
0x5836,	0x0008,
0x7CF6,	0x0047,
0x5B06,	0x006B,
0x5B1E,	0x006B,
0x5B36,	0x005E,
0x5B4E,	0x005E,
0x662E,	0x0093,
0x665E,	0x0093,
0x57D6,	0x0008,
0x5806,	0x0008,
0x599E,	0x001E,
0x59FE,	0x0023,
0x68FE,	0x0010,
0x6916,	0x0029,
0x692E,	0x0030,
0x7D9E,	0x00CB,
0x7D86,	0x00AF,
0x7EA6,	0x0047,
0x7EA8,	0x0047,
0x5838,	0x0008,
0x7CF8,	0x0047,
0x5B08,	0x006B,
0x5B20,	0x006B,
0x5B38,	0x005E,
0x5B50,	0x005E,
0x6630,	0x0093,
0x6660,	0x0093,
0x57D8,	0x0008,
0x5808,	0x0008,
0x5A00,	0x0023,
0x6900,	0x0010,
0x6918,	0x0029,
0x6930,	0x0030,
0x583C,	0x0008,
0x5A04,	0x0023,
0x5AC4,	0x0069,
0x5ADC,	0x0069,
0x661C,	0x0055,
0x6634,	0x0093,
0x664C,	0x0055,
0x6664,	0x0093,
0x5B0C,	0x006B,
0x5B24,	0x006B,
0x5B3C,	0x005E,
0x5B54,	0x005E,
0x6904,	0x0010,
0x691C,	0x0030,
0x6934,	0x0030,
0x7CFC,	0x0055,
0x7D14,	0x0055,
0x7D8C,	0x0118,
0x7DA4,	0x0131,
0x7DBC,	0x0131,
0x7EAC,	0x0055,
0x13A0,	0x0002,
0x5536,	0x1000,
0x1330,	0x26DE,
0x1334,	0x25FD,
0x137E,	0x20FF,
0x1464,	0x09C4,
0xFCFC,	0x2001,
0x26AA,	0x0000,
0x136A,	0x0043,
0x1372,	0x3308,
0x395A,	0x7F02,
0x3FD8,	0x0100,
0x4C3C,	0x0000,
0x3FEC,	0x0200,
0x3FFE,	0x0608,
0x4004,	0x0006,
0x3FE2,	0x00FF,
0x4010,	0x0000,
0x3FD0,	0x0010,
0x3FD2,	0x000C,
0x3FE8,	0x20FF,
0x3FEA,	0xFF00,
0xAACA,	0x0000,
0xB2E4,	0x0101,
0xB47A,	0x1000,
0xB47C,	0x0000,
0xB47E,	0x00F5,
0x1AD8,	0x0101,
0x1A4C,	0x0002,
0x1982,	0x0000,
0x7C30,	0x0200,
0x7C34,	0x0001,
0x7C36,	0xB308,
0x291A,	0x0000,
0x79F0,	0x0000,
0x9048,	0x0000,
0x904A,	0x0000,
0x904C,	0x0000,
0x904E,	0x0000,
0x9050,	0x0000,
0x9054,	0x0000,
0x9056,	0x0000,
0x9058,	0x0000,
0x905A,	0x0000,
0x0C14,	0x0000,
0x0C16,	0x9D60,
0x0C18,	0x0000,
0x0C1A,	0x9D60,
0xFCFC,	0x2000,
0x4BE2,	0x0000,
0x4BF4,	0x0200,
0x4C06,	0x0200,
0x51D4,	0x0000,
0x51D6,	0x0000,
0x51D8,	0x0000,
0x51DA,	0x0000,
0x51DC,	0x0000,
0x51DE,	0x0000,
0x51E0,	0x0000,
0x51E2,	0x0000,
0x4BE0,	0x0000,
0x4BEE,	0x0000,
0x4C00,	0x0000,
0x4FF4,	0x0000,
0x4FF6,	0x0000,
0x4FF8,	0x0000,
0x4FFA,	0x0000,
0x4BF0,	0x0000,
0x4C02,	0x0000,
0x5094,	0x0000,
0x5096,	0x0000,
0x5098,	0x0000,
0x509A,	0x0000,
0x509C,	0x0000,
0x509E,	0x0000,
0x50A0,	0x0000,
0x50A2,	0x0000,
0x50A4,	0x0000,
0x50A6,	0x0000,
0x50A8,	0x0000,
0x50AA,	0x0000,
0x50AC,	0x0000,
0x50AE,	0x0000,
0x50B0,	0x0000,
0x50B2,	0x0000,
0xFCFC,	0x4000,
0xBA8C,	0x0000,
0xBA90,	0x0000,
0xFEFA,	0x0000,
0xFEFC,	0x0000,
0xF33A,	0x0008,
0xFD7C,	0x0009,
0xF338,	0x0022,
0xFD7A,	0x0022,
0xF31E,	0x0000,
0xF32A,	0x0000,
0xF320,	0x0000,
0xF32C,	0x0000,
0xFCFC,	0x2001,
0x0C04,	0x2E28,
0x0C0A,	0x2E28,
0x19E4,	0x0001,
0x7C48,	0x03FF,
0x2872,	0x0001,
0x26B2,	0xFDA2,
0x26B4,	0xFDA0,
0x26B6,	0x0040,
0x26C4,	0x001B,
0x26B8,	0x0080,
0x26C6,	0x0024,
0x26BA,	0x0100,
0x26C8,	0x002B,
0x26BC,	0x0200,
0x26CA,	0x0030,
0x26BE,	0x0200,
0x26CC,	0x0030,
0x26C0,	0x0200,
0x26CE,	0x0030,
0x26C2,	0x0200,
0x26D0,	0x0030,
0x26D2,	0x0033,
0x26B0,	0x0101,
0x2874,	0x0020,
0x2876,	0x0040,
0x2878,	0x0080,
0x287A,	0x0100,
0x287C,	0x0200,
0x287E,	0x0000,
0x2880,	0x0000,
0x2882,	0x0000,
0x2886,	0x736B,
0x2888,	0x736B,
0x288A,	0x730B,
0x288C,	0x730B,
0x288E,	0x730B,
0x2890,	0x0000,
0x2892,	0x0000,
0x2894,	0x0000,
0x2898,	0xFD0A,
0x289A,	0xFD0A,
0x289C,	0xFD0A,
0x289E,	0xFD0A,
0x28A0,	0xFD0A,
0x28A2,	0x0000,
0x28A4,	0x0000,
0x28A6,	0x0000,
0x28CE,	0x0000,
0x28D0,	0x0000,
0x28D2,	0x0000,
0x28D4,	0x0000,
0x28D6,	0x0000,
0x28D8,	0x0000,
0x28DA,	0x0000,
0x28DC,	0x0000,
0x28AA,	0x0000,
0x28BC,	0x0000,
0x28AC,	0x0000,
0x28BE,	0x0000,
0x28AE,	0x0000,
0x28C0,	0x0000,
0x28B0,	0x0000,
0x28C2,	0x0000,
0x28B2,	0x0000,
0x28C4,	0x0000,
0x28B4,	0x0000,
0x28C6,	0x0000,
0x28B6,	0x0000,
0x28C8,	0x0000,
0x28B8,	0x0000,
0x28CA,	0x0000,
0xFCFC,	0x2000,
0x1300,	0x0001,
0xFCFC,	0x2002,
0xA044,	0x0101,
0xA046,	0x0201,
0xAE90,	0x0100,
0xAE9A,	0x0001,
0xFCFC,	0x4001,
0x0606,	0x0024,
0x0608,	0x0014,
0x060A,	0x0034,
0xFCFC,	0x4000,
0x020C,	0x0000,
};

//capture iDCG
static u16 addr_data_pair_custom5[] = {
0xFCFC,	0x4000,
0x0B30,	0x0000,
0xFCFC,	0x4000,
0x6214,	0xFFFF,
0x6216,	0xFFFF,
0x6218,	0xFFFF,
0xA100,	0xFFFF,
0xFCFC,	0x4001,
0x0100,	0xFFFF,
0x2100,	0xFFFF,
0xFCFC,	0x4000,
0x8100,	0xFFFF,
0x621A,	0x0000,
0x621C,	0x0000,
0x6220,	0x0000,
0xA102,	0x0000,
0xFCFC,	0x4001,
0x0102,	0x0000,
0x2102,	0x0000,
0xFCFC,	0x4000,
0x8102,	0x0000,
0x0344,	0x0010,
0x0348,	0x3FCF,
0x0346,	0x0010,
0x034A,	0x300F,
0x034C,	0x0FF0,
0x034E,	0x0BF4,
0x0340,	0x0F70,
0x0342,	0x41D0,
0x0900,	0x3244,
0x0380,	0x0004,
0x0382,	0x0004,
0x0384,	0x0004,
0x0386,	0x0004,
0x040C,	0x0000,
0x0400,	0x1010,
0x0408,	0x0100,
0x040A,	0x0100,
0x0350,	0x0000,
0x0352,	0x0006,
0x0136,	0x1800,
0x013E,	0x0000,
0x0304,	0x0003,
0x0306,	0x00FA,
0x030C,	0x0001,
0x030E,	0x0003,
0x0310,	0x00AA,
0x0312,	0x0001,
0x031A,	0x0002,
0x031C,	0x0026,
0x031E,	0x0002,
0x0B08,	0x0100,
0x0202,	0x0014,
0x022C,	0x0014,
0x0226,	0x0014,
0x0702,	0x0000,
0x0704,	0x0000,
0x0B02,	0x0102,
0x0B04,	0x0011,
0x0BE2,	0x0000,
0x0BC2,	0x0000,
0x0BC4,	0x0000,
0x021E,	0x0500,
0x0228,	0x0100,
0x0722,	0x2000,
0x0112,	0x0A0C,
0x0114,	0x0301,
0x0118,	0x0004,
0x011A,	0x0001,
0x011C,	0x0101,
0x0270,	0x2B2B,
0x0272,	0x2C10,
0x0260,	0x0000,
0x0262,	0x0000,
0x0264,	0x0102,
0x0266,	0x0000,
0x0274,	0x3030,
0x0720,	0x0001,
0x0724,	0x0001,
0x0728,	0x07F8,
0x072A,	0x02FC,
0x072C,	0x01FC,
0x072E,	0x02FC,
0xFCFC,	0x2001,
0x9000,	0x0300,
0x9082,	0x0100,
0xFCFC,	0x2000,
0x14B8,	0x0000,
0x4294,	0xFF16,
0x4296,	0x7FFF,
0x4298,	0xBA84,
0x429A,	0x0200,
0x429C,	0xBA86,
0x429E,	0x0400,
0x42A0,	0xBA88,
0x42A2,	0x0200,
0x42A4,	0xBA8A,
0x42A6,	0x0200,
0x42BC,	0xFF16,
0x42BE,	0x7FFF,
0x42C0,	0xBA84,
0x42C2,	0x0200,
0x42C4,	0xBA86,
0x42C6,	0x0400,
0x42C8,	0xBA88,
0x42CA,	0x0200,
0x42CC,	0xBA8A,
0x42CE,	0x0200,
0x42E4,	0xFF16,
0x42E6,	0x0000,
0x442A,	0x000A,
0x443A,	0x000F,
0x4428,	0x0000,
0x4438,	0x0005,
0x4424,	0x0014,
0x4434,	0x0015,
0x4432,	0x001F,
0x4442,	0x001F,
0x4430,	0x001A,
0x4440,	0x001A,
0x442C,	0x0024,
0x443C,	0x0024,
0xFCFC,	0x2001,
0x9270,	0x0000,
0x9306,	0x0400,
0x9308,	0x0400,
0x930A,	0x0400,
0x9D62,	0x0032,
0x9D64,	0x0032,
0x9D66,	0x0028,
0x9D68,	0x001E,
0x9D6A,	0x001E,
0x9D6C,	0x001E,
0x9D72,	0x0032,
0x9D74,	0x0032,
0x9D76,	0x0028,
0x9D78,	0x001E,
0x9D7A,	0x001E,
0x9D7C,	0x001E,
0x9D82,	0x0032,
0x9D84,	0x0032,
0x9D86,	0x0028,
0x9D88,	0x001E,
0x9D8A,	0x001E,
0x9D8C,	0x001E,
0x9D92,	0x0032,
0x9D94,	0x0032,
0x9D96,	0x0028,
0x9D98,	0x001E,
0x9D9A,	0x001E,
0x9D9C,	0x001E,
0x9DA2,	0x0050,
0x9DA4,	0x0032,
0x9DA6,	0x0032,
0x9DA8,	0x0028,
0x9DAA,	0x0028,
0x9DAC,	0x0028,
0x9DB2,	0x0001,
0x9DB4,	0x0001,
0x9DB6,	0x0001,
0x9DB8,	0x0001,
0x9DBA,	0x0001,
0x9DBC,	0x0001,
0x928C,	0x5C5C,
0x928E,	0x2F36,
0x9290,	0x6E68,
0x92A8,	0x0E00,
0x92B4,	0x303C,
0x9852,	0x070F,
0x9854,	0x070F,
0x9856,	0x0677,
0x9858,	0x05C3,
0x985A,	0x0534,
0x985C,	0x0534,
0x92D0,	0xFFFF,
0x92D2,	0xFFFF,
0x92D4,	0xFFFF,
0x92F4,	0xFFFF,
0x92F6,	0xFFFF,
0x92F8,	0xFFFF,
0x7DB2,	0x03FF,
0xFCFC,	0x2001,
0x94B6,	0x0258,
0x94B8,	0x0258,
0x94BA,	0x0258,
0x94BC,	0x0258,
0x94BE,	0x0258,
0x94C0,	0x0258,
0x94D2,	0x0190,
0x94D4,	0x0190,
0x94D6,	0x0190,
0x94D8,	0x0190,
0x94DA,	0x0190,
0x94DC,	0x0190,
0x94EE,	0x01F4,
0x94F0,	0x01F4,
0x94F2,	0x01F4,
0x94F4,	0x01F4,
0x94F6,	0x01F4,
0x94F8,	0x01F4,
0x9276,	0x0101,
0x9278,	0x0101,
0x927A,	0x0109,
0x92E2,	0x00BE,
0x92E4,	0x00BE,
0x92E6,	0x00BE,
0x92E8,	0x27D8,
0x92EA,	0x27D8,
0x92EC,	0x27D8,
0x988A,	0x0001,
0x988C,	0x0001,
0x988E,	0x0001,
0x9890,	0x0001,
0x9892,	0x0001,
0x9894,	0x0001,
0x9606,	0x001E,
0x9608,	0x001E,
0x960A,	0x001E,
0x960C,	0x001E,
0x960E,	0x001E,
0x9610,	0x001E,
0x9836,	0x0000,
0x9838,	0x0001,
0x983A,	0x0001,
0x983C,	0x0001,
0x983E,	0x0001,
0x9840,	0x0001,
0x1984,	0x0000,
0x19A2,	0x0100,
0x19F8,	0x0200,
0x19FA,	0x0800,
0x19E6,	0x0002,
0x19E8,	0x0008,
0x19EC,	0x0200,
0x19EE,	0x0400,
0x19F0,	0x0800,
0x231A,	0x0001,
0x2372,	0x0006,
0x2326,	0x0000,
0x2342,	0x0014,
0x232A,	0x0001,
0x2374,	0x0000,
0x238C,	0x0001,
0x2376,	0x0000,
0x238E,	0x0001,
0x2344,	0x0014,
0x232C,	0x0001,
0x237E,	0x0000,
0x2396,	0x0001,
0x234C,	0x0014,
0x2334,	0x0001,
0x23A4,	0x0001,
0x2380,	0x0000,
0x2398,	0x0001,
0x234E,	0x0014,
0x2336,	0x0001,
0x2382,	0x0000,
0x239A,	0x0001,
0x2350,	0x0014,
0x2338,	0x0001,
0x2354,	0x006C,
0x233C,	0x05A1,
0x2386,	0x0000,
0x239E,	0x0001,
0x3B22,	0x0100,
0x3A9E,	0x0202,
0x3AA0,	0x0201,
0x3B2C,	0x0040,
0x3AD4,	0x0101,
0x3AE6,	0x0000,
0x3AF2,	0x0014,
0x8180,	0x0001,
0x818E,	0x0FF0,
0x8190,	0x0BF4,
0x0AF2,	0x0C09,
0x0AF4,	0x0000,
0x0ACE,	0x0A28,
0x39B0,	0x0200,
0x399C,	0x0000,
0x399E,	0x0000,
0xBDC0,	0x0000,
0xBDC2,	0x0001,
0x2950,	0x0000,
0x3950,	0x8822,
0xB440,	0x0000,
0xA780,	0x0000,
0xA78C,	0x0C20,
0xA790,	0x0010,
0xA7AA,	0x0000,
0xA8EC,	0x0100,
0xA922,	0x0000,
0xA924,	0x0000,
0xA926,	0x0000,
0xA936,	0x0080,
0xA938,	0x0080,
0xA940,	0x0080,
0xA942,	0x0000,
0xA944,	0x0001,
0xA948,	0x0001,
0x1310,	0x00E4,
0x3BB0,	0x0204,
0x9350,	0x0100,
0x8A24,	0x0001,
0x8A26,	0x0001,
0x8A12,	0x0101,
0x918C,	0xFFFF,
0x8A18,	0x0000,
0x8A1A,	0x0000,
0x26FC,	0x0000,
0x271C,	0x0002,
0x204A,	0x0B82,
0x2052,	0x0070,
0x2054,	0x003A,
0x2078,	0x0809,
0x2204,	0x0220,
0x0E74,	0x030F,
0x0E76,	0x030F,
0x2726,	0x0507,
0x3A78,	0xFF01,
0x3A50,	0x0100,
0x897A,	0x0040,
0x8986,	0x0100,
0x898A,	0x2100,
0x899C,	0x0000,
0x89EA,	0x0200,
0x89EC,	0x0200,
0x89EE,	0x0200,
0x89F0,	0x0200,
0x897E,	0x0005,
0x8980,	0x0503,
0x8974,	0x0101,
0x291E,	0x0103,
0x9062,	0x03FF,
0x906E,	0x03FF,
0x9046,	0x077E,
0x3BB2,	0x0100,
0x3C42,	0x01A0,
0x3C44,	0x415F,
0x3C46,	0x00C4,
0x3C48,	0x30C3,
0x9080,	0x0006,
0x92FC,	0x0101,
0x0AC2,	0x0514,
0x20B6,	0x0003,
0x20B8,	0x0003,
0x20BA,	0x0003,
0x20BC,	0x0003,
0x20BE,	0x0003,
0x20C0,	0x0003,
0x20C2,	0x0003,
0x20C4,	0x0003,
0x20C6,	0x0003,
0x20C8,	0x0003,
0x0BEC,	0x0131,
0x0C42,	0x03C0,
0x2690,	0x03C0,
0x12D6,	0x992C,
0x12D8,	0xA4C2,
0x12DC,	0x0109,
0x12D4,	0x86FD,
0x0C50,	0xFCCF,
0x0C52,	0x7D3F,
0x0C5E,	0x0000,
0x26A8,	0x0022,
0x26A4,	0x0036,
0x26A6,	0x0036,
0x12DA,	0x20A0,
0x0D14,	0x80F1,
0x0BDC,	0x2C2C,
0x0BE6,	0x8C40,
0x0BE8,	0xAC40,
0x0B52,	0x0E06,
0x0B56,	0x0E06,
0x0B58,	0x0606,
0x0B6A,	0x0206,
0x0B6E,	0x0206,
0x0B70,	0x0606,
0x0B82,	0x0202,
0x0B86,	0x0202,
0x0B88,	0x0202,
0x0BB2,	0x1313,
0x0BB6,	0x1313,
0x0BB8,	0x130B,
0x0BBA,	0x130E,
0x0BCE,	0x1313,
0x0BD0,	0x1313,
0x0BD2,	0x130E,
0x7DD4,	0x0100,
0x9090,	0x0100,
0x90A2,	0x0100,
0x9100,	0x0211,
0x9140,	0x0200,
0x9110,	0x0200,
0x0CC0,	0x0000,
0x0CC2,	0x0000,
0x0CCE,	0x0000,
0x0CE4,	0x0000,
0x0CFA,	0x0000,
0x1AD4,	0x0101,
0x1AD6,	0x0101,
0x2866,	0x0002,
0x3B28,	0x0107,
0x3B2A,	0x0000,
0x1316,	0x0010,
0x131A,	0x000A,
0x6DB2,	0x0001,
0x6DB4,	0x0521,
0x6DB6,	0x2500,
0x6DB8,	0x0000,
0x6DBA,	0x0000,
0x6DBC,	0x0000,
0x6DBE,	0x0000,
0x6DC0,	0x0000,
0x6DC2,	0x0000,
0x6DF2,	0x0001,
0x6DF4,	0x0100,
0x6E74,	0x0000,
0x6E76,	0x0420,
0x6E78,	0x2400,
0x6EB4,	0x0009,
0x6EB6,	0x0D29,
0x6EB8,	0x2D00,
0x6D70,	0x0000,
0x6D72,	0x0105,
0x6D74,	0x2125,
0x6D76,	0x0000,
0x6D78,	0x0000,
0x6D7A,	0x0000,
0x6D7C,	0x0000,
0x6D7E,	0x0000,
0x6D80,	0x0000,
0x6DF6,	0x0420,
0x6DF8,	0x2400,
0x6E34,	0x0009,
0x6E36,	0x0D29,
0x6E38,	0x2D00,
0x7162,	0x0000,
0x7164,	0x0000,
0x7166,	0x0000,
0x7168,	0x0000,
0x7172,	0x0000,
0x7174,	0x0000,
0x7176,	0x0000,
0x7178,	0x0000,
0x7182,	0x0000,
0x7184,	0x0000,
0x7186,	0x0000,
0x7188,	0x0000,
0x7192,	0x0000,
0x7194,	0x0000,
0x7196,	0x0000,
0x7198,	0x0000,
0x716A,	0x0000,
0x716C,	0x0000,
0x716E,	0x0000,
0x7170,	0x0000,
0x717A,	0x0000,
0x717C,	0x0000,
0x717E,	0x0000,
0x7180,	0x0000,
0x718A,	0x0000,
0x718C,	0x0000,
0x718E,	0x0000,
0x7190,	0x0000,
0x719A,	0x0000,
0x719C,	0x0000,
0x719E,	0x0000,
0x71A0,	0x0000,
0x71A2,	0x0000,
0x71A4,	0x0000,
0x71A6,	0x0000,
0x71A8,	0x0000,
0x71B2,	0x0000,
0x71B4,	0x0000,
0x71B6,	0x0000,
0x71B8,	0x0000,
0x71C2,	0x0000,
0x71C4,	0x0000,
0x71C6,	0x0000,
0x71C8,	0x0000,
0x71D2,	0x0000,
0x71D4,	0x0000,
0x71D6,	0x0000,
0x71D8,	0x0000,
0x71AA,	0x0000,
0x71AC,	0x0000,
0x71AE,	0x0000,
0x71B0,	0x0000,
0x71BA,	0x0000,
0x71BC,	0x0000,
0x71BE,	0x0000,
0x71C0,	0x0000,
0x71CA,	0x0000,
0x71CC,	0x0000,
0x71CE,	0x0000,
0x71D0,	0x0000,
0x71DA,	0x0000,
0x71DC,	0x0000,
0x71DE,	0x0000,
0x71E0,	0x0000,
0xB2F8,	0x0000,
0xB2FA,	0x0320,
0xB2FE,	0x0000,
0xB300,	0x0001,
0xB302,	0x0002,
0xB304,	0x0004,
0xB306,	0x0006,
0xB308,	0x0008,
0xB30A,	0x000A,
0xB30C,	0x000C,
0xB30E,	0x000F,
0xB310,	0x0012,
0xB312,	0x0016,
0xB314,	0x0021,
0xB316,	0x005A,
0xB318,	0x00C0,
0xB31A,	0x00F0,
0xB31C,	0x011C,
0xB31E,	0x0120,
0xB320,	0x0130,
0xB322,	0x02C0,
0xB324,	0x0320,
0xB326,	0x08C0,
0xB328,	0x16C0,
0xB32A,	0x3200,
0xB32C,	0x3FF0,
0xB32E,	0xFFFF,
0xB330,	0xFFFF,
0xB332,	0xFFFF,
0xB334,	0xFFFF,
0xB336,	0xFFFF,
0xB338,	0xFFFF,
0xB33A,	0xFFFF,
0xB33C,	0xFFFF,
0xB33E,	0x1263,
0xB340,	0x1263,
0xB342,	0x1252,
0xB344,	0x1231,
0xB346,	0x1211,
0xB348,	0x11F0,
0xB34A,	0x11CF,
0xB34C,	0x11AF,
0xB34E,	0x1180,
0xB350,	0x1165,
0xB352,	0x1140,
0xB354,	0x10FB,
0xB356,	0x1091,
0xB358,	0x1071,
0xB35A,	0x1063,
0xB35C,	0x1056,
0xB35E,	0x1055,
0xB360,	0x1052,
0xB362,	0x102C,
0xB364,	0x1028,
0xB366,	0x1012,
0xB368,	0x1001,
0xB36A,	0x1000,
0xB36C,	0x1000,
0xB36E,	0x1000,
0xB370,	0x1000,
0xB372,	0x1000,
0xB374,	0x1000,
0xB376,	0x1000,
0xB378,	0x1000,
0xB37A,	0x1000,
0xB37C,	0x1000,
0xB37E,	0x0D00,
0xB390,	0x1301,
0xB3E8,	0x1301,
0xFCFC,	0x2002,
0xA03E,	0x001F,
0xA04A,	0x0000,
0xA08A,	0x0000,
0xA08C,	0x0000,
0xA08E,	0x007D,
0xA090,	0x007D,
0xA092,	0x007D,
0xA094,	0x007D,
0xA096,	0x007D,
0xA040,	0x0102,
0xFCFC,	0x2000,
0x4490,	0x0000,
0x4492,	0x0065,
0x5510,	0x0000,
0x5524,	0x0180,
0x5526,	0x0180,
0x428A,	0x00FF,
0x428C,	0xFFFF,
0x428E,	0xFFFF,
0x4290,	0xFFFF,
0x550A,	0x0102,
0x13A2,	0x0001,
0x5508,	0x4040,
0x54AA,	0x0703,
0x54AC,	0x0508,
0x5426,	0x0100,
0x543E,	0x0000,
0x542A,	0x05DC,
0x538C,	0x0000,
0x538E,	0x0000,
0x538A,	0x0001,
0x4482,	0x0101,
0x4484,	0x0100,
0x12CA,	0x0002,
0x1320,	0x0101,
0x12EA,	0x0100,
0x12F0,	0x0100,
0x4486,	0x0000,
0x448A,	0x0100,
0x448C,	0x0101,
0x1348,	0x5000,
0x1352,	0x8300,
0x1366,	0x0400,
0x54BE,	0x0010,
0x54DC,	0x0144,
0x54C0,	0x0006,
0x54DE,	0x0036,
0x54C2,	0x0008,
0x54E0,	0x0010,
0x54C4,	0x0004,
0x54E2,	0x0016,
0x54C6,	0x0004,
0x54E4,	0x0010,
0x54C8,	0x0008,
0x54E6,	0x0006,
0x54CA,	0x0004,
0x54E8,	0x0006,
0x54CC,	0x0004,
0x54EA,	0x0006,
0x54CE,	0x0002,
0x54EC,	0x0010,
0x54D0,	0x0002,
0x54EE,	0x0006,
0x5556,	0x0010,
0x4BDC,	0x0000,
0x4BDE,	0x0000,
0x4BE6,	0x0200,
0x4BF8,	0x0200,
0x4BEA,	0x0020,
0x4BFC,	0x0020,
0x4BEC,	0x0200,
0x4BFE,	0x0200,
0x4D74,	0x0000,
0x4D76,	0x0000,
0x4D78,	0x0000,
0x4D7A,	0x0000,
0x4BE8,	0x0200,
0x4BFA,	0x0200,
0x4E14,	0x0000,
0x4E16,	0x0000,
0x4E18,	0x0000,
0x4E1A,	0x0000,
0x4EB4,	0x0000,
0x4EB6,	0x0000,
0x4EB8,	0x0000,
0x4EBA,	0x0000,
0x4F54,	0x0000,
0x4F56,	0x0000,
0x4F58,	0x0000,
0x4F5A,	0x0000,
0x56DA,	0x004B,
0x56F2,	0x004B,
0x570A,	0x004B,
0x57CA,	0x0008,
0x5AFA,	0x006B,
0x5B2A,	0x005E,
0x6622,	0x0093,
0x7CEA,	0x0047,
0x7E82,	0x0002,
0x68F2,	0x0010,
0x6922,	0x0030,
0x5AB2,	0x002D,
0x660A,	0x0019,
0x7D92,	0x014F,
0x582A,	0x0008,
0x57B4,	0x0008,
0x57CC,	0x0008,
0x57FC,	0x0008,
0x582C,	0x0008,
0x5994,	0x001E,
0x5A24,	0x001E,
0x5AB4,	0x002D,
0x5AFC,	0x006B,
0x5B14,	0x006B,
0x5B2C,	0x005E,
0x5B44,	0x005E,
0x660C,	0x0019,
0x6624,	0x0093,
0x6654,	0x0093,
0x7CEC,	0x0047,
0x7D7C,	0x00AF,
0x7D94,	0x00A0,
0x7E84,	0x0002,
0x57BC,	0x0008,
0x57D4,	0x0008,
0x5804,	0x0008,
0x5834,	0x0008,
0x599C,	0x001E,
0x5A2C,	0x001E,
0x5ABC,	0x002D,
0x5B04,	0x006B,
0x5B1C,	0x006B,
0x5B34,	0x005E,
0x5B4C,	0x005E,
0x6614,	0x0019,
0x662C,	0x0093,
0x665C,	0x0093,
0x68FC,	0x0010,
0x6914,	0x0029,
0x692C,	0x0030,
0x7CF4,	0x0047,
0x7D84,	0x00AF,
0x7D9C,	0x00CB,
0x7E8C,	0x0002,
0x7EA4,	0x0047,
0x59FC,	0x0023,
0x59CC,	0x007D,
0x56E6,	0x004B,
0x56FE,	0x004B,
0x5716,	0x004B,
0x5836,	0x0008,
0x7CF6,	0x0047,
0x5B06,	0x006B,
0x5B1E,	0x006B,
0x5B36,	0x005E,
0x5B4E,	0x005E,
0x662E,	0x0093,
0x665E,	0x0093,
0x57D6,	0x0008,
0x5806,	0x0008,
0x599E,	0x001E,
0x59FE,	0x0023,
0x68FE,	0x0010,
0x6916,	0x0029,
0x692E,	0x0030,
0x7D9E,	0x00CB,
0x7D86,	0x00AF,
0x7EA6,	0x0047,
0x7EA8,	0x0047,
0x5838,	0x0008,
0x7CF8,	0x0047,
0x5B08,	0x006B,
0x5B20,	0x006B,
0x5B38,	0x005E,
0x5B50,	0x005E,
0x6630,	0x0093,
0x6660,	0x0093,
0x57D8,	0x0008,
0x5808,	0x0008,
0x5A00,	0x0023,
0x6900,	0x0010,
0x6918,	0x0029,
0x6930,	0x0030,
0x583C,	0x0008,
0x5A04,	0x0323,
0x5AC4,	0x0028,
0x5ADC,	0x0028,
0x661C,	0x0019,
0x6634,	0x00CF,
0x664C,	0x0019,
0x6664,	0x0101,
0x5B0C,	0x00AC,
0x5B24,	0x00DE,
0x5B3C,	0x009F,
0x5B54,	0x00D1,
0x6904,	0x0016,
0x691C,	0x0035,
0x6934,	0x0035,
0x7CFC,	0x005F,
0x7D14,	0x005F,
0x7D8C,	0x00AF,
0x7DA4,	0x011C,
0x7DBC,	0x00FC,
0x7EAC,	0x005F,
0x13A0,	0x0002,
0x5536,	0x1000,
0x1330,	0x2350,
0x1334,	0x2250,
0x137E,	0x14FF,
0x1464,	0x09C4,
0xFCFC,	0x2001,
0x26AA,	0x0000,
0x136A,	0x0043,
0x1372,	0x3308,
0x395A,	0x7F02,
0x3FD8,	0x0100,
0x4C3C,	0x0000,
0x3FEC,	0x0200,
0x3FFE,	0x070F,
0x4004,	0x0006,
0x3FE2,	0x00FF,
0x4010,	0x0100,
0x3FD0,	0x0010,
0x3FD2,	0x000C,
0x3FE8,	0x2009,
0x3FEA,	0x0901,
0xAACA,	0x0000,
0xB2E4,	0x0001,
0xB47A,	0x1000,
0xB47C,	0x0000,
0xB47E,	0x0565,
0x1AD8,	0x0101,
0x1A4C,	0x0102,
0x1982,	0x0000,
0x7C30,	0x0000,
0x7C34,	0x0001,
0x7C36,	0xB308,
0x291A,	0x0000,
0x79F0,	0x0000,
0x9048,	0x0000,
0x904A,	0x0000,
0x904C,	0x0000,
0x904E,	0x0000,
0x9050,	0x0000,
0x9054,	0x0000,
0x9056,	0x0000,
0x9058,	0x0000,
0x905A,	0x0000,
0x0C14,	0x0000,
0x0C16,	0x0000,
0x0C18,	0x0000,
0x0C1A,	0x0000,
0xFCFC,	0x2000,
0x4BE2,	0x0000,
0x4BF4,	0x0200,
0x4C06,	0x0200,
0x51D4,	0x0000,
0x51D6,	0x0000,
0x51D8,	0x0000,
0x51DA,	0x0000,
0x51DC,	0x0000,
0x51DE,	0x0000,
0x51E0,	0x0000,
0x51E2,	0x0000,
0x4BE0,	0x0000,
0x4BEE,	0x0000,
0x4C00,	0x0000,
0x4FF4,	0x0000,
0x4FF6,	0x0000,
0x4FF8,	0x0000,
0x4FFA,	0x0000,
0x4BF0,	0x0000,
0x4C02,	0x0000,
0x5094,	0x0000,
0x5096,	0x0000,
0x5098,	0x0000,
0x509A,	0x0000,
0x509C,	0x0000,
0x509E,	0x0000,
0x50A0,	0x0000,
0x50A2,	0x0000,
0x50A4,	0x0000,
0x50A6,	0x0000,
0x50A8,	0x0000,
0x50AA,	0x0000,
0x50AC,	0x0000,
0x50AE,	0x0000,
0x50B0,	0x0000,
0x50B2,	0x0000,
0xFCFC,	0x4000,
0xBA8C,	0x0040,
0xBA90,	0x0021,
0xFEFA,	0x0000,
0xFEFC,	0x0000,
0xF33A,	0x000C,
0xFD7C,	0x000C,
0xF338,	0x0022,
0xFD7A,	0x0022,
0xF31E,	0x000D,
0xF32A,	0x000D,
0xF320,	0x000D,
0xF32C,	0x000D,
0xFCFC,	0x2001,
0x0C04,	0x2E28,
0x0C0A,	0x2E28,
0x19E4,	0x0001,
0x7C48,	0x03C0,
0x2872,	0x0000,
0x26B2,	0x0000,
0x26B4,	0x0000,
0x26B6,	0x0000,
0x26C4,	0x0000,
0x26B8,	0x0000,
0x26C6,	0x0000,
0x26BA,	0x0000,
0x26C8,	0x0000,
0x26BC,	0x0000,
0x26CA,	0x0000,
0x26BE,	0x0000,
0x26CC,	0x0000,
0x26C0,	0x0000,
0x26CE,	0x0000,
0x26C2,	0x0000,
0x26D0,	0x0000,
0x26D2,	0x0000,
0x26B0,	0x0100,
0x2874,	0x0000,
0x2876,	0x0000,
0x2878,	0x0000,
0x287A,	0x0000,
0x287C,	0x0000,
0x287E,	0x0000,
0x2880,	0x0000,
0x2882,	0x0000,
0x2886,	0x0000,
0x2888,	0x0000,
0x288A,	0x0000,
0x288C,	0x0000,
0x288E,	0x0000,
0x2890,	0x0000,
0x2892,	0x0000,
0x2894,	0x0000,
0x2898,	0x0020,
0x289A,	0x0020,
0x289C,	0x0020,
0x289E,	0x0000,
0x28A0,	0x0000,
0x28A2,	0x0000,
0x28A4,	0x0000,
0x28A6,	0x0000,
0x28CE,	0x0000,
0x28D0,	0x0000,
0x28D2,	0x0000,
0x28D4,	0x0000,
0x28D6,	0x0000,
0x28D8,	0x0000,
0x28DA,	0x0000,
0x28DC,	0x0000,
0x28AA,	0x0000,
0x28BC,	0x0000,
0x28AC,	0x0000,
0x28BE,	0x0000,
0x28AE,	0x0000,
0x28C0,	0x0000,
0x28B0,	0x0000,
0x28C2,	0x0000,
0x28B2,	0x0000,
0x28C4,	0x0000,
0x28B4,	0x0000,
0x28C6,	0x0000,
0x28B6,	0x0000,
0x28C8,	0x0000,
0x28B8,	0x0000,
0x28CA,	0x0000,
0xFCFC,	0x2000,
0x1300,	0x0001,
0xFCFC,	0x2002,
0xA044,	0x0001,
0xA046,	0x0101,
0xAE90,	0x0000,
0xAE9A,	0x0001,
0xFCFC,	0x4001,
0x0606,	0x0024,
0x0608,	0x0014,
0x060A,	0x0034,
0xFCFC,	0x4000,
0x020C,	0x0002,
};

//video iDCG
static u16 addr_data_pair_custom6[] = {
0xFCFC,	0x4000,
0x0B30,	0x0000,
0xFCFC,	0x4000,
0x6214,	0xFFFF,
0x6216,	0xFFFF,
0x6218,	0xFFFF,
0xA100,	0xFFFF,
0xFCFC,	0x4001,
0x0100,	0xFFFF,
0x2100,	0xFFFF,
0xFCFC,	0x4000,
0x8100,	0xFFFF,
0x621A,	0x0000,
0x621C,	0x0000,
0x6220,	0x0000,
0xA102,	0x0000,
0xFCFC,	0x4001,
0x0102,	0x0000,
0x2102,	0x0000,
0xFCFC,	0x4000,
0x8102,	0x0000,
0x0344,	0x0010,
0x0348,	0x3FCF,
0x0346,	0x0610,
0x034A,	0x2A0F,
0x034C,	0x0FF0,
0x034E,	0x08F8,
0x0340,	0x0F72,
0x0342,	0x41D0,
0x0900,	0x3244,
0x0380,	0x0004,
0x0382,	0x0004,
0x0384,	0x0004,
0x0386,	0x0004,
0x040C,	0x0000,
0x0400,	0x1010,
0x0408,	0x0100,
0x040A,	0x0100,
0x0350,	0x0000,
0x0352,	0x0004,
0x0136,	0x1800,
0x013E,	0x0000,
0x0304,	0x0003,
0x0306,	0x00FA,
0x030C,	0x0001,
0x030E,	0x0003,
0x0310,	0x00AA,
0x0312,	0x0001,
0x031A,	0x0002,
0x031C,	0x0026,
0x031E,	0x0002,
0x0B08,	0x0100,
0x0202,	0x0014,
0x022C,	0x0014,
0x0226,	0x0014,
0x0702,	0x0000,
0x0704,	0x0000,
0x0B02,	0x0102,
0x0B04,	0x0011,
0x0BE2,	0x0000,
0x0BC2,	0x0000,
0x0BC4,	0x0000,
0x021E,	0x0500,
0x0228,	0x0100,
0x0722,	0x2000,
0x0112,	0x0A0C,
0x0114,	0x0301,
0x0118,	0x0004,
0x011A,	0x0001,
0x011C,	0x0101,
0x0270,	0x2B2B,
0x0272,	0x2C10,
0x0260,	0x0000,
0x0262,	0x0000,
0x0264,	0x0102,
0x0266,	0x0000,
0x0274,	0x3030,
0x0720,	0x0001,
0x0724,	0x0001,
0x0728,	0x07F8,
0x072A,	0x023C,
0x072C,	0x01FC,
0x072E,	0x023C,
0xFCFC,	0x2001,
0x9000,	0x0300,
0x9082,	0x0100,
0xFCFC,	0x2000,
0x14B8,	0x0000,
0x4294,	0xFF16,
0x4296,	0x7FFF,
0x4298,	0xBA84,
0x429A,	0x0200,
0x429C,	0xBA86,
0x429E,	0x0400,
0x42A0,	0xBA88,
0x42A2,	0x0200,
0x42A4,	0xBA8A,
0x42A6,	0x0200,
0x42BC,	0xFF16,
0x42BE,	0x7FFF,
0x42C0,	0xBA84,
0x42C2,	0x0200,
0x42C4,	0xBA86,
0x42C6,	0x0400,
0x42C8,	0xBA88,
0x42CA,	0x0200,
0x42CC,	0xBA8A,
0x42CE,	0x0200,
0x42E4,	0xFF16,
0x42E6,	0x0000,
0x442A,	0x000A,
0x443A,	0x000F,
0x4428,	0x0000,
0x4438,	0x0005,
0x4424,	0x0014,
0x4434,	0x0015,
0x4432,	0x001F,
0x4442,	0x001F,
0x4430,	0x001A,
0x4440,	0x001A,
0x442C,	0x0024,
0x443C,	0x0024,
0xFCFC,	0x2001,
0x9270,	0x0000,
0x9306,	0x0400,
0x9308,	0x0400,
0x930A,	0x0400,
0x9D62,	0x0032,
0x9D64,	0x0032,
0x9D66,	0x0028,
0x9D68,	0x001E,
0x9D6A,	0x001E,
0x9D6C,	0x001E,
0x9D72,	0x0032,
0x9D74,	0x0032,
0x9D76,	0x0028,
0x9D78,	0x001E,
0x9D7A,	0x001E,
0x9D7C,	0x001E,
0x9D82,	0x0032,
0x9D84,	0x0032,
0x9D86,	0x0028,
0x9D88,	0x001E,
0x9D8A,	0x001E,
0x9D8C,	0x001E,
0x9D92,	0x0032,
0x9D94,	0x0032,
0x9D96,	0x0028,
0x9D98,	0x001E,
0x9D9A,	0x001E,
0x9D9C,	0x001E,
0x9DA2,	0x0050,
0x9DA4,	0x0032,
0x9DA6,	0x0032,
0x9DA8,	0x0028,
0x9DAA,	0x0028,
0x9DAC,	0x0028,
0x9DB2,	0x0001,
0x9DB4,	0x0001,
0x9DB6,	0x0001,
0x9DB8,	0x0001,
0x9DBA,	0x0001,
0x9DBC,	0x0001,
0x928C,	0x5C5C,
0x928E,	0x2F36,
0x9290,	0x6E68,
0x92A8,	0x0E00,
0x92B4,	0x303C,
0x9852,	0x070F,
0x9854,	0x070F,
0x9856,	0x0677,
0x9858,	0x05C3,
0x985A,	0x0534,
0x985C,	0x0534,
0x92D0,	0xFFFF,
0x92D2,	0xFFFF,
0x92D4,	0xFFFF,
0x92F4,	0xFFFF,
0x92F6,	0xFFFF,
0x92F8,	0xFFFF,
0x7DB2,	0x03FF,
0xFCFC,	0x2001,
0x94B6,	0x0258,
0x94B8,	0x0258,
0x94BA,	0x0258,
0x94BC,	0x0258,
0x94BE,	0x0258,
0x94C0,	0x0258,
0x94D2,	0x0190,
0x94D4,	0x0190,
0x94D6,	0x0190,
0x94D8,	0x0190,
0x94DA,	0x0190,
0x94DC,	0x0190,
0x94EE,	0x01F4,
0x94F0,	0x01F4,
0x94F2,	0x01F4,
0x94F4,	0x01F4,
0x94F6,	0x01F4,
0x94F8,	0x01F4,
0x9276,	0x0101,
0x9278,	0x0101,
0x927A,	0x0109,
0x92E2,	0x00BE,
0x92E4,	0x00BE,
0x92E6,	0x00BE,
0x92E8,	0x27D8,
0x92EA,	0x27D8,
0x92EC,	0x27D8,
0x988A,	0x0001,
0x988C,	0x0001,
0x988E,	0x0001,
0x9890,	0x0001,
0x9892,	0x0001,
0x9894,	0x0001,
0x9606,	0x001E,
0x9608,	0x001E,
0x960A,	0x001E,
0x960C,	0x001E,
0x960E,	0x001E,
0x9610,	0x001E,
0x9836,	0x0000,
0x9838,	0x0001,
0x983A,	0x0001,
0x983C,	0x0001,
0x983E,	0x0001,
0x9840,	0x0001,
0x1984,	0x0000,
0x19A2,	0x0100,
0x19F8,	0x0200,
0x19FA,	0x0800,
0x19E6,	0x0002,
0x19E8,	0x0008,
0x19EC,	0x0200,
0x19EE,	0x0400,
0x19F0,	0x0800,
0x231A,	0x0001,
0x2372,	0x0006,
0x2326,	0x0000,
0x2342,	0x0014,
0x232A,	0x0001,
0x2374,	0x0000,
0x238C,	0x0001,
0x2376,	0x0000,
0x238E,	0x0001,
0x2344,	0x0014,
0x232C,	0x0001,
0x237E,	0x0000,
0x2396,	0x0001,
0x234C,	0x0014,
0x2334,	0x0001,
0x23A4,	0x0001,
0x2380,	0x0000,
0x2398,	0x0001,
0x234E,	0x0014,
0x2336,	0x0001,
0x2382,	0x0000,
0x239A,	0x0001,
0x2350,	0x0014,
0x2338,	0x0001,
0x2354,	0x006C,
0x233C,	0x05A1,
0x2386,	0x0000,
0x239E,	0x0001,
0x3B22,	0x0100,
0x3A9E,	0x0202,
0x3AA0,	0x0201,
0x3B2C,	0x0040,
0x3AD4,	0x0101,
0x3AE6,	0x0000,
0x3AF2,	0x0014,
0x8180,	0x0001,
0x818E,	0x0FF0,
0x8190,	0x08F8,
0x0AF2,	0x0C09,
0x0AF4,	0x0000,
0x0ACE,	0x0A28,
0x39B0,	0x0200,
0x399C,	0x0000,
0x399E,	0x0000,
0xBDC0,	0x0000,
0xBDC2,	0x0001,
0x2950,	0x0000,
0x3950,	0x8822,
0xB440,	0x0000,
0xA780,	0x0000,
0xA78C,	0x0C20,
0xA790,	0x0010,
0xA7AA,	0x0000,
0xA8EC,	0x0100,
0xA922,	0x0000,
0xA924,	0x0000,
0xA926,	0x0000,
0xA936,	0x0080,
0xA938,	0x0080,
0xA940,	0x0080,
0xA942,	0x0000,
0xA944,	0x0001,
0xA948,	0x0001,
0x1310,	0x00E4,
0x3BB0,	0x0204,
0x9350,	0x0100,
0x8A24,	0x0001,
0x8A26,	0x0001,
0x8A12,	0x0101,
0x918C,	0xFFFF,
0x8A18,	0x0000,
0x8A1A,	0x0000,
0x26FC,	0x0000,
0x271C,	0x0002,
0x204A,	0x0B82,
0x2052,	0x0070,
0x2054,	0x003A,
0x2078,	0x0809,
0x2204,	0x0220,
0x0E74,	0x030F,
0x0E76,	0x030F,
0x2726,	0x0507,
0x3A78,	0xFF01,
0x3A50,	0x0100,
0x897A,	0x0040,
0x8986,	0x0100,
0x898A,	0x2100,
0x899C,	0x0000,
0x89EA,	0x0200,
0x89EC,	0x0200,
0x89EE,	0x0200,
0x89F0,	0x0200,
0x897E,	0x0005,
0x8980,	0x0503,
0x8974,	0x0101,
0x291E,	0x0103,
0x9062,	0x03FF,
0x906E,	0x03FF,
0x9046,	0x077E,
0x3BB2,	0x0100,
0x3C42,	0x01A0,
0x3C44,	0x415F,
0x3C46,	0x00C4,
0x3C48,	0x30C3,
0x9080,	0x0004,
0x92FC,	0x0101,
0x0AC2,	0x0514,
0x20B6,	0x0003,
0x20B8,	0x0003,
0x20BA,	0x0003,
0x20BC,	0x0003,
0x20BE,	0x0003,
0x20C0,	0x0003,
0x20C2,	0x0003,
0x20C4,	0x0003,
0x20C6,	0x0003,
0x20C8,	0x0003,
0x0BEC,	0x0131,
0x0C42,	0x03C0,
0x2690,	0x03C0,
0x12D6,	0x992C,
0x12D8,	0xA4C2,
0x12DC,	0x0109,
0x12D4,	0x86FD,
0x0C50,	0xFCCF,
0x0C52,	0x7D3F,
0x0C5E,	0x0000,
0x26A8,	0x0022,
0x26A4,	0x0036,
0x26A6,	0x0036,
0x12DA,	0x20A0,
0x0D14,	0x80F1,
0x0BDC,	0x2C2C,
0x0BE6,	0x8C40,
0x0BE8,	0xAC40,
0x0B52,	0x0E06,
0x0B56,	0x0E06,
0x0B58,	0x0606,
0x0B6A,	0x0206,
0x0B6E,	0x0206,
0x0B70,	0x0606,
0x0B82,	0x0202,
0x0B86,	0x0202,
0x0B88,	0x0202,
0x0BB2,	0x1313,
0x0BB6,	0x1313,
0x0BB8,	0x130B,
0x0BBA,	0x130E,
0x0BCE,	0x1313,
0x0BD0,	0x1313,
0x0BD2,	0x130E,
0x7DD4,	0x0100,
0x9090,	0x0100,
0x90A2,	0x0100,
0x9100,	0x0211,
0x9140,	0x0200,
0x9110,	0x0200,
0x0CC0,	0x0000,
0x0CC2,	0x0000,
0x0CCE,	0x0000,
0x0CE4,	0x0000,
0x0CFA,	0x0000,
0x1AD4,	0x0101,
0x1AD6,	0x0101,
0x2866,	0x0002,
0x3B28,	0x0107,
0x3B2A,	0x0000,
0x1316,	0x0010,
0x131A,	0x000A,
0x6DB2,	0x0001,
0x6DB4,	0x0521,
0x6DB6,	0x2500,
0x6DB8,	0x0000,
0x6DBA,	0x0000,
0x6DBC,	0x0000,
0x6DBE,	0x0000,
0x6DC0,	0x0000,
0x6DC2,	0x0000,
0x6DF2,	0x0001,
0x6DF4,	0x0100,
0x6E74,	0x0000,
0x6E76,	0x0420,
0x6E78,	0x2400,
0x6EB4,	0x0009,
0x6EB6,	0x0D29,
0x6EB8,	0x2D00,
0x6D70,	0x0000,
0x6D72,	0x0105,
0x6D74,	0x2125,
0x6D76,	0x0000,
0x6D78,	0x0000,
0x6D7A,	0x0000,
0x6D7C,	0x0000,
0x6D7E,	0x0000,
0x6D80,	0x0000,
0x6DF6,	0x0420,
0x6DF8,	0x2400,
0x6E34,	0x0009,
0x6E36,	0x0D29,
0x6E38,	0x2D00,
0x7162,	0x0000,
0x7164,	0x0000,
0x7166,	0x0000,
0x7168,	0x0000,
0x7172,	0x0000,
0x7174,	0x0000,
0x7176,	0x0000,
0x7178,	0x0000,
0x7182,	0x0000,
0x7184,	0x0000,
0x7186,	0x0000,
0x7188,	0x0000,
0x7192,	0x0000,
0x7194,	0x0000,
0x7196,	0x0000,
0x7198,	0x0000,
0x716A,	0x0000,
0x716C,	0x0000,
0x716E,	0x0000,
0x7170,	0x0000,
0x717A,	0x0000,
0x717C,	0x0000,
0x717E,	0x0000,
0x7180,	0x0000,
0x718A,	0x0000,
0x718C,	0x0000,
0x718E,	0x0000,
0x7190,	0x0000,
0x719A,	0x0000,
0x719C,	0x0000,
0x719E,	0x0000,
0x71A0,	0x0000,
0x71A2,	0x0000,
0x71A4,	0x0000,
0x71A6,	0x0000,
0x71A8,	0x0000,
0x71B2,	0x0000,
0x71B4,	0x0000,
0x71B6,	0x0000,
0x71B8,	0x0000,
0x71C2,	0x0000,
0x71C4,	0x0000,
0x71C6,	0x0000,
0x71C8,	0x0000,
0x71D2,	0x0000,
0x71D4,	0x0000,
0x71D6,	0x0000,
0x71D8,	0x0000,
0x71AA,	0x0000,
0x71AC,	0x0000,
0x71AE,	0x0000,
0x71B0,	0x0000,
0x71BA,	0x0000,
0x71BC,	0x0000,
0x71BE,	0x0000,
0x71C0,	0x0000,
0x71CA,	0x0000,
0x71CC,	0x0000,
0x71CE,	0x0000,
0x71D0,	0x0000,
0x71DA,	0x0000,
0x71DC,	0x0000,
0x71DE,	0x0000,
0x71E0,	0x0000,
0xB2F8,	0x0000,
0xB2FA,	0x0320,
0xB2FE,	0x0000,
0xB300,	0x0001,
0xB302,	0x0002,
0xB304,	0x0004,
0xB306,	0x0006,
0xB308,	0x0008,
0xB30A,	0x000A,
0xB30C,	0x000C,
0xB30E,	0x000F,
0xB310,	0x0012,
0xB312,	0x0016,
0xB314,	0x0021,
0xB316,	0x005A,
0xB318,	0x00C0,
0xB31A,	0x00F0,
0xB31C,	0x011C,
0xB31E,	0x0120,
0xB320,	0x0130,
0xB322,	0x02C0,
0xB324,	0x0320,
0xB326,	0x08C0,
0xB328,	0x16C0,
0xB32A,	0x3200,
0xB32C,	0x3FF0,
0xB32E,	0xFFFF,
0xB330,	0xFFFF,
0xB332,	0xFFFF,
0xB334,	0xFFFF,
0xB336,	0xFFFF,
0xB338,	0xFFFF,
0xB33A,	0xFFFF,
0xB33C,	0xFFFF,
0xB33E,	0x1263,
0xB340,	0x1263,
0xB342,	0x1252,
0xB344,	0x1231,
0xB346,	0x1211,
0xB348,	0x11F0,
0xB34A,	0x11CF,
0xB34C,	0x11AF,
0xB34E,	0x1180,
0xB350,	0x1165,
0xB352,	0x1140,
0xB354,	0x10FB,
0xB356,	0x1091,
0xB358,	0x1071,
0xB35A,	0x1063,
0xB35C,	0x1056,
0xB35E,	0x1055,
0xB360,	0x1052,
0xB362,	0x102C,
0xB364,	0x1028,
0xB366,	0x1012,
0xB368,	0x1001,
0xB36A,	0x1000,
0xB36C,	0x1000,
0xB36E,	0x1000,
0xB370,	0x1000,
0xB372,	0x1000,
0xB374,	0x1000,
0xB376,	0x1000,
0xB378,	0x1000,
0xB37A,	0x1000,
0xB37C,	0x1000,
0xB37E,	0x0D00,
0xB390,	0x1301,
0xB3E8,	0x1301,
0xFCFC,	0x2002,
0xA03E,	0x001F,
0xA04A,	0x0000,
0xA08A,	0x0000,
0xA08C,	0x0000,
0xA08E,	0x007D,
0xA090,	0x007D,
0xA092,	0x007D,
0xA094,	0x007D,
0xA096,	0x007D,
0xA040,	0x0102,
0xFCFC,	0x2000,
0x4490,	0x0000,
0x4492,	0x0065,
0x5510,	0x0000,
0x5524,	0x0180,
0x5526,	0x0180,
0x428A,	0x00FF,
0x428C,	0xFFFF,
0x428E,	0xFFFF,
0x4290,	0xFFFF,
0x550A,	0x0102,
0x13A2,	0x0001,
0x5508,	0x4040,
0x54AA,	0x0703,
0x54AC,	0x0508,
0x5426,	0x0100,
0x543E,	0x0000,
0x542A,	0x05DC,
0x538C,	0x0000,
0x538E,	0x0000,
0x538A,	0x0001,
0x4482,	0x0101,
0x4484,	0x0100,
0x12CA,	0x0002,
0x1320,	0x0101,
0x12EA,	0x0100,
0x12F0,	0x0100,
0x4486,	0x0000,
0x448A,	0x0100,
0x448C,	0x0101,
0x1348,	0x5000,
0x1352,	0x8300,
0x1366,	0x0400,
0x54BE,	0x0010,
0x54DC,	0x0144,
0x54C0,	0x0006,
0x54DE,	0x0036,
0x54C2,	0x0008,
0x54E0,	0x0010,
0x54C4,	0x0004,
0x54E2,	0x0016,
0x54C6,	0x0004,
0x54E4,	0x0010,
0x54C8,	0x0008,
0x54E6,	0x0006,
0x54CA,	0x0004,
0x54E8,	0x0006,
0x54CC,	0x0004,
0x54EA,	0x0006,
0x54CE,	0x0002,
0x54EC,	0x0010,
0x54D0,	0x0002,
0x54EE,	0x0006,
0x5556,	0x0010,
0x4BDC,	0x0000,
0x4BDE,	0x0000,
0x4BE6,	0x0200,
0x4BF8,	0x0200,
0x4BEA,	0x0020,
0x4BFC,	0x0020,
0x4BEC,	0x0200,
0x4BFE,	0x0200,
0x4D74,	0x0000,
0x4D76,	0x0000,
0x4D78,	0x0000,
0x4D7A,	0x0000,
0x4BE8,	0x0200,
0x4BFA,	0x0200,
0x4E14,	0x0000,
0x4E16,	0x0000,
0x4E18,	0x0000,
0x4E1A,	0x0000,
0x4EB4,	0x0000,
0x4EB6,	0x0000,
0x4EB8,	0x0000,
0x4EBA,	0x0000,
0x4F54,	0x0000,
0x4F56,	0x0000,
0x4F58,	0x0000,
0x4F5A,	0x0000,
0x56DA,	0x004B,
0x56F2,	0x004B,
0x570A,	0x004B,
0x57CA,	0x0008,
0x5AFA,	0x006B,
0x5B2A,	0x005E,
0x6622,	0x0093,
0x7CEA,	0x0047,
0x7E82,	0x0002,
0x68F2,	0x0010,
0x6922,	0x0030,
0x5AB2,	0x002D,
0x660A,	0x0019,
0x7D92,	0x014F,
0x582A,	0x0008,
0x57B4,	0x0008,
0x57CC,	0x0008,
0x57FC,	0x0008,
0x582C,	0x0008,
0x5994,	0x001E,
0x5A24,	0x001E,
0x5AB4,	0x002D,
0x5AFC,	0x006B,
0x5B14,	0x006B,
0x5B2C,	0x005E,
0x5B44,	0x005E,
0x660C,	0x0019,
0x6624,	0x0093,
0x6654,	0x0093,
0x7CEC,	0x0047,
0x7D7C,	0x00AF,
0x7D94,	0x00A0,
0x7E84,	0x0002,
0x57BC,	0x0008,
0x57D4,	0x0008,
0x5804,	0x0008,
0x5834,	0x0008,
0x599C,	0x001E,
0x5A2C,	0x001E,
0x5ABC,	0x002D,
0x5B04,	0x006B,
0x5B1C,	0x006B,
0x5B34,	0x005E,
0x5B4C,	0x005E,
0x6614,	0x0019,
0x662C,	0x0093,
0x665C,	0x0093,
0x68FC,	0x0010,
0x6914,	0x0029,
0x692C,	0x0030,
0x7CF4,	0x0047,
0x7D84,	0x00AF,
0x7D9C,	0x00CB,
0x7E8C,	0x0002,
0x7EA4,	0x0047,
0x59FC,	0x0023,
0x59CC,	0x007D,
0x56E6,	0x004B,
0x56FE,	0x004B,
0x5716,	0x004B,
0x5836,	0x0008,
0x7CF6,	0x0047,
0x5B06,	0x006B,
0x5B1E,	0x006B,
0x5B36,	0x005E,
0x5B4E,	0x005E,
0x662E,	0x0093,
0x665E,	0x0093,
0x57D6,	0x0008,
0x5806,	0x0008,
0x599E,	0x001E,
0x59FE,	0x0023,
0x68FE,	0x0010,
0x6916,	0x0029,
0x692E,	0x0030,
0x7D9E,	0x00CB,
0x7D86,	0x00AF,
0x7EA6,	0x0047,
0x7EA8,	0x0047,
0x5838,	0x0008,
0x7CF8,	0x0047,
0x5B08,	0x006B,
0x5B20,	0x006B,
0x5B38,	0x005E,
0x5B50,	0x005E,
0x6630,	0x0093,
0x6660,	0x0093,
0x57D8,	0x0008,
0x5808,	0x0008,
0x5A00,	0x0023,
0x6900,	0x0010,
0x6918,	0x0029,
0x6930,	0x0030,
0x583C,	0x0008,
0x5A04,	0x0323,
0x5AC4,	0x0028,
0x5ADC,	0x0028,
0x661C,	0x0019,
0x6634,	0x00CF,
0x664C,	0x0019,
0x6664,	0x0101,
0x5B0C,	0x00AC,
0x5B24,	0x00DE,
0x5B3C,	0x009F,
0x5B54,	0x00D1,
0x6904,	0x0016,
0x691C,	0x0035,
0x6934,	0x0035,
0x7CFC,	0x005F,
0x7D14,	0x005F,
0x7D8C,	0x00AF,
0x7DA4,	0x011C,
0x7DBC,	0x00FC,
0x7EAC,	0x005F,
0x13A0,	0x0002,
0x5536,	0x1000,
0x1330,	0x2350,
0x1334,	0x2250,
0x137E,	0x14FF,
0x1464,	0x09C4,
0xFCFC,	0x2001,
0x26AA,	0x0000,
0x136A,	0x0043,
0x1372,	0x3308,
0x395A,	0x7F02,
0x3FD8,	0x0100,
0x4C3C,	0x0000,
0x3FEC,	0x0200,
0x3FFE,	0x070F,
0x4004,	0x0006,
0x3FE2,	0x00FF,
0x4010,	0x0100,
0x3FD0,	0x0010,
0x3FD2,	0x000C,
0x3FE8,	0x2009,
0x3FEA,	0x0901,
0xAACA,	0x0000,
0xB2E4,	0x0001,
0xB47A,	0x1000,
0xB47C,	0x0000,
0xB47E,	0x0565,
0x1AD8,	0x0101,
0x1A4C,	0x0102,
0x1982,	0x0000,
0x7C30,	0x0000,
0x7C34,	0x0001,
0x7C36,	0xB308,
0x291A,	0x0000,
0x79F0,	0x0000,
0x9048,	0x0000,
0x904A,	0x0000,
0x904C,	0x0000,
0x904E,	0x0000,
0x9050,	0x0000,
0x9054,	0x0000,
0x9056,	0x0000,
0x9058,	0x0000,
0x905A,	0x0000,
0x0C14,	0x0000,
0x0C16,	0x0000,
0x0C18,	0x0000,
0x0C1A,	0x0000,
0xFCFC,	0x2000,
0x4BE2,	0x0000,
0x4BF4,	0x0200,
0x4C06,	0x0200,
0x51D4,	0x0000,
0x51D6,	0x0000,
0x51D8,	0x0000,
0x51DA,	0x0000,
0x51DC,	0x0000,
0x51DE,	0x0000,
0x51E0,	0x0000,
0x51E2,	0x0000,
0x4BE0,	0x0000,
0x4BEE,	0x0000,
0x4C00,	0x0000,
0x4FF4,	0x0000,
0x4FF6,	0x0000,
0x4FF8,	0x0000,
0x4FFA,	0x0000,
0x4BF0,	0x0000,
0x4C02,	0x0000,
0x5094,	0x0000,
0x5096,	0x0000,
0x5098,	0x0000,
0x509A,	0x0000,
0x509C,	0x0000,
0x509E,	0x0000,
0x50A0,	0x0000,
0x50A2,	0x0000,
0x50A4,	0x0000,
0x50A6,	0x0000,
0x50A8,	0x0000,
0x50AA,	0x0000,
0x50AC,	0x0000,
0x50AE,	0x0000,
0x50B0,	0x0000,
0x50B2,	0x0000,
0xFCFC,	0x4000,
0xBA8C,	0x0040,
0xBA90,	0x0021,
0xFEFA,	0x0000,
0xFEFC,	0x0000,
0xF33A,	0x000C,
0xFD7C,	0x000C,
0xF338,	0x0022,
0xFD7A,	0x0022,
0xF31E,	0x000D,
0xF32A,	0x000D,
0xF320,	0x000D,
0xF32C,	0x000D,
0xFCFC,	0x2001,
0x0C04,	0x2E28,
0x0C0A,	0x2E28,
0x19E4,	0x0001,
0x7C48,	0x03C0,
0x2872,	0x0000,
0x26B2,	0x0000,
0x26B4,	0x0000,
0x26B6,	0x0000,
0x26C4,	0x0000,
0x26B8,	0x0000,
0x26C6,	0x0000,
0x26BA,	0x0000,
0x26C8,	0x0000,
0x26BC,	0x0000,
0x26CA,	0x0000,
0x26BE,	0x0000,
0x26CC,	0x0000,
0x26C0,	0x0000,
0x26CE,	0x0000,
0x26C2,	0x0000,
0x26D0,	0x0000,
0x26D2,	0x0000,
0x26B0,	0x0100,
0x2874,	0x0000,
0x2876,	0x0000,
0x2878,	0x0000,
0x287A,	0x0000,
0x287C,	0x0000,
0x287E,	0x0000,
0x2880,	0x0000,
0x2882,	0x0000,
0x2886,	0x0000,
0x2888,	0x0000,
0x288A,	0x0000,
0x288C,	0x0000,
0x288E,	0x0000,
0x2890,	0x0000,
0x2892,	0x0000,
0x2894,	0x0000,
0x2898,	0x0020,
0x289A,	0x0020,
0x289C,	0x0020,
0x289E,	0x0000,
0x28A0,	0x0000,
0x28A2,	0x0000,
0x28A4,	0x0000,
0x28A6,	0x0000,
0x28CE,	0x0000,
0x28D0,	0x0000,
0x28D2,	0x0000,
0x28D4,	0x0000,
0x28D6,	0x0000,
0x28D8,	0x0000,
0x28DA,	0x0000,
0x28DC,	0x0000,
0x28AA,	0x0000,
0x28BC,	0x0000,
0x28AC,	0x0000,
0x28BE,	0x0000,
0x28AE,	0x0000,
0x28C0,	0x0000,
0x28B0,	0x0000,
0x28C2,	0x0000,
0x28B2,	0x0000,
0x28C4,	0x0000,
0x28B4,	0x0000,
0x28C6,	0x0000,
0x28B6,	0x0000,
0x28C8,	0x0000,
0x28B8,	0x0000,
0x28CA,	0x0000,
0xFCFC,	0x2000,
0x1300,	0x0001,
0xFCFC,	0x2002,
0xA044,	0x0001,
0xA046,	0x0101,
0xAE90,	0x0000,
0xAE9A,	0x0001,
0xFCFC,	0x4001,
0x0606,	0x0024,
0x0608,	0x0014,
0x060A,	0x0034,
0xFCFC,	0x4000,
0x020C,	0x0002,
};

//200m
static u16 addr_data_pair_custom7[] = {
0xFCFC,	0x4000,
0x0B30,	0x0000,
0xFCFC,	0x4000,
0x6214,	0xFFFF,
0x6216,	0xFFFF,
0x6218,	0xFFFF,
0xA100,	0xFFFF,
0xFCFC,	0x4001,
0x0100,	0xFFFF,
0x2100,	0xFFFF,
0xFCFC,	0x4000,
0x8100,	0xFFFF,
0x621A,	0x0000,
0x621C,	0x0000,
0x6220,	0x0000,
0xA102,	0x0000,
0xFCFC,	0x4001,
0x0102,	0x0000,
0x2102,	0x0000,
0xFCFC,	0x4000,
0x8102,	0x0000,
0x0344,	0x0010,
0x0348,	0x3FCF,
0x0346,	0x0028,
0x034A,	0x2FF7,
0x034C,	0x3FC0,
0x034E,	0x2FD0,
0x0340,	0x30A2,
0x0342,	0x53A0,
0x0900,	0x0011,
0x0380,	0x0001,
0x0382,	0x0001,
0x0384,	0x0001,
0x0386,	0x0001,
0x040C,	0x0000,
0x0400,	0x1010,
0x0408,	0x0100,
0x040A,	0x0100,
0x0350,	0x0000,
0x0352,	0x0000,
0x0136,	0x1800,
0x013E,	0x0000,
0x0304,	0x0003,
0x0306,	0x00FA,
0x030C,	0x0001,
0x030E,	0x0003,
0x0310,	0x00A0,
0x0312,	0x0000,
0x031A,	0x0002,
0x031C,	0x0026,
0x031E,	0x0002,
0x0B08,	0x0101,
0x0202,	0x0014,
0x022C,	0x0014,
0x0226,	0x0014,
0x0702,	0x0000,
0x0704,	0x0000,
0x0B02,	0x0101,
0x0B04,	0x0011,
0x0BE2,	0x0000,
0x0BC2,	0x0000,
0x0BC4,	0x0000,
0x021E,	0x0000,
0x0228,	0x0100,
0x0722,	0x0800,
0x0112,	0x0A0A,
0x0114,	0x0301,
0x0118,	0x0004,
0x011A,	0x0001,
0x011C,	0x0101,
0x0270,	0x2B2B,
0x0272,	0x2B10,
0x0260,	0x0001,
0x0262,	0x0200,
0x0264,	0x0102,
0x0266,	0x0000,
0x0274,	0x3030,
0x0720,	0x0000,
0x0724,	0x0001,
0x0728,	0x07F8,
0x072A,	0x02FD,
0x072C,	0x01FC,
0x072E,	0x02FD,
0xFCFC,	0x2001,
0x9000,	0x0000,
0x9082,	0x0100,
0xFCFC,	0x2000,
0x14B8,	0x0000,
0x4294,	0x0000,
0x4296,	0x0000,
0x4298,	0x0000,
0x429A,	0x0000,
0x429C,	0x0000,
0x429E,	0x0000,
0x42A0,	0x0000,
0x42A2,	0x0000,
0x42A4,	0x0000,
0x42A6,	0x0000,
0x42BC,	0x0000,
0x42BE,	0x0000,
0x42C0,	0x0000,
0x42C2,	0x0000,
0x42C4,	0x0000,
0x42C6,	0x0000,
0x42C8,	0x0000,
0x42CA,	0x0000,
0x42CC,	0x0000,
0x42CE,	0x0000,
0x42E4,	0x0000,
0x42E6,	0x0000,
0x442A,	0x000A,
0x443A,	0x000A,
0x4428,	0x0000,
0x4438,	0x0000,
0x4424,	0x0014,
0x4434,	0x0014,
0x4432,	0x001F,
0x4442,	0x001F,
0x4430,	0x001A,
0x4440,	0x001A,
0x442C,	0x0024,
0x443C,	0x0024,
0xFCFC,	0x2001,
0x9270,	0x0000,
0x9306,	0x0400,
0x9308,	0x0400,
0x930A,	0x0400,
0x9D62,	0x0032,
0x9D64,	0x0032,
0x9D66,	0x0028,
0x9D68,	0x001E,
0x9D6A,	0x001E,
0x9D6C,	0x001E,
0x9D72,	0x0032,
0x9D74,	0x0032,
0x9D76,	0x0028,
0x9D78,	0x001E,
0x9D7A,	0x001E,
0x9D7C,	0x001E,
0x9D82,	0x0032,
0x9D84,	0x0032,
0x9D86,	0x0028,
0x9D88,	0x001E,
0x9D8A,	0x001E,
0x9D8C,	0x001E,
0x9D92,	0x0032,
0x9D94,	0x0032,
0x9D96,	0x0028,
0x9D98,	0x001E,
0x9D9A,	0x001E,
0x9D9C,	0x001E,
0x9DA2,	0x0050,
0x9DA4,	0x0032,
0x9DA6,	0x0032,
0x9DA8,	0x0028,
0x9DAA,	0x0028,
0x9DAC,	0x0028,
0x9DB2,	0x0001,
0x9DB4,	0x0001,
0x9DB6,	0x0001,
0x9DB8,	0x0001,
0x9DBA,	0x0001,
0x9DBC,	0x0001,
0x928C,	0x5C5C,
0x928E,	0x2F36,
0x9290,	0x6E68,
0x92A8,	0x0E00,
0x92B4,	0x303C,
0x9852,	0x070F,
0x9854,	0x070F,
0x9856,	0x0677,
0x9858,	0x05C3,
0x985A,	0x0534,
0x985C,	0x0534,
0x92D0,	0xFFFF,
0x92D2,	0xFFFF,
0x92D4,	0xFFFF,
0x92F4,	0xFFFF,
0x92F6,	0xFFFF,
0x92F8,	0xFFFF,
0x7DB2,	0x03FF,
0xFCFC,	0x2001,
0x94B6,	0x0258,
0x94B8,	0x0258,
0x94BA,	0x0258,
0x94BC,	0x0258,
0x94BE,	0x0258,
0x94C0,	0x0258,
0x94D2,	0x0190,
0x94D4,	0x0190,
0x94D6,	0x0190,
0x94D8,	0x0190,
0x94DA,	0x0190,
0x94DC,	0x0190,
0x94EE,	0x01F4,
0x94F0,	0x01F4,
0x94F2,	0x01F4,
0x94F4,	0x01F4,
0x94F6,	0x01F4,
0x94F8,	0x01F4,
0x9276,	0x0101,
0x9278,	0x0101,
0x927A,	0x0109,
0x92E2,	0x00BE,
0x92E4,	0x00BE,
0x92E6,	0x00BE,
0x92E8,	0x27D8,
0x92EA,	0x27D8,
0x92EC,	0x27D8,
0x988A,	0x0001,
0x988C,	0x0001,
0x988E,	0x0001,
0x9890,	0x0001,
0x9892,	0x0001,
0x9894,	0x0001,
0x9606,	0x001E,
0x9608,	0x001E,
0x960A,	0x001E,
0x960C,	0x001E,
0x960E,	0x001E,
0x9610,	0x001E,
0x9836,	0x0000,
0x9838,	0x0001,
0x983A,	0x0001,
0x983C,	0x0001,
0x983E,	0x0001,
0x9840,	0x0001,
0x1984,	0x0100,
0x19A2,	0x0100,
0x19F8,	0x0000,
0x19FA,	0x0000,
0x19E6,	0x0001,
0x19E8,	0x0001,
0x19EC,	0x0200,
0x19EE,	0x0400,
0x19F0,	0x0800,
0x231A,	0x0022,
0x2372,	0x0007,
0x2326,	0x0000,
0x2342,	0x0030,
0x232A,	0x0318,
0x2374,	0x0030,
0x238C,	0x0074,
0x2376,	0x0000,
0x238E,	0x0001,
0x2344,	0x0014,
0x232C,	0x0001,
0x237E,	0x0000,
0x2396,	0x0001,
0x234C,	0x0014,
0x2334,	0x0001,
0x23A4,	0x0000,
0x2380,	0x0000,
0x2398,	0x0001,
0x234E,	0x0014,
0x2336,	0x0001,
0x2382,	0x0000,
0x239A,	0x0001,
0x2350,	0x0014,
0x2338,	0x0001,
0x2354,	0x0014,
0x233C,	0x0001,
0x2386,	0x0000,
0x239E,	0x0001,
0x3B22,	0x0100,
0x3A9E,	0x0808,
0x3AA0,	0x0101,
0x3B2C,	0x0040,
0x3AD4,	0x0100,
0x3AE6,	0x0000,
0x3AF2,	0x0000,
0x8180,	0x0001,
0x818E,	0x3FC0,
0x8190,	0x3000,
0x0AF2,	0x0C00,
0x0AF4,	0x0000,
0x0ACE,	0x0A28,
0x39B0,	0x0200,
0x399C,	0x0000,
0x399E,	0x0000,
0xBDC0,	0x0000,
0xBDC2,	0x0001,
0x2950,	0x0000,
0x3950,	0x8888,
0xB440,	0x0000,
0xA780,	0x0000,
0xA78C,	0x0C20,
0xA790,	0x0010,
0xA7AA,	0x0000,
0xA8EC,	0x0100,
0xA922,	0x0000,
0xA924,	0x0000,
0xA926,	0x0000,
0xA936,	0x0080,
0xA938,	0x0080,
0xA940,	0x0080,
0xA942,	0x0000,
0xA944,	0x0000,
0xA948,	0x0001,
0x1310,	0x00E4,
0x3BB0,	0x0204,
0x9350,	0x0100,
0x8A24,	0x0004,
0x8A26,	0x0004,
0x8A12,	0x0000,
0x918C,	0xFFFF,
0x8A18,	0x0000,
0x8A1A,	0x0000,
0x26FC,	0x0000,
0x271C,	0x0002,
0x204A,	0x1382,
0x2052,	0x0072,
0x2054,	0x003A,
0x2078,	0x0809,
0x2204,	0x0220,
0x0E74,	0x030F,
0x0E76,	0x030F,
0x2726,	0x0507,
0x3A78,	0xFF01,
0x3A50,	0x0100,
0x897A,	0xFFFF,
0x8986,	0x0200,
0x898A,	0x2101,
0x899C,	0xFF00,
0x89EA,	0x0200,
0x89EC,	0x0200,
0x89EE,	0x0200,
0x89F0,	0x0200,
0x897E,	0x0005,
0x8980,	0x0603,
0x8974,	0x0001,
0x291E,	0x0100,
0x9062,	0x03FF,
0x906E,	0x03FF,
0x9046,	0x077E,
0x3BB2,	0x0100,
0x3C42,	0x01A0,
0x3C44,	0x415F,
0x3C46,	0x00C4,
0x3C48,	0x30C3,
0x9080,	0x0000,
0x92FC,	0x0101,
0x0AC2,	0x0514,
0x20B6,	0x0003,
0x20B8,	0x0003,
0x20BA,	0x0003,
0x20BC,	0x0003,
0x20BE,	0x0003,
0x20C0,	0x0003,
0x20C2,	0x0003,
0x20C4,	0x0003,
0x20C6,	0x0003,
0x20C8,	0x0003,
0x0BEC,	0x0241,
0x0C42,	0x03C0,
0x2690,	0x03C0,
0x12D6,	0x992C,
0x12D8,	0xA4C2,
0x12DC,	0x0109,
0x12D4,	0xA6FD,
0x0C50,	0x2CC5,
0x0C52,	0x7D3F,
0x0C5E,	0x0249,
0x26A8,	0x0022,
0x26A4,	0x0036,
0x26A6,	0x0036,
0x12DA,	0x2020,
0x0D14,	0x80F0,
0x0BDC,	0x002B,
0x0BE6,	0x0240,
0x0BE8,	0x2240,
0x0B52,	0x0E06,
0x0B56,	0x0E06,
0x0B58,	0x0606,
0x0B6A,	0x0206,
0x0B6E,	0x0206,
0x0B70,	0x0606,
0x0B82,	0x0202,
0x0B86,	0x0202,
0x0B88,	0x0202,
0x0BB2,	0x0F13,
0x0BB6,	0x1313,
0x0BB8,	0x130B,
0x0BBA,	0x1313,
0x0BCE,	0x1313,
0x0BD0,	0x1313,
0x0BD2,	0x1313,
0x7DD4,	0x0100,
0x9090,	0x0100,
0x90A2,	0x0100,
0x9100,	0x0211,
0x9140,	0x0200,
0x9110,	0x0200,
0x0CC0,	0x0000,
0x0CC2,	0x0000,
0x0CCE,	0x0000,
0x0CE4,	0x0000,
0x0CFA,	0x0000,
0x1AD4,	0x0101,
0x1AD6,	0x0001,
0x2866,	0x0002,
0x3B28,	0x0008,
0x3B2A,	0x0000,
0x1316,	0x0010,
0x131A,	0x000A,
0x6DB2,	0x0000,
0x6DB4,	0x0000,
0x6DB6,	0x0000,
0x6DB8,	0x0000,
0x6DBA,	0x0000,
0x6DBC,	0x0000,
0x6DBE,	0x0000,
0x6DC0,	0x0000,
0x6DC2,	0x0000,
0x6DF2,	0x0000,
0x6DF4,	0x0000,
0x6E74,	0x0000,
0x6E76,	0x0000,
0x6E78,	0x0000,
0x6EB4,	0x0000,
0x6EB6,	0x0000,
0x6EB8,	0x0000,
0x6D70,	0x0000,
0x6D72,	0x0000,
0x6D74,	0x0000,
0x6D76,	0x0000,
0x6D78,	0x0000,
0x6D7A,	0x0000,
0x6D7C,	0x0000,
0x6D7E,	0x0000,
0x6D80,	0x0000,
0x6DF6,	0x0000,
0x6DF8,	0x0000,
0x6E34,	0x0000,
0x6E36,	0x0000,
0x6E38,	0x0000,
0x7162,	0x0000,
0x7164,	0x0000,
0x7166,	0x0000,
0x7168,	0x0000,
0x7172,	0x0000,
0x7174,	0x0000,
0x7176,	0x0000,
0x7178,	0x0000,
0x7182,	0x0000,
0x7184,	0x0000,
0x7186,	0x0000,
0x7188,	0x0000,
0x7192,	0x0000,
0x7194,	0x0000,
0x7196,	0x0000,
0x7198,	0x0000,
0x716A,	0x0000,
0x716C,	0x0000,
0x716E,	0x0000,
0x7170,	0x0000,
0x717A,	0x0000,
0x717C,	0x0000,
0x717E,	0x0000,
0x7180,	0x0000,
0x718A,	0x0000,
0x718C,	0x0000,
0x718E,	0x0000,
0x7190,	0x0000,
0x719A,	0x0000,
0x719C,	0x0000,
0x719E,	0x0000,
0x71A0,	0x0000,
0x71A2,	0x0000,
0x71A4,	0x0000,
0x71A6,	0x0000,
0x71A8,	0x0000,
0x71B2,	0x0000,
0x71B4,	0x0000,
0x71B6,	0x0000,
0x71B8,	0x0000,
0x71C2,	0x0000,
0x71C4,	0x0000,
0x71C6,	0x0000,
0x71C8,	0x0000,
0x71D2,	0x0000,
0x71D4,	0x0000,
0x71D6,	0x0000,
0x71D8,	0x0000,
0x71AA,	0x0000,
0x71AC,	0x0000,
0x71AE,	0x0000,
0x71B0,	0x0000,
0x71BA,	0x0000,
0x71BC,	0x0000,
0x71BE,	0x0000,
0x71C0,	0x0000,
0x71CA,	0x0000,
0x71CC,	0x0000,
0x71CE,	0x0000,
0x71D0,	0x0000,
0x71DA,	0x0000,
0x71DC,	0x0000,
0x71DE,	0x0000,
0x71E0,	0x0000,
0xB2F8,	0x0000,
0xB2FA,	0x0320,
0xB2FE,	0x0000,
0xB300,	0x0001,
0xB302,	0x0002,
0xB304,	0x0004,
0xB306,	0x0006,
0xB308,	0x0008,
0xB30A,	0x000A,
0xB30C,	0x000C,
0xB30E,	0x000F,
0xB310,	0x0012,
0xB312,	0x0016,
0xB314,	0x0021,
0xB316,	0x005A,
0xB318,	0x00C0,
0xB31A,	0x00F0,
0xB31C,	0x011C,
0xB31E,	0x0120,
0xB320,	0x0130,
0xB322,	0x02C0,
0xB324,	0x0320,
0xB326,	0x08C0,
0xB328,	0x16C0,
0xB32A,	0x3200,
0xB32C,	0x3FF0,
0xB32E,	0xFFFF,
0xB330,	0xFFFF,
0xB332,	0xFFFF,
0xB334,	0xFFFF,
0xB336,	0xFFFF,
0xB338,	0xFFFF,
0xB33A,	0xFFFF,
0xB33C,	0xFFFF,
0xB33E,	0x1263,
0xB340,	0x1263,
0xB342,	0x1252,
0xB344,	0x1231,
0xB346,	0x1211,
0xB348,	0x11F0,
0xB34A,	0x11CF,
0xB34C,	0x11AF,
0xB34E,	0x1180,
0xB350,	0x1165,
0xB352,	0x1140,
0xB354,	0x10FB,
0xB356,	0x1091,
0xB358,	0x1071,
0xB35A,	0x1063,
0xB35C,	0x1056,
0xB35E,	0x1055,
0xB360,	0x1052,
0xB362,	0x102C,
0xB364,	0x1028,
0xB366,	0x1012,
0xB368,	0x1001,
0xB36A,	0x1000,
0xB36C,	0x1000,
0xB36E,	0x1000,
0xB370,	0x1000,
0xB372,	0x1000,
0xB374,	0x1000,
0xB376,	0x1000,
0xB378,	0x1000,
0xB37A,	0x1000,
0xB37C,	0x1000,
0xB37E,	0x0D00,
0xB390,	0x1301,
0xB3E8,	0x1301,
0xFCFC,	0x2002,
0xA03E,	0x001F,
0xA04A,	0x0000,
0xA08A,	0x0000,
0xA08C,	0x0000,
0xA08E,	0x007D,
0xA090,	0x007D,
0xA092,	0x007D,
0xA094,	0x007D,
0xA096,	0x007D,
0xA040,	0x0102,
0xFCFC,	0x2000,
0x4490,	0x0000,
0x4492,	0x0065,
0x5510,	0x0000,
0x5524,	0x0190,
0x5526,	0x0190,
0x428A,	0x00FF,
0x428C,	0xFFFF,
0x428E,	0xFFFF,
0x4290,	0xFFFF,
0x550A,	0x0100,
0x13A2,	0x0001,
0x5508,	0x4040,
0x54AA,	0x0703,
0x54AC,	0x0508,
0x5426,	0x0100,
0x543E,	0x0000,
0x542A,	0x05DC,
0x538C,	0x0000,
0x538E,	0x0000,
0x538A,	0x0001,
0x4482,	0x0101,
0x4484,	0x0100,
0x12CA,	0x0002,
0x1320,	0x0101,
0x12EA,	0x0100,
0x12F0,	0x0100,
0x4486,	0x0000,
0x448A,	0x0100,
0x448C,	0x0101,
0x1348,	0x7000,
0x1352,	0x8300,
0x1366,	0x0100,
0x54BE,	0x0010,
0x54DC,	0x0144,
0x54C0,	0x0006,
0x54DE,	0x0036,
0x54C2,	0x0008,
0x54E0,	0x0010,
0x54C4,	0x0004,
0x54E2,	0x0016,
0x54C6,	0x0004,
0x54E4,	0x0010,
0x54C8,	0x0008,
0x54E6,	0x0006,
0x54CA,	0x0004,
0x54E8,	0x0006,
0x54CC,	0x0004,
0x54EA,	0x0006,
0x54CE,	0x0002,
0x54EC,	0x0010,
0x54D0,	0x0002,
0x54EE,	0x0006,
0x5556,	0x0010,
0x4BDC,	0x0000,
0x4BDE,	0x0000,
0x4BE6,	0x0200,
0x4BF8,	0x0200,
0x4BEA,	0x0020,
0x4BFC,	0x0020,
0x4BEC,	0x0200,
0x4BFE,	0x0200,
0x4D74,	0x0000,
0x4D76,	0x0000,
0x4D78,	0x0000,
0x4D7A,	0x0000,
0x4BE8,	0x0200,
0x4BFA,	0x0200,
0x4E14,	0x0000,
0x4E16,	0x0000,
0x4E18,	0x0000,
0x4E1A,	0x0000,
0x4EB4,	0x0000,
0x4EB6,	0x0000,
0x4EB8,	0x0000,
0x4EBA,	0x0000,
0x4F54,	0x0000,
0x4F56,	0x0000,
0x4F58,	0x0000,
0x4F5A,	0x0000,
0x56DA,	0x0064,
0x56F2,	0x0064,
0x570A,	0x0064,
0x57CA,	0x0016,
0x5AFA,	0x008B,
0x5B2A,	0x007E,
0x6622,	0x00B3,
0x7CEA,	0x0047,
0x7E82,	0x0002,
0x68F2,	0x0014,
0x6922,	0x0034,
0x5AB2,	0x002D,
0x660A,	0x0019,
0x7D92,	0x0147,
0x582A,	0x0001,
0x57B4,	0x0008,
0x57CC,	0x0008,
0x57FC,	0x0008,
0x582C,	0x0008,
0x5994,	0x001E,
0x5A24,	0x001E,
0x5AB4,	0x002D,
0x5AFC,	0x006B,
0x5B14,	0x006B,
0x5B2C,	0x005E,
0x5B44,	0x005E,
0x660C,	0x0019,
0x6624,	0x0093,
0x6654,	0x0093,
0x7CEC,	0x0047,
0x7D7C,	0x00AF,
0x7D94,	0x00A0,
0x7E84,	0x0002,
0x57BC,	0x0008,
0x57D4,	0x0008,
0x5804,	0x0008,
0x5834,	0x0008,
0x599C,	0x001E,
0x5A2C,	0x001E,
0x5ABC,	0x002D,
0x5B04,	0x006B,
0x5B1C,	0x006B,
0x5B34,	0x005E,
0x5B4C,	0x005E,
0x6614,	0x0019,
0x662C,	0x0093,
0x665C,	0x0093,
0x68FC,	0x0010,
0x6914,	0x0029,
0x692C,	0x0030,
0x7CF4,	0x0047,
0x7D84,	0x00AF,
0x7D9C,	0x00CB,
0x7E8C,	0x0002,
0x7EA4,	0x0047,
0x59FC,	0x0023,
0x59CC,	0x007D,
0x56E6,	0x004B,
0x56FE,	0x004B,
0x5716,	0x004B,
0x5836,	0x0008,
0x7CF6,	0x0047,
0x5B06,	0x006B,
0x5B1E,	0x006B,
0x5B36,	0x005E,
0x5B4E,	0x005E,
0x662E,	0x0093,
0x665E,	0x0093,
0x57D6,	0x0008,
0x5806,	0x0008,
0x599E,	0x001E,
0x59FE,	0x0023,
0x68FE,	0x0010,
0x6916,	0x0029,
0x692E,	0x0030,
0x7D9E,	0x00CB,
0x7D86,	0x00AF,
0x7EA6,	0x0047,
0x7EA8,	0x0047,
0x5838,	0x0008,
0x7CF8,	0x0047,
0x5B08,	0x006B,
0x5B20,	0x006B,
0x5B38,	0x005E,
0x5B50,	0x005E,
0x6630,	0x0093,
0x6660,	0x0093,
0x57D8,	0x0008,
0x5808,	0x0008,
0x5A00,	0x0023,
0x6900,	0x0010,
0x6918,	0x0029,
0x6930,	0x0030,
0x583C,	0x0008,
0x5A04,	0x0023,
0x5AC4,	0x0069,
0x5ADC,	0x0069,
0x661C,	0x0055,
0x6634,	0x0093,
0x664C,	0x0055,
0x6664,	0x0093,
0x5B0C,	0x006B,
0x5B24,	0x006B,
0x5B3C,	0x005E,
0x5B54,	0x005E,
0x6904,	0x0010,
0x691C,	0x0030,
0x6934,	0x0030,
0x7CFC,	0x0055,
0x7D14,	0x0055,
0x7D8C,	0x0118,
0x7DA4,	0x0131,
0x7DBC,	0x0131,
0x7EAC,	0x0055,
0x13A0,	0x0002,
0x5536,	0x1000,
0x1330,	0x26DE,
0x1334,	0x25FD,
0x137E,	0x20FF,
0x1464,	0x09C4,
0xFCFC,	0x2001,
0x26AA,	0x0000,
0x136A,	0x0043,
0x1372,	0x3308,
0x395A,	0x7F7F,
0x3FD8,	0x0100,
0x4C3C,	0x0000,
0x3FEC,	0x0200,
0x3FFE,	0x0608,
0x4004,	0x0006,
0x3FE2,	0x00FF,
0x4010,	0x0000,
0x3FD0,	0x0010,
0x3FD2,	0x000C,
0x3FE8,	0x20FF,
0x3FEA,	0xFF00,
0xAACA,	0x0000,
0xB2E4,	0x0101,
0xB47A,	0x1000,
0xB47C,	0x0000,
0xB47E,	0x00F5,
0x1AD8,	0x0101,
0x1A4C,	0x0002,
0x1982,	0x0000,
0x7C30,	0x0000,
0x7C34,	0x0001,
0x7C36,	0xB308,
0x291A,	0x0000,
0x79F0,	0x0000,
0x9048,	0x0000,
0x904A,	0x0000,
0x904C,	0x0000,
0x904E,	0x0000,
0x9050,	0x0000,
0x9054,	0x0000,
0x9056,	0x0000,
0x9058,	0x0000,
0x905A,	0x0000,
0x0C14,	0x0000,
0x0C16,	0x0000,
0x0C18,	0x0000,
0x0C1A,	0x0000,
0xFCFC,	0x2000,
0x4BE2,	0x0000,
0x4BF4,	0x0200,
0x4C06,	0x0200,
0x51D4,	0x0000,
0x51D6,	0x0000,
0x51D8,	0x0000,
0x51DA,	0x0000,
0x51DC,	0x0000,
0x51DE,	0x0000,
0x51E0,	0x0000,
0x51E2,	0x0000,
0x4BE0,	0x0000,
0x4BEE,	0x0000,
0x4C00,	0x0000,
0x4FF4,	0x0000,
0x4FF6,	0x0000,
0x4FF8,	0x0000,
0x4FFA,	0x0000,
0x4BF0,	0x0000,
0x4C02,	0x0000,
0x5094,	0x0000,
0x5096,	0x0000,
0x5098,	0x0000,
0x509A,	0x0000,
0x509C,	0x0000,
0x509E,	0x0000,
0x50A0,	0x0000,
0x50A2,	0x0000,
0x50A4,	0x0000,
0x50A6,	0x0000,
0x50A8,	0x0000,
0x50AA,	0x0000,
0x50AC,	0x0000,
0x50AE,	0x0000,
0x50B0,	0x0000,
0x50B2,	0x0000,
0xFCFC,	0x4000,
0xBA8C,	0x0000,
0xBA90,	0x0000,
0xFEFA,	0x0000,
0xFEFC,	0x0000,
0xF33A,	0x0008,
0xFD7C,	0x000A,
0xF338,	0x0022,
0xFD7A,	0x0022,
0xF31E,	0x0000,
0xF32A,	0x0000,
0xF320,	0x0000,
0xF32C,	0x0000,
0xFCFC,	0x2001,
0x0C04,	0x2E28,
0x0C0A,	0x2E28,
0x19E4,	0x0001,
0x7C48,	0x03C0,
0x2872,	0x0000,
0x26B2,	0xFDA2,
0x26B4,	0xFDA0,
0x26B6,	0x0040,
0x26C4,	0x001B,
0x26B8,	0x0080,
0x26C6,	0x0024,
0x26BA,	0x0100,
0x26C8,	0x002B,
0x26BC,	0x0200,
0x26CA,	0x0030,
0x26BE,	0x0200,
0x26CC,	0x0030,
0x26C0,	0x0200,
0x26CE,	0x0030,
0x26C2,	0x0200,
0x26D0,	0x0030,
0x26D2,	0x0033,
0x26B0,	0x0101,
0x2874,	0x0000,
0x2876,	0x0000,
0x2878,	0x0000,
0x287A,	0x0000,
0x287C,	0x0000,
0x287E,	0x0000,
0x2880,	0x0000,
0x2882,	0x0000,
0x2886,	0x0000,
0x2888,	0x0000,
0x288A,	0x0000,
0x288C,	0x0000,
0x288E,	0x0000,
0x2890,	0x0000,
0x2892,	0x0000,
0x2894,	0x0000,
0x2898,	0x0000,
0x289A,	0x0000,
0x289C,	0x0000,
0x289E,	0x0000,
0x28A0,	0x0000,
0x28A2,	0x0000,
0x28A4,	0x0000,
0x28A6,	0x0000,
0x28CE,	0x0000,
0x28D0,	0x0000,
0x28D2,	0x0000,
0x28D4,	0x0000,
0x28D6,	0x0000,
0x28D8,	0x0000,
0x28DA,	0x0000,
0x28DC,	0x0000,
0x28AA,	0x0000,
0x28BC,	0x0000,
0x28AC,	0x0000,
0x28BE,	0x0000,
0x28AE,	0x0000,
0x28C0,	0x0000,
0x28B0,	0x0000,
0x28C2,	0x0000,
0x28B2,	0x0000,
0x28C4,	0x0000,
0x28B4,	0x0000,
0x28C6,	0x0000,
0x28B6,	0x0000,
0x28C8,	0x0000,
0x28B8,	0x0000,
0x28CA,	0x0000,
0xFCFC,	0x2000,
0x1300,	0x0001,
0xFCFC,	0x2002,
0xA044,	0x0001,
0xA046,	0x0101,
0xAE90,	0x0000,
0xAE9A,	0x0001,
0xFCFC,	0x4001,
0x0606,	0x0024,
0x0608,	0x0014,
0x060A,	0x0034,
0xFCFC,	0x4000,
0x020C,	0x0000,
};

//LN2 seamless
static u16 s5khp3sp_seamless_custom2[] = {
0xFCFC,	0x4000,
0x0340,	0x0F70,
0x0136,	0x1800,
0x013E,	0x0000,
0x0304,	0x0003,
0x0306,	0x00FA,
0x030C,	0x0001,
0x030E,	0x0003,
0x0310,	0x00AA,
0x0312,	0x0001,
0x031A,	0x0002,
0x031C,	0x0026,
0x031E,	0x0002,
0xFCFC,	0x2001,
0x19EC,	0x0200,
0x19EE,	0x0400,
0x19F0,	0x0800,
0xAACA,	0x0000,
0xB2E4,	0x0101,
0xB47A,	0x1000,
0xB47C,	0x0000,
0xB47E,	0x00F5,
0x1AD8,	0x0101,
0x1A4C,	0x0002,
0x1982,	0x0000,
0xFCFC,	0x4000,
0x0B30,	0x0100,
};

//2X seamless
static u16 s5khp3sp_seamless_custom3[] = {
0xFCFC,	0x4000,
0x0340,	0x1250,
0x0136,	0x1800,
0x013E,	0x0000,
0x0304,	0x0003,
0x0306,	0x00DC,
0x030C,	0x0001,
0x030E,	0x0003,
0x0310,	0x00AA,
0x0312,	0x0001,
0x031A,	0x0002,
0x031C,	0x0026,
0x031E,	0x0002,
0xFCFC,	0x2001,
0x19EC,	0x0100,
0x19EE,	0x0400,
0x19F0,	0x0400,
0xAACA,	0x0000,
0xB2E4,	0x0101,
0xB47A,	0x1000,
0xB47C,	0x0000,
0xB47E,	0x00F5,
0x1AD8,	0x0101,
0x1A4C,	0x0002,
0x1982,	0x0000,
0xFCFC,	0x4000,
0x0B30,	0x0101,
};

//4X seamless
static u16 s5khp3sp_seamless_custom4[] = {
0xFCFC,	0x4000,
0x0340,	0x0CCF,
0x0136,	0x1800,
0x013E,	0x0000,
0x0304,	0x0003,
0x0306,	0x00FA,
0x030C,	0x0001,
0x030E,	0x0003,
0x0310,	0x00AA,
0x0312,	0x0001,
0x031A,	0x0003,
0x031C,	0x0037,
0x031E,	0x0002,
0xFCFC,	0x2001,
0x19EC,	0x0100,
0x19EE,	0x0400,
0x19F0,	0x0400,
0xAACA,	0x0000,
0xB2E4,	0x0101,
0xB47A,	0x1000,
0xB47C,	0x0000,
0xB47E,	0x00F5,
0x1AD8,	0x0101,
0x1A4C,	0x0002,
0x1982,	0x0000,
0xFCFC,	0x4000,
0x0B30,	0x0102,
};

//capture iDCG seamless
static u16 s5khp3sp_seamless_custom5[] = {
0xFCFC,	0x4000,
0x0340,	0x0F70,
0x0136,	0x1800,
0x013E,	0x0000,
0x0304,	0x0003,
0x0306,	0x00FA,
0x030C,	0x0001,
0x030E,	0x0003,
0x0310,	0x00AA,
0x0312,	0x0001,
0x031A,	0x0002,
0x031C,	0x0026,
0x031E,	0x0002,
0xFCFC,	0x2001,
0x19EC,	0x0200,
0x19EE,	0x0400,
0x19F0,	0x0800,
0xAACA,	0x0000,
0xB2E4,	0x0001,
0xB47A,	0x1000,
0xB47C,	0x0000,
0xB47E,	0x0565,
0x1AD8,	0x0101,
0x1A4C,	0x0102,
0x1982,	0x0000,
0xFCFC,	0x4000,
0x0B30,	0x0103,
};

#endif
